Date,Product,Category,Quantity,Price,Sales,Customer_ID,Region,Payment_Method,Customer_Type,Discount
2023-01-01,Smartphone,Electronics,1,884.59,751.9,CUST1965,Greater Accra,Card,Retail,0.15
2023-01-01,Mouse,Accessories,10,18.76,153.83,CUST1712,Greater Accra,Cash,Wholesale,0.18
2023-01-02,USB Drive,Accessories,4,15.21,58.41,CUST1968,Central,Cash,Retail,0.04
2023-01-02,Phone Case,Accessories,1,28.13,27.29,CUST1685,Greater Accra,Cash,Retail,0.03
2023-01-02,Keyboard,Accessories,7,91.28,549.51,CUST1830,Greater Accra,Cash,Wholesale,0.14
2023-01-02,Laptop,Electronics,11,996.59,9646.99,CUST1195,Bono,Mobile Money,Wholesale,0.12
2023-01-02,Tablet,Electronics,2,436.64,724.82,CUST1925,Northern,Card,Wholesale,0.17
2023-01-03,Monitor,Electronics,5,244.3,1050.49,CUST1606,Western,Cash,Retail,0.14
2023-01-03,Webcam,Electronics,3,75.5,197.06,CUST1913,Ashanti,Cash,Retail,0.13
2023-01-04,Phone Case,Accessories,2,11.37,22.51,CUST1776,Eastern,Mobile Money,Retail,0.01
2023-01-04,Laptop,Electronics,6,1251.14,6530.95,CUST1964,Greater Accra,Mobile Money,Retail,0.13
2023-01-05,USB Drive,Accessories,5,35.47,140.11,CUST1150,Volta,Card,Wholesale,0.21
2023-01-05,Mouse,Accessories,2,43.88,86.88,CUST1351,Northern,Cash,Retail,0.01
2023-01-05,Phone Case,Accessories,13,11.5,133.06,CUST1740,Ashanti,Card,Wholesale,0.11
2023-01-05,Phone Case,Accessories,1,39.76,36.98,CUST1648,Greater Accra,Mobile Money,Retail,0.07
2023-01-05,Webcam,Electronics,1,109.95,94.56,CUST1575,Greater Accra,Cash,Retail,0.14
2023-01-06,Smartphone,Electronics,1,1077.1,1001.7,CUST1080,Western,Bank Transfer,Retail,0.07
2023-01-06,Smartphone,Electronics,3,822.27,2121.46,CUST1311,Greater Accra,Mobile Money,Retail,0.14
2023-01-06,Phone Case,Accessories,2,40.19,75.56,CUST1624,Ashanti,Mobile Money,Retail,0.06
2023-01-08,Phone Case,Accessories,1,38.11,33.16,CUST1773,Greater Accra,Cash,Retail,0.13
2023-01-09,Mouse,Accessories,1,36.27,35.91,CUST1574,Greater Accra,Card,Retail,0.01
2023-01-10,Desk Lamp,Furniture,2,41.98,71.37,CUST1684,Eastern,Mobile Money,Retail,0.15
2023-01-10,Headphones,Electronics,3,81.85,240.64,CUST1753,Eastern,Mobile Money,Retail,0.02
2023-01-10,Mouse,Accessories,1,15.43,13.42,CUST1617,Central,Card,Retail,0.13
2023-01-11,Tablet,Electronics,1,430.22,387.2,CUST1424,Greater Accra,Mobile Money,Retail,0.1
2023-01-11,Headphones,Electronics,13,122.93,1406.32,CUST1673,Eastern,Mobile Money,Retail,0.12
2023-01-11,Phone Case,Accessories,3,10.05,28.04,CUST1270,Northern,Bank Transfer,Retail,0.07
2023-01-12,Tablet,Electronics,5,510.43,2424.54,CUST1914,Greater Accra,Mobile Money,Wholesale,0.05
2023-01-12,Keyboard,Accessories,1,102.24,100.2,CUST1428,Eastern,Mobile Money,Retail,0.02
2023-01-13,Desk Lamp,Furniture,5,52.84,264.2,CUST1959,Greater Accra,Mobile Money,Retail,0.0
2023-01-13,Mouse,Accessories,1,49.45,44.01,CUST1189,Greater Accra,Card,Retail,0.11
2023-01-13,Phone Case,Accessories,1,13.47,12.53,CUST1279,Greater Accra,Card,Retail,0.07
2023-01-15,Phone Case,Accessories,3,20.95,60.96,CUST1233,Greater Accra,Mobile Money,Retail,0.03
2023-01-15,Monitor,Electronics,1,242.5,213.4,CUST1811,Northern,Cash,Retail,0.12
2023-01-15,Smartphone,Electronics,1,1177.06,1129.98,CUST1689,Greater Accra,Cash,Retail,0.04
2023-01-15,Desk Lamp,Furniture,1,82.46,73.39,CUST1450,Eastern,Mobile Money,Retail,0.11
2023-01-15,Office Chair,Furniture,3,229.27,619.03,CUST1450,Northern,Cash,Retail,0.1
2023-01-15,Webcam,Electronics,1,165.82,162.5,CUST1988,Eastern,Mobile Money,Retail,0.02
2023-01-16,Mouse,Accessories,7,27.06,151.54,CUST1361,Ashanti,Mobile Money,Wholesale,0.2
2023-01-16,Mouse,Accessories,4,21.2,78.86,CUST1275,Ashanti,Card,Retail,0.07
2023-01-16,Phone Case,Accessories,2,41.64,71.62,CUST1664,Northern,Cash,Retail,0.14
2023-01-16,Office Chair,Furniture,9,215.29,1530.71,CUST1624,Central,Cash,Wholesale,0.21
2023-01-16,Smartphone,Electronics,5,986.42,4389.57,CUST1309,Central,Card,Retail,0.11
2023-01-17,Mouse,Accessories,10,28.86,248.2,CUST1554,Ashanti,Cash,Retail,0.14
2023-01-17,Phone Case,Accessories,2,36.79,72.84,CUST1226,Ashanti,Card,Retail,0.01
2023-01-18,Webcam,Electronics,1,177.5,166.85,CUST1618,Ashanti,Card,Retail,0.06
2023-01-18,Keyboard,Accessories,4,102.64,373.61,CUST1345,Ashanti,Card,Retail,0.09
2023-01-18,Desk,Furniture,1,197.93,188.03,CUST1087,Northern,Mobile Money,Retail,0.05
2023-01-18,Desk Lamp,Furniture,1,50.15,44.63,CUST1573,Ashanti,Mobile Money,Retail,0.11
2023-01-19,Desk Lamp,Furniture,2,35.33,69.95,CUST1743,Eastern,Card,Retail,0.01
2023-01-19,Phone Case,Accessories,1,29.38,26.15,CUST1600,Western,Card,Retail,0.11
2023-01-19,Keyboard,Accessories,1,118.74,113.99,CUST1280,Greater Accra,Cash,Retail,0.04
2023-01-19,Monitor,Electronics,6,251.75,1434.97,CUST1172,Eastern,Cash,Retail,0.05
2023-01-20,Phone Case,Accessories,2,38.5,67.76,CUST1704,Volta,Card,Retail,0.12
2023-01-20,Smartphone,Electronics,1,582.26,529.86,CUST1529,Greater Accra,Bank Transfer,Retail,0.09
2023-01-20,Keyboard,Accessories,2,72.07,134.05,CUST1856,Greater Accra,Mobile Money,Retail,0.07
2023-01-20,Keyboard,Accessories,10,100.48,944.51,CUST1586,Greater Accra,Mobile Money,Wholesale,0.06
2023-01-20,Office Chair,Furniture,2,226.53,407.75,CUST1566,Eastern,Bank Transfer,Retail,0.1
2023-01-20,Phone Case,Accessories,1,19.26,17.72,CUST1778,Greater Accra,Card,Retail,0.08
2023-01-21,Office Chair,Furniture,2,216.54,376.78,CUST1101,Eastern,Mobile Money,Retail,0.13
2023-01-23,Phone Case,Accessories,2,38.71,73.55,CUST1230,Northern,Mobile Money,Retail,0.05
2023-01-23,USB Drive,Accessories,5,13.74,55.65,CUST1266,Ashanti,Cash,Wholesale,0.19
2023-01-23,Office Chair,Furniture,4,178.11,712.44,CUST1556,Bono,Mobile Money,Retail,0.0
2023-01-23,Mouse,Accessories,1,48.96,44.55,CUST1916,Volta,Bank Transfer,Retail,0.09
2023-01-24,Desk,Furniture,4,568.38,2023.43,CUST1644,Greater Accra,Mobile Money,Retail,0.11
2023-01-24,Keyboard,Accessories,8,106.13,730.17,CUST1183,Greater Accra,Bank Transfer,Retail,0.14
2023-01-25,Tablet,Electronics,1,224.35,210.89,CUST1598,Ashanti,Card,Retail,0.06
2023-01-26,Keyboard,Accessories,7,41.64,262.33,CUST1646,Eastern,Mobile Money,Wholesale,0.1
2023-01-26,USB Drive,Accessories,1,24.68,19.5,CUST1411,Volta,Card,Wholesale,0.21
2023-01-29,Headphones,Electronics,3,63.69,175.78,CUST1064,Eastern,Card,Retail,0.08
2023-01-30,Keyboard,Accessories,7,66.7,401.53,CUST1906,Western,Cash,Retail,0.14
2023-01-30,Office Chair,Furniture,1,343.88,309.49,CUST1638,Central,Mobile Money,Retail,0.1
2023-01-30,Phone Case,Accessories,1,13.08,12.16,CUST1375,Central,Cash,Retail,0.07
2023-01-31,Phone Case,Accessories,11,26.69,273.04,CUST1801,Ashanti,Bank Transfer,Retail,0.07
2023-01-31,Phone Case,Accessories,1,25.39,25.14,CUST1842,Ashanti,Bank Transfer,Retail,0.01
2023-01-31,Bookshelf,Furniture,4,271.22,1019.79,CUST1080,Greater Accra,Card,Retail,0.06
2023-01-31,USB Drive,Accessories,2,37.24,64.8,CUST1164,Northern,Cash,Retail,0.13
2023-01-31,Webcam,Electronics,2,99.12,180.4,CUST1034,Western,Mobile Money,Retail,0.09
2023-01-31,Keyboard,Accessories,3,51.6,134.68,CUST1499,Central,Card,Retail,0.13
2023-01-31,USB Drive,Accessories,1,36.64,33.71,CUST1118,Ashanti,Mobile Money,Retail,0.08
2023-01-31,Phone Case,Accessories,1,34.12,32.76,CUST1641,Ashanti,Bank Transfer,Retail,0.04
2023-02-01,Webcam,Electronics,1,114.34,98.33,CUST1136,Central,Mobile Money,Retail,0.14
2023-02-01,Phone Case,Accessories,5,20.51,83.07,CUST1412,Western,Card,Wholesale,0.19
2023-02-02,Desk Lamp,Furniture,2,39.21,67.44,CUST1406,Greater Accra,Mobile Money,Retail,0.14
2023-02-02,Phone Case,Accessories,5,29.52,119.56,CUST1238,Western,Cash,Wholesale,0.19
2023-02-02,Mouse,Accessories,8,27.77,202.17,CUST1522,Greater Accra,Card,Wholesale,0.09
2023-02-02,Phone Case,Accessories,6,27.92,162.49,CUST1485,Eastern,Mobile Money,Retail,0.03
2023-02-02,Desk Lamp,Furniture,1,54.24,47.19,CUST1738,Bono,Card,Retail,0.13
2023-02-03,Mouse,Accessories,1,15.02,14.87,CUST1707,Central,Cash,Retail,0.01
2023-02-03,Smartphone,Electronics,7,378.78,2624.95,CUST1947,Northern,Mobile Money,Retail,0.01
2023-02-03,Desk Lamp,Furniture,7,48.48,285.06,CUST1854,Greater Accra,Bank Transfer,Wholesale,0.16
2023-02-03,Headphones,Electronics,4,105.36,408.8,CUST1037,Ashanti,Card,Retail,0.03
2023-02-03,Tablet,Electronics,2,246.25,448.18,CUST1731,Central,Card,Retail,0.09
2023-02-03,USB Drive,Accessories,2,35.67,67.06,CUST1814,Greater Accra,Card,Retail,0.06
2023-02-03,Keyboard,Accessories,2,36.02,58.35,CUST1654,Greater Accra,Bank Transfer,Wholesale,0.19
2023-02-03,Office Chair,Furniture,1,167.65,144.18,CUST1138,Greater Accra,Mobile Money,Retail,0.14
2023-02-03,Phone Case,Accessories,11,39.2,327.71,CUST1986,Greater Accra,Cash,Wholesale,0.24
2023-02-04,Mouse,Accessories,3,32.73,91.32,CUST1984,Ashanti,Mobile Money,Retail,0.07
2023-02-04,Headphones,Electronics,2,101.83,189.4,CUST1344,Eastern,Mobile Money,Retail,0.07
2023-02-05,Webcam,Electronics,2,86.83,147.61,CUST1301,Bono,Card,Retail,0.15
2023-02-05,Webcam,Electronics,14,110.47,1438.32,CUST1767,Greater Accra,Mobile Money,Retail,0.07
2023-02-06,Mouse,Accessories,8,23.63,181.48,CUST1286,Eastern,Mobile Money,Retail,0.04
2023-02-07,Bookshelf,Furniture,7,133.99,806.62,CUST1199,Greater Accra,Bank Transfer,Retail,0.14
2023-02-07,Desk Lamp,Furniture,6,28.16,155.44,CUST1746,Greater Accra,Card,Retail,0.08
2023-02-07,Mouse,Accessories,1,39.62,36.85,CUST1786,Greater Accra,Cash,Retail,0.07
2023-02-07,Desk Lamp,Furniture,6,41.07,209.46,CUST1885,Greater Accra,Bank Transfer,Retail,0.15
2023-02-08,Desk,Furniture,2,483.73,851.36,CUST1976,Greater Accra,Bank Transfer,Retail,0.12
2023-02-08,Mouse,Accessories,4,29.44,114.23,CUST1590,Eastern,Mobile Money,Retail,0.03
2023-02-08,Desk Lamp,Furniture,2,41.19,72.49,CUST1350,Greater Accra,Cash,Retail,0.12
2023-02-08,USB Drive,Accessories,10,11.42,99.35,CUST1031,Eastern,Card,Retail,0.13
2023-02-09,Desk Lamp,Furniture,3,73.91,188.47,CUST1809,Greater Accra,Cash,Retail,0.15
2023-02-09,Smartphone,Electronics,5,788.03,3349.13,CUST1780,Bono,Card,Wholesale,0.15
2023-02-09,USB Drive,Accessories,6,35.93,204.8,CUST1674,Ashanti,Card,Retail,0.05
2023-02-09,Headphones,Electronics,11,152.9,1597.81,CUST1546,Greater Accra,Mobile Money,Retail,0.05
2023-02-09,Office Chair,Furniture,1,218.64,216.45,CUST1971,Ashanti,Card,Retail,0.01
2023-02-11,Webcam,Electronics,5,138.48,588.54,CUST1886,Central,Mobile Money,Retail,0.15
2023-02-11,Phone Case,Accessories,1,26.76,25.15,CUST1854,Ashanti,Mobile Money,Retail,0.06
2023-02-13,Phone Case,Accessories,4,13.43,48.89,CUST1151,Ashanti,Card,Retail,0.09
2023-02-14,Mouse,Accessories,8,15.33,91.98,CUST1998,Greater Accra,Card,Wholesale,0.25
2023-02-14,Desk,Furniture,1,358.36,354.78,CUST1234,Greater Accra,Mobile Money,Retail,0.01
2023-02-14,Smartphone,Electronics,2,1088.74,1937.96,CUST1367,Volta,Card,Retail,0.11
2023-02-14,Monitor,Electronics,1,366.58,315.26,CUST1015,Ashanti,Mobile Money,Retail,0.14
2023-02-14,Webcam,Electronics,1,75.52,73.25,CUST1164,Ashanti,Bank Transfer,Retail,0.03
2023-02-14,Monitor,Electronics,9,484.58,3314.53,CUST1848,Eastern,Bank Transfer,Wholesale,0.24
2023-02-15,Desk Lamp,Furniture,2,67.28,121.1,CUST1793,Greater Accra,Card,Retail,0.1
2023-02-15,Printer,Electronics,3,436.88,1245.11,CUST1904,Greater Accra,Mobile Money,Retail,0.05
2023-02-15,Monitor,Electronics,10,239.74,2229.58,CUST1952,Western,Mobile Money,Wholesale,0.07
2023-02-15,Webcam,Electronics,2,177.12,308.19,CUST1964,Ashanti,Bank Transfer,Retail,0.13
2023-02-16,Phone Case,Accessories,1,26.76,25.15,CUST1954,Western,Mobile Money,Retail,0.06
2023-02-16,Monitor,Electronics,4,488.45,1797.5,CUST1554,Northern,Mobile Money,Retail,0.08
2023-02-16,Monitor,Electronics,3,437.8,1208.33,CUST1327,Ashanti,Mobile Money,Retail,0.08
2023-02-16,Desk,Furniture,11,198.83,1946.55,CUST1522,Greater Accra,Mobile Money,Wholesale,0.11
2023-02-16,Smartphone,Electronics,1,729.04,626.97,CUST1277,Northern,Mobile Money,Retail,0.14
2023-02-16,Phone Case,Accessories,12,15.19,145.82,CUST1401,Greater Accra,Mobile Money,Wholesale,0.2
2023-02-16,Office Chair,Furniture,4,294.81,1084.9,CUST1929,Central,Mobile Money,Wholesale,0.08
2023-02-16,Desk Lamp,Furniture,3,29.37,74.89,CUST1797,Eastern,Bank Transfer,Retail,0.15
2023-02-17,Keyboard,Accessories,5,78.05,378.54,CUST1885,Greater Accra,Mobile Money,Retail,0.03
2023-02-17,Mouse,Accessories,1,38.22,36.69,CUST1134,Northern,Bank Transfer,Retail,0.04
2023-02-17,Headphones,Electronics,1,162.52,156.02,CUST1730,Greater Accra,Cash,Retail,0.04
2023-02-17,Mouse,Accessories,1,41.12,39.48,CUST1045,Greater Accra,Bank Transfer,Retail,0.04
2023-02-17,Smartphone,Electronics,2,308.1,610.04,CUST1700,Eastern,Card,Retail,0.01
2023-02-17,Monitor,Electronics,1,217.87,198.26,CUST1728,Greater Accra,Mobile Money,Retail,0.09
2023-02-17,Mouse,Accessories,5,32.64,140.35,CUST1997,Bono,Bank Transfer,Retail,0.14
2023-02-18,Desk Lamp,Furniture,2,88.38,164.39,CUST1313,Ashanti,Mobile Money,Retail,0.07
2023-02-19,Webcam,Electronics,1,147.61,129.9,CUST1218,Greater Accra,Card,Retail,0.12
2023-02-20,Printer,Electronics,1,198.47,196.49,CUST1542,Ashanti,Cash,Retail,0.01
2023-02-20,Phone Case,Accessories,3,36.47,102.85,CUST1764,Western,Cash,Retail,0.06
2023-02-21,Headphones,Electronics,9,92.71,725.92,CUST1654,Greater Accra,Cash,Wholesale,0.13
2023-02-21,Headphones,Electronics,1,162.07,141.0,CUST1139,Greater Accra,Cash,Retail,0.13
2023-02-22,Mouse,Accessories,8,33.08,222.3,CUST1391,Volta,Card,Wholesale,0.16
2023-02-22,Phone Case,Accessories,1,31.91,28.08,CUST1657,Greater Accra,Mobile Money,Retail,0.12
2023-02-23,Desk,Furniture,8,548.45,4168.22,CUST1589,Greater Accra,Bank Transfer,Wholesale,0.05
2023-02-23,Desk,Furniture,3,408.12,1175.39,CUST1933,Western,Mobile Money,Retail,0.04
2023-02-23,Laptop,Electronics,1,1466.71,1422.71,CUST1699,Greater Accra,Bank Transfer,Retail,0.03
2023-02-23,Monitor,Electronics,3,243.96,731.88,CUST1256,Greater Accra,Cash,Retail,0.0
2023-02-23,Smartphone,Electronics,1,818.04,801.68,CUST1356,Ashanti,Card,Retail,0.02
2023-02-23,Monitor,Electronics,3,234.03,659.96,CUST1504,Northern,Mobile Money,Retail,0.06
2023-02-23,USB Drive,Accessories,1,15.11,13.75,CUST1999,Central,Mobile Money,Retail,0.09
2023-02-24,Headphones,Electronics,11,63.67,679.36,CUST1641,Volta,Card,Retail,0.03
2023-02-24,Keyboard,Accessories,3,51.49,135.93,CUST1769,Central,Cash,Retail,0.12
2023-02-24,Office Chair,Furniture,11,251.97,2494.5,CUST1950,Ashanti,Card,Retail,0.1
2023-02-24,Keyboard,Accessories,5,81.55,379.21,CUST1738,Greater Accra,Mobile Money,Retail,0.07
2023-02-25,Headphones,Electronics,6,62.16,354.31,CUST1272,Greater Accra,Mobile Money,Wholesale,0.05
2023-02-26,Keyboard,Accessories,5,34.72,152.77,CUST1146,Bono,Mobile Money,Retail,0.12
2023-02-27,Laptop,Electronics,4,1097.94,3996.5,CUST1380,Western,Bank Transfer,Wholesale,0.09
2023-02-27,Desk,Furniture,13,542.04,6130.47,CUST1123,Greater Accra,Mobile Money,Retail,0.13
2023-02-28,Webcam,Electronics,5,70.23,277.41,CUST1356,Greater Accra,Mobile Money,Wholesale,0.21
2023-02-28,Phone Case,Accessories,1,33.06,30.75,CUST1924,Greater Accra,Bank Transfer,Retail,0.07
2023-02-28,USB Drive,Accessories,8,21.3,165.29,CUST1253,Greater Accra,Mobile Money,Retail,0.03
2023-02-28,USB Drive,Accessories,1,30.58,25.99,CUST1990,Northern,Card,Retail,0.15
2023-03-01,Webcam,Electronics,3,148.9,393.1,CUST1147,Eastern,Mobile Money,Retail,0.12
2023-03-01,Webcam,Electronics,3,115.41,301.22,CUST1369,Eastern,Cash,Retail,0.13
2023-03-01,Desk,Furniture,11,339.53,2801.12,CUST1697,Northern,Bank Transfer,Wholesale,0.25
2023-03-01,Webcam,Electronics,1,115.12,107.06,CUST1924,Greater Accra,Mobile Money,Retail,0.07
2023-03-02,Desk Lamp,Furniture,4,54.74,201.44,CUST1099,Greater Accra,Mobile Money,Retail,0.08
2023-03-02,Keyboard,Accessories,1,100.56,96.54,CUST1976,Greater Accra,Card,Retail,0.04
2023-03-02,Monitor,Electronics,7,272.31,1696.49,CUST1834,Greater Accra,Cash,Retail,0.11
2023-03-02,Desk,Furniture,5,520.31,2211.32,CUST1156,Eastern,Cash,Wholesale,0.15
2023-03-02,Desk Lamp,Furniture,7,66.31,450.24,CUST1759,Ashanti,Cash,Retail,0.03
2023-03-02,USB Drive,Accessories,7,34.22,222.77,CUST1894,Ashanti,Cash,Wholesale,0.07
2023-03-03,Headphones,Electronics,2,52.8,96.1,CUST1114,Eastern,Cash,Retail,0.09
2023-03-03,Mouse,Accessories,7,43.31,248.6,CUST1677,Western,Mobile Money,Wholesale,0.18
2023-03-03,Keyboard,Accessories,2,71.91,126.56,CUST1956,Greater Accra,Mobile Money,Wholesale,0.12
2023-03-04,Phone Case,Accessories,10,22.22,219.98,CUST1164,Western,Mobile Money,Retail,0.01
2023-03-05,Phone Case,Accessories,3,42.37,124.57,CUST1542,Volta,Card,Retail,0.02
2023-03-05,Desk Lamp,Furniture,2,26.41,45.95,CUST1513,Greater Accra,Mobile Money,Retail,0.13
2023-03-06,Printer,Electronics,3,189.53,557.22,CUST1665,Western,Mobile Money,Retail,0.02
2023-03-06,Desk,Furniture,2,595.57,1083.94,CUST1587,Volta,Mobile Money,Retail,0.09
2023-03-06,Mouse,Accessories,5,31.55,140.4,CUST1781,Bono,Mobile Money,Wholesale,0.11
2023-03-06,Webcam,Electronics,6,61.36,331.34,CUST1766,Greater Accra,Cash,Retail,0.1
2023-03-06,Monitor,Electronics,1,321.34,298.85,CUST1234,Central,Cash,Retail,0.07
2023-03-07,USB Drive,Accessories,11,17.85,186.53,CUST1902,Western,Card,Retail,0.05
2023-03-07,Webcam,Electronics,1,92.33,82.17,CUST1429,Greater Accra,Mobile Money,Retail,0.11
2023-03-07,Phone Case,Accessories,4,42.64,148.39,CUST1827,Greater Accra,Cash,Wholesale,0.13
2023-03-07,Headphones,Electronics,4,142.38,523.96,CUST1852,Eastern,Cash,Retail,0.08
2023-03-08,Keyboard,Accessories,1,47.28,43.97,CUST1516,Greater Accra,Cash,Wholesale,0.07
2023-03-09,USB Drive,Accessories,13,11.82,118.32,CUST1707,Greater Accra,Mobile Money,Wholesale,0.23
2023-03-09,Desk Lamp,Furniture,1,69.1,67.03,CUST1217,Bono,Card,Retail,0.03
2023-03-09,Laptop,Electronics,2,1071.7,1971.93,CUST1972,Bono,Card,Retail,0.08
2023-03-09,Desk Lamp,Furniture,2,52.38,100.57,CUST1486,Greater Accra,Card,Retail,0.04
2023-03-09,Mouse,Accessories,4,19.47,75.54,CUST1775,Northern,Card,Retail,0.03
2023-03-10,Keyboard,Accessories,1,73.07,69.42,CUST1842,Western,Mobile Money,Retail,0.05
2023-03-11,Desk,Furniture,4,533.81,1943.07,CUST1360,Western,Card,Retail,0.09
2023-03-11,USB Drive,Accessories,1,13.65,12.01,CUST1677,Western,Card,Retail,0.12
2023-03-12,Mouse,Accessories,6,30.47,173.68,CUST1062,Ashanti,Bank Transfer,Wholesale,0.05
2023-03-12,Phone Case,Accessories,1,20.91,19.66,CUST1290,Greater Accra,Mobile Money,Retail,0.06
2023-03-12,Keyboard,Accessories,2,85.06,158.21,CUST1807,Greater Accra,Card,Retail,0.07
2023-03-13,Phone Case,Accessories,2,26.86,52.11,CUST1441,Ashanti,Cash,Retail,0.03
2023-03-13,Monitor,Electronics,3,409.19,1092.54,CUST1726,Greater Accra,Mobile Money,Retail,0.11
2023-03-13,Mouse,Accessories,3,28.37,73.19,CUST1380,Central,Mobile Money,Retail,0.14
2023-03-13,Headphones,Electronics,4,74.71,295.85,CUST1016,Ashanti,Card,Retail,0.01
2023-03-13,Mouse,Accessories,1,49.78,42.81,CUST1154,Northern,Cash,Retail,0.14
2023-03-14,Phone Case,Accessories,4,36.33,127.88,CUST1296,Greater Accra,Card,Retail,0.12
2023-03-14,Mouse,Accessories,9,44.59,349.14,CUST1949,Eastern,Card,Wholesale,0.13
2023-03-14,Mouse,Accessories,3,20.99,57.93,CUST1230,Ashanti,Mobile Money,Retail,0.08
2023-03-14,Keyboard,Accessories,3,73.77,210.24,CUST1754,Western,Mobile Money,Retail,0.05
2023-03-15,Keyboard,Accessories,4,70.49,248.12,CUST1624,Greater Accra,Mobile Money,Retail,0.12
2023-03-15,Office Chair,Furniture,2,297.86,524.23,CUST1390,Eastern,Mobile Money,Retail,0.12
2023-03-15,Headphones,Electronics,5,175.63,693.74,CUST1639,Central,Cash,Wholesale,0.21
2023-03-16,Mouse,Accessories,1,22.53,22.08,CUST1798,Greater Accra,Cash,Retail,0.02
2023-03-16,USB Drive,Accessories,1,16.27,15.29,CUST1560,Eastern,Cash,Retail,0.06
2023-03-16,Desk Lamp,Furniture,4,54.76,199.33,CUST1011,Ashanti,Bank Transfer,Wholesale,0.09
2023-03-16,USB Drive,Accessories,5,21.66,96.39,CUST1946,Volta,Cash,Retail,0.11
2023-03-16,Phone Case,Accessories,1,43.28,39.38,CUST1625,Greater Accra,Mobile Money,Retail,0.09
2023-03-16,Desk Lamp,Furniture,1,31.27,26.89,CUST1221,Central,Card,Retail,0.14
2023-03-16,Desk Lamp,Furniture,3,69.01,180.12,CUST1712,Bono,Mobile Money,Retail,0.13
2023-03-17,Desk,Furniture,13,529.14,6466.09,CUST1054,Greater Accra,Cash,Wholesale,0.06
2023-03-17,Webcam,Electronics,7,63.53,395.79,CUST1327,Volta,Bank Transfer,Wholesale,0.11
2023-03-17,Webcam,Electronics,4,116.72,448.2,CUST1830,Greater Accra,Cash,Retail,0.04
2023-03-19,Mouse,Accessories,4,48.99,184.2,CUST1205,Western,Cash,Wholesale,0.06
2023-03-19,Keyboard,Accessories,3,25.8,71.21,CUST1157,Greater Accra,Mobile Money,Wholesale,0.08
2023-03-20,Webcam,Electronics,1,126.61,121.55,CUST1043,Volta,Cash,Retail,0.04
2023-03-21,Laptop,Electronics,4,805.38,2963.8,CUST1886,Ashanti,Bank Transfer,Retail,0.08
2023-03-21,Phone Case,Accessories,4,32.51,124.84,CUST1883,Greater Accra,Mobile Money,Retail,0.04
2023-03-21,Monitor,Electronics,2,412.08,741.74,CUST1971,Greater Accra,Mobile Money,Retail,0.1
2023-03-21,Tablet,Electronics,5,562.11,2670.02,CUST1983,Greater Accra,Card,Retail,0.05
2023-03-21,Phone Case,Accessories,6,19.62,101.24,CUST1348,Eastern,Cash,Retail,0.14
2023-03-21,Mouse,Accessories,2,38.61,72.59,CUST1380,Western,Mobile Money,Retail,0.06
2023-03-21,Webcam,Electronics,7,76.18,479.93,CUST1603,Volta,Card,Wholesale,0.1
2023-03-22,Phone Case,Accessories,2,12.59,24.17,CUST1840,Greater Accra,Bank Transfer,Retail,0.04
2023-03-22,Mouse,Accessories,2,39.61,77.64,CUST1486,Greater Accra,Cash,Retail,0.02
2023-03-22,Tablet,Electronics,1,270.3,237.86,CUST1751,Northern,Cash,Retail,0.12
2023-03-23,Desk,Furniture,1,336.58,292.82,CUST1294,Bono,Card,Retail,0.13
2023-03-23,USB Drive,Accessories,9,11.19,80.57,CUST1834,Ashanti,Cash,Wholesale,0.2
2023-03-23,Keyboard,Accessories,1,59.74,51.97,CUST1475,Eastern,Cash,Retail,0.13
2023-03-23,USB Drive,Accessories,7,26.32,162.13,CUST1331,Greater Accra,Cash,Retail,0.12
2023-03-23,Headphones,Electronics,5,88.94,386.89,CUST1655,Greater Accra,Card,Retail,0.13
2023-03-23,Headphones,Electronics,1,170.57,162.04,CUST1044,Eastern,Card,Retail,0.05
2023-03-23,Desk,Furniture,6,382.21,1926.34,CUST1197,Bono,Mobile Money,Wholesale,0.16
2023-03-24,Monitor,Electronics,1,265.66,252.38,CUST1124,Bono,Card,Retail,0.05
2023-03-24,Office Chair,Furniture,12,174.21,1902.37,CUST1278,Eastern,Mobile Money,Retail,0.09
2023-03-25,USB Drive,Accessories,1,38.96,38.18,CUST1812,Ashanti,Mobile Money,Retail,0.02
2023-03-25,Headphones,Electronics,2,73.77,137.21,CUST1002,Ashanti,Bank Transfer,Retail,0.07
2023-03-26,USB Drive,Accessories,1,10.89,10.78,CUST1546,Ashanti,Cash,Retail,0.01
2023-03-27,Mouse,Accessories,5,19.96,99.8,CUST1292,Bono,Mobile Money,Retail,0.0
2023-03-27,Keyboard,Accessories,4,72.98,268.57,CUST1787,Eastern,Mobile Money,Wholesale,0.08
2023-03-27,Headphones,Electronics,1,60.89,59.06,CUST1269,Eastern,Card,Retail,0.03
2023-03-28,Bookshelf,Furniture,14,251.85,3032.27,CUST1800,Greater Accra,Mobile Money,Retail,0.14
2023-03-28,Phone Case,Accessories,11,35.58,317.02,CUST1708,Northern,Bank Transfer,Wholesale,0.19
2023-03-28,Monitor,Electronics,5,247.87,1202.17,CUST1477,Northern,Mobile Money,Retail,0.03
2023-03-28,Desk Lamp,Furniture,2,70.49,138.16,CUST1559,Ashanti,Card,Retail,0.02
2023-03-28,Desk Lamp,Furniture,14,51.4,590.07,CUST1552,Ashanti,Mobile Money,Wholesale,0.18
2023-03-28,Mouse,Accessories,3,40.11,119.13,CUST1664,Central,Mobile Money,Retail,0.01
2023-03-29,Bookshelf,Furniture,11,186.51,1702.84,CUST1098,Greater Accra,Mobile Money,Wholesale,0.17
2023-03-29,Desk Lamp,Furniture,2,66.42,106.27,CUST1537,Western,Bank Transfer,Wholesale,0.2
2023-03-29,Mouse,Accessories,5,48.69,211.8,CUST1972,Volta,Card,Retail,0.13
2023-03-30,Desk Lamp,Furniture,3,70.23,185.41,CUST1290,Greater Accra,Card,Retail,0.12
2023-03-30,Webcam,Electronics,2,49.11,85.45,CUST1848,Ashanti,Card,Retail,0.13
2023-03-30,Laptop,Electronics,8,1201.64,8267.28,CUST1661,Eastern,Card,Wholesale,0.14
2023-03-31,Keyboard,Accessories,1,29.54,27.47,CUST1921,Greater Accra,Card,Retail,0.07
2023-03-31,Office Chair,Furniture,11,275.88,2579.48,CUST1023,Central,Bank Transfer,Wholesale,0.15
2023-03-31,Monitor,Electronics,4,448.51,1650.52,CUST1094,Greater Accra,Mobile Money,Retail,0.08
2023-04-02,USB Drive,Accessories,2,34.48,63.44,CUST1963,Volta,Cash,Retail,0.08
2023-04-03,Bookshelf,Furniture,2,253.26,440.67,CUST1032,Northern,Card,Retail,0.13
2023-04-03,USB Drive,Accessories,4,30.04,108.14,CUST1563,Ashanti,Cash,Retail,0.1
2023-04-03,USB Drive,Accessories,2,38.22,74.15,CUST1796,Ashanti,Mobile Money,Retail,0.03
2023-04-03,Monitor,Electronics,6,491.41,2211.35,CUST1616,Volta,Bank Transfer,Wholesale,0.25
2023-04-03,Keyboard,Accessories,4,50.94,177.27,CUST1538,Ashanti,Card,Retail,0.13
2023-04-04,USB Drive,Accessories,2,23.51,43.73,CUST1349,Eastern,Bank Transfer,Retail,0.07
2023-04-04,Phone Case,Accessories,1,32.2,31.56,CUST1217,Eastern,Card,Retail,0.02
2023-04-04,Office Chair,Furniture,1,230.51,202.85,CUST1802,Ashanti,Cash,Retail,0.12
2023-04-04,Office Chair,Furniture,3,269.04,726.41,CUST1169,Greater Accra,Mobile Money,Retail,0.1
2023-04-04,Phone Case,Accessories,1,21.7,19.75,CUST1069,Western,Cash,Retail,0.09
2023-04-05,Office Chair,Furniture,3,264.11,721.02,CUST1813,Ashanti,Mobile Money,Retail,0.09
2023-04-05,Phone Case,Accessories,4,18.59,69.15,CUST1180,Greater Accra,Bank Transfer,Retail,0.07
2023-04-05,USB Drive,Accessories,3,34.01,98.97,CUST1625,Greater Accra,Mobile Money,Retail,0.03
2023-04-06,Headphones,Electronics,5,90.86,422.5,CUST1036,Volta,Mobile Money,Retail,0.07
2023-04-06,Webcam,Electronics,3,177.44,511.03,CUST1280,Western,Mobile Money,Retail,0.04
2023-04-07,Keyboard,Accessories,5,62.51,293.8,CUST1663,Greater Accra,Cash,Retail,0.06
2023-04-07,Tablet,Electronics,8,218.67,1574.42,CUST1216,Volta,Mobile Money,Wholesale,0.1
2023-04-07,Mouse,Accessories,2,36.0,66.96,CUST1625,Greater Accra,Mobile Money,Retail,0.07
2023-04-07,USB Drive,Accessories,14,21.71,261.39,CUST1300,Western,Card,Wholesale,0.14
2023-04-07,USB Drive,Accessories,1,11.2,11.2,CUST1711,Greater Accra,Bank Transfer,Retail,0.0
2023-04-08,USB Drive,Accessories,1,16.14,14.53,CUST1695,Central,Mobile Money,Retail,0.1
2023-04-09,Smartphone,Electronics,4,515.74,1918.55,CUST1857,Ashanti,Mobile Money,Retail,0.07
2023-04-10,Desk Lamp,Furniture,8,59.43,437.4,CUST1666,Eastern,Mobile Money,Retail,0.08
2023-04-10,Smartphone,Electronics,10,614.63,5285.82,CUST1264,Greater Accra,Mobile Money,Retail,0.14
2023-04-10,Desk,Furniture,2,494.24,850.09,CUST1589,Greater Accra,Cash,Retail,0.14
2023-04-10,Smartphone,Electronics,6,717.96,4221.6,CUST1506,Greater Accra,Card,Retail,0.02
2023-04-11,Bookshelf,Furniture,5,289.1,1358.77,CUST1297,Western,Card,Retail,0.06
2023-04-11,Mouse,Accessories,1,25.61,22.54,CUST1837,Ashanti,Mobile Money,Retail,0.12
2023-04-11,Mouse,Accessories,2,26.84,48.85,CUST1817,Northern,Card,Retail,0.09
2023-04-11,Smartphone,Electronics,7,670.25,4410.24,CUST1782,Greater Accra,Mobile Money,Wholesale,0.06
2023-04-11,Smartphone,Electronics,3,1003.81,2800.63,CUST1049,Western,Bank Transfer,Retail,0.07
2023-04-12,Keyboard,Accessories,3,26.75,73.83,CUST1210,Bono,Mobile Money,Retail,0.08
2023-04-12,Mouse,Accessories,5,24.42,107.45,CUST1832,Volta,Mobile Money,Wholesale,0.12
2023-04-12,Laptop,Electronics,10,1001.72,8214.1,CUST1057,Greater Accra,Cash,Wholesale,0.18
2023-04-12,Keyboard,Accessories,3,38.2,108.87,CUST1176,Western,Mobile Money,Retail,0.05
2023-04-14,Keyboard,Accessories,3,73.44,189.48,CUST1381,Central,Mobile Money,Retail,0.14
2023-04-14,Monitor,Electronics,7,496.38,3266.18,CUST1061,Greater Accra,Mobile Money,Retail,0.06
2023-04-14,Phone Case,Accessories,9,30.19,255.41,CUST1262,Greater Accra,Cash,Retail,0.06
2023-04-15,Office Chair,Furniture,10,193.77,1821.44,CUST1387,Ashanti,Bank Transfer,Wholesale,0.06
2023-04-16,Office Chair,Furniture,3,304.25,885.37,CUST1136,Greater Accra,Card,Retail,0.03
2023-04-17,Phone Case,Accessories,10,17.63,163.96,CUST1678,Greater Accra,Bank Transfer,Wholesale,0.07
2023-04-17,Phone Case,Accessories,1,22.85,20.11,CUST1031,Greater Accra,Bank Transfer,Retail,0.12
2023-04-17,USB Drive,Accessories,1,38.33,36.03,CUST1423,Greater Accra,Mobile Money,Retail,0.06
2023-04-17,Webcam,Electronics,5,61.9,272.36,CUST1664,Ashanti,Cash,Retail,0.12
2023-04-18,Mouse,Accessories,12,33.22,318.91,CUST1377,Ashanti,Card,Wholesale,0.2
2023-04-18,Tablet,Electronics,11,659.7,6458.46,CUST1885,Western,Card,Wholesale,0.11
2023-04-19,USB Drive,Accessories,1,28.59,28.3,CUST1192,Greater Accra,Mobile Money,Retail,0.01
2023-04-19,Office Chair,Furniture,2,169.08,304.34,CUST1802,Western,Card,Retail,0.1
2023-04-20,Webcam,Electronics,1,153.65,152.11,CUST1286,Greater Accra,Mobile Money,Retail,0.01
2023-04-20,Phone Case,Accessories,2,23.87,42.01,CUST1604,Greater Accra,Cash,Retail,0.12
2023-04-20,USB Drive,Accessories,4,37.63,139.98,CUST1778,Greater Accra,Mobile Money,Retail,0.07
2023-04-20,Office Chair,Furniture,2,159.52,299.9,CUST1827,Greater Accra,Card,Retail,0.06
2023-04-20,Phone Case,Accessories,3,30.54,88.87,CUST1533,Northern,Mobile Money,Retail,0.03
2023-04-21,Bookshelf,Furniture,8,253.54,1784.92,CUST1049,Greater Accra,Cash,Retail,0.12
2023-04-21,Monitor,Electronics,10,454.93,3957.89,CUST1871,Greater Accra,Bank Transfer,Retail,0.13
2023-04-21,Mouse,Accessories,3,46.08,120.27,CUST1070,Greater Accra,Cash,Retail,0.13
2023-04-22,Desk Lamp,Furniture,7,38.22,251.49,CUST1777,Western,Cash,Wholesale,0.06
2023-04-23,Smartphone,Electronics,2,667.76,1322.16,CUST1086,Ashanti,Bank Transfer,Retail,0.01
2023-04-23,USB Drive,Accessories,3,16.63,46.4,CUST1523,Central,Cash,Retail,0.07
2023-04-23,Desk,Furniture,1,512.48,491.98,CUST1386,Eastern,Mobile Money,Retail,0.04
2023-04-23,Keyboard,Accessories,4,72.16,268.44,CUST1920,Greater Accra,Mobile Money,Retail,0.07
2023-04-24,Smartphone,Electronics,4,617.54,2099.64,CUST1070,Greater Accra,Mobile Money,Retail,0.15
2023-04-24,Tablet,Electronics,10,512.45,4458.31,CUST1433,Greater Accra,Card,Wholesale,0.13
2023-04-24,USB Drive,Accessories,2,29.89,56.79,CUST1217,Western,Cash,Retail,0.05
2023-04-24,Laptop,Electronics,1,1382.42,1285.65,CUST1483,Central,Card,Retail,0.07
2023-04-24,Keyboard,Accessories,3,117.84,304.03,CUST1866,Eastern,Mobile Money,Retail,0.14
2023-04-24,Headphones,Electronics,2,88.25,174.73,CUST1148,Ashanti,Cash,Retail,0.01
2023-04-26,Desk,Furniture,6,382.0,2085.72,CUST1233,Western,Bank Transfer,Wholesale,0.09
2023-04-26,Desk Lamp,Furniture,8,85.9,577.25,CUST1879,Bono,Mobile Money,Wholesale,0.16
2023-04-26,Mouse,Accessories,1,30.21,29.3,CUST1283,Eastern,Card,Retail,0.03
2023-04-26,USB Drive,Accessories,12,33.62,342.92,CUST1149,Ashanti,Mobile Money,Wholesale,0.15
2023-04-26,Phone Case,Accessories,1,30.25,28.74,CUST1139,Greater Accra,Card,Retail,0.05
2023-04-26,Tablet,Electronics,1,690.68,614.71,CUST1141,Greater Accra,Cash,Retail,0.11
2023-04-26,Phone Case,Accessories,6,26.36,145.51,CUST1920,Greater Accra,Cash,Wholesale,0.08
2023-04-26,Headphones,Electronics,2,164.42,299.24,CUST1848,Ashanti,Card,Retail,0.09
2023-04-26,USB Drive,Accessories,2,39.14,68.1,CUST1280,Western,Mobile Money,Wholesale,0.13
2023-04-27,Smartphone,Electronics,8,317.94,2238.3,CUST1028,Ashanti,Card,Wholesale,0.12
2023-04-27,USB Drive,Accessories,2,12.6,25.2,CUST1487,Greater Accra,Bank Transfer,Retail,0.0
2023-04-27,Laptop,Electronics,3,1468.96,4098.4,CUST1727,Volta,Mobile Money,Retail,0.07
2023-04-27,Mouse,Accessories,6,35.08,189.43,CUST1799,Volta,Card,Retail,0.1
2023-04-27,Office Chair,Furniture,3,344.79,982.65,CUST1023,Western,Mobile Money,Retail,0.05
2023-04-27,Phone Case,Accessories,2,16.0,27.84,CUST1567,Greater Accra,Mobile Money,Retail,0.13
2023-04-27,Monitor,Electronics,3,280.13,798.37,CUST1756,Northern,Card,Retail,0.05
2023-04-28,Keyboard,Accessories,2,104.21,177.16,CUST1274,Greater Accra,Card,Retail,0.15
2023-04-28,Monitor,Electronics,10,414.07,3353.97,CUST1281,Greater Accra,Card,Wholesale,0.19
2023-04-28,Smartphone,Electronics,2,664.65,1236.25,CUST1575,Greater Accra,Cash,Retail,0.07
2023-04-29,USB Drive,Accessories,3,32.52,87.8,CUST1579,Eastern,Card,Retail,0.1
2023-04-30,Phone Case,Accessories,5,41.24,193.83,CUST1367,Eastern,Cash,Retail,0.06
2023-04-30,Smartphone,Electronics,1,915.41,887.95,CUST1221,Ashanti,Cash,Retail,0.03
2023-05-01,Office Chair,Furniture,5,152.46,678.45,CUST1361,Greater Accra,Mobile Money,Retail,0.11
2023-05-01,Laptop,Electronics,3,914.8,2387.63,CUST1328,Greater Accra,Card,Retail,0.13
2023-05-01,Office Chair,Furniture,7,180.08,1021.05,CUST1290,Northern,Mobile Money,Wholesale,0.19
2023-05-02,Keyboard,Accessories,12,56.03,591.68,CUST1163,Greater Accra,Cash,Wholesale,0.12
2023-05-02,Printer,Electronics,4,475.38,1692.35,CUST1364,Central,Mobile Money,Retail,0.11
2023-05-02,Printer,Electronics,2,371.67,728.47,CUST1662,Greater Accra,Bank Transfer,Retail,0.02
2023-05-02,USB Drive,Accessories,1,16.15,15.67,CUST1649,Greater Accra,Card,Retail,0.03
2023-05-03,Mouse,Accessories,1,16.5,14.69,CUST1316,Central,Bank Transfer,Retail,0.11
2023-05-03,Webcam,Electronics,3,54.76,146.21,CUST1764,Greater Accra,Card,Retail,0.11
2023-05-03,Keyboard,Accessories,2,47.63,85.73,CUST1898,Central,Bank Transfer,Retail,0.1
2023-05-03,Laptop,Electronics,11,874.25,8751.24,CUST1055,Northern,Cash,Wholesale,0.09
2023-05-04,USB Drive,Accessories,3,23.81,70.72,CUST1384,Ashanti,Cash,Retail,0.01
2023-05-04,Monitor,Electronics,1,387.48,375.86,CUST1281,Ashanti,Card,Retail,0.03
2023-05-04,Keyboard,Accessories,2,65.52,119.25,CUST1644,Northern,Card,Retail,0.09
2023-05-05,Desk Lamp,Furniture,10,73.85,686.8,CUST1448,Central,Mobile Money,Retail,0.07
2023-05-07,Mouse,Accessories,4,29.29,106.62,CUST1246,Bono,Bank Transfer,Retail,0.09
2023-05-07,Laptop,Electronics,2,1076.63,2131.73,CUST1344,Greater Accra,Mobile Money,Retail,0.01
2023-05-08,Headphones,Electronics,1,52.21,48.03,CUST1173,Greater Accra,Card,Retail,0.08
2023-05-08,Desk Lamp,Furniture,5,54.2,235.77,CUST1339,Bono,Card,Retail,0.13
2023-05-08,Phone Case,Accessories,3,11.53,34.24,CUST1566,Bono,Bank Transfer,Retail,0.01
2023-05-09,Desk,Furniture,5,478.44,2392.2,CUST1176,Bono,Card,Retail,0.0
2023-05-09,Tablet,Electronics,7,521.19,3137.56,CUST1522,Greater Accra,Mobile Money,Retail,0.14
2023-05-09,Headphones,Electronics,1,47.79,41.1,CUST1392,Eastern,Card,Retail,0.14
2023-05-09,Phone Case,Accessories,8,26.31,189.43,CUST1973,Ashanti,Mobile Money,Retail,0.1
2023-05-10,Keyboard,Accessories,1,115.23,100.25,CUST1750,Greater Accra,Mobile Money,Retail,0.13
2023-05-10,Monitor,Electronics,10,462.11,4251.41,CUST1503,Ashanti,Card,Wholesale,0.08
2023-05-11,Headphones,Electronics,4,166.74,613.6,CUST1569,Central,Card,Retail,0.08
2023-05-11,USB Drive,Accessories,3,21.75,60.68,CUST1130,Ashanti,Mobile Money,Retail,0.07
2023-05-11,Bookshelf,Furniture,1,211.24,190.12,CUST1957,Central,Cash,Retail,0.1
2023-05-11,Desk Lamp,Furniture,4,89.51,304.33,CUST1680,Central,Cash,Retail,0.15
2023-05-12,Bookshelf,Furniture,1,159.93,151.93,CUST1500,Ashanti,Mobile Money,Retail,0.05
2023-05-12,Keyboard,Accessories,1,58.73,58.73,CUST1569,Western,Mobile Money,Retail,0.0
2023-05-12,Phone Case,Accessories,2,33.73,62.74,CUST1379,Ashanti,Mobile Money,Retail,0.07
2023-05-12,Mouse,Accessories,1,49.96,47.96,CUST1368,Greater Accra,Mobile Money,Retail,0.04
2023-05-12,Desk Lamp,Furniture,1,69.1,62.19,CUST1992,Ashanti,Card,Retail,0.1
2023-05-13,Keyboard,Accessories,12,73.72,672.33,CUST1734,Ashanti,Cash,Wholesale,0.24
2023-05-13,Tablet,Electronics,3,332.99,939.03,CUST1794,Greater Accra,Mobile Money,Retail,0.06
2023-05-14,Monitor,Electronics,13,313.9,3468.59,CUST1629,Ashanti,Mobile Money,Wholesale,0.15
2023-05-15,Headphones,Electronics,1,63.86,61.94,CUST1015,Central,Card,Retail,0.03
2023-05-15,Desk,Furniture,3,555.75,1533.87,CUST1461,Ashanti,Card,Retail,0.08
2023-05-15,Desk,Furniture,1,460.44,423.6,CUST1327,Greater Accra,Cash,Retail,0.08
2023-05-15,Office Chair,Furniture,7,314.54,1915.55,CUST1141,Greater Accra,Cash,Retail,0.13
2023-05-15,Desk Lamp,Furniture,2,71.74,137.74,CUST1224,Ashanti,Bank Transfer,Retail,0.04
2023-05-15,Monitor,Electronics,9,328.21,2304.03,CUST1623,Greater Accra,Mobile Money,Wholesale,0.22
2023-05-15,Desk,Furniture,7,483.85,3217.6,CUST1750,Central,Cash,Retail,0.05
2023-05-16,Phone Case,Accessories,4,24.19,89.99,CUST1516,Central,Card,Retail,0.07
2023-05-17,Phone Case,Accessories,4,19.03,69.27,CUST1437,Greater Accra,Cash,Retail,0.09
2023-05-17,Mouse,Accessories,1,40.07,37.27,CUST1963,Bono,Cash,Retail,0.07
2023-05-17,Phone Case,Accessories,3,24.54,66.26,CUST1784,Greater Accra,Bank Transfer,Retail,0.1
2023-05-17,USB Drive,Accessories,5,34.09,161.93,CUST1327,Greater Accra,Card,Retail,0.05
2023-05-18,Desk Lamp,Furniture,4,49.58,178.49,CUST1730,Greater Accra,Mobile Money,Retail,0.1
2023-05-18,Office Chair,Furniture,1,305.58,268.91,CUST1537,Volta,Mobile Money,Retail,0.12
2023-05-19,Headphones,Electronics,3,42.18,115.15,CUST1523,Northern,Cash,Retail,0.09
2023-05-19,Office Chair,Furniture,2,175.22,311.89,CUST1823,Eastern,Card,Retail,0.11
2023-05-20,Phone Case,Accessories,1,19.51,16.78,CUST1170,Eastern,Mobile Money,Retail,0.14
2023-05-21,Mouse,Accessories,13,27.47,339.25,CUST1324,Greater Accra,Mobile Money,Retail,0.05
2023-05-21,Phone Case,Accessories,4,12.39,42.62,CUST1837,Northern,Cash,Retail,0.14
2023-05-21,Mouse,Accessories,3,46.41,122.52,CUST1426,Northern,Mobile Money,Wholesale,0.12
2023-05-21,Office Chair,Furniture,9,203.17,1572.54,CUST1607,Central,Cash,Retail,0.14
2023-05-21,Phone Case,Accessories,2,14.44,23.1,CUST1133,Ashanti,Card,Wholesale,0.2
2023-05-21,Desk Lamp,Furniture,13,25.88,296.07,CUST1595,Greater Accra,Mobile Money,Wholesale,0.12
2023-05-22,USB Drive,Accessories,8,14.65,99.62,CUST1613,Ashanti,Card,Wholesale,0.15
2023-05-22,Monitor,Electronics,3,233.13,608.47,CUST1340,Western,Card,Retail,0.13
2023-05-22,Phone Case,Accessories,1,28.55,25.41,CUST1234,Greater Accra,Mobile Money,Retail,0.11
2023-05-23,Mouse,Accessories,1,26.45,26.19,CUST1941,Greater Accra,Card,Retail,0.01
2023-05-23,Printer,Electronics,6,400.55,2283.14,CUST1880,Volta,Card,Retail,0.05
2023-05-23,USB Drive,Accessories,2,18.65,35.43,CUST1504,Ashanti,Mobile Money,Retail,0.05
2023-05-23,Phone Case,Accessories,7,11.52,69.35,CUST1509,Ashanti,Mobile Money,Retail,0.14
2023-05-23,Webcam,Electronics,2,59.1,118.2,CUST1555,Ashanti,Mobile Money,Retail,0.0
2023-05-24,Tablet,Electronics,6,603.19,3582.95,CUST1495,Greater Accra,Mobile Money,Retail,0.01
2023-05-24,Keyboard,Accessories,4,91.45,336.54,CUST1882,Ashanti,Cash,Retail,0.08
2023-05-24,Headphones,Electronics,2,57.19,107.52,CUST1788,Greater Accra,Card,Retail,0.06
2023-05-25,Mouse,Accessories,5,43.27,190.39,CUST1494,Greater Accra,Mobile Money,Retail,0.12
2023-05-25,Mouse,Accessories,2,23.13,45.8,CUST1355,Ashanti,Card,Retail,0.01
2023-05-25,Phone Case,Accessories,2,29.32,51.6,CUST1273,Greater Accra,Cash,Retail,0.12
2023-05-25,Laptop,Electronics,4,954.18,3549.55,CUST1422,Eastern,Cash,Retail,0.07
2023-05-25,Mouse,Accessories,7,46.4,311.81,CUST1472,Ashanti,Mobile Money,Retail,0.04
2023-05-25,Mouse,Accessories,5,19.67,95.4,CUST1113,Greater Accra,Card,Retail,0.03
2023-05-26,Mouse,Accessories,1,32.56,31.91,CUST1922,Greater Accra,Bank Transfer,Retail,0.02
2023-05-26,Mouse,Accessories,5,42.94,195.38,CUST1776,Greater Accra,Card,Wholesale,0.09
2023-05-26,Office Chair,Furniture,8,204.55,1390.94,CUST1159,Eastern,Card,Wholesale,0.15
2023-05-27,Desk,Furniture,2,409.14,769.18,CUST1687,Central,Card,Retail,0.06
2023-05-27,Monitor,Electronics,11,354.16,3233.48,CUST1684,Volta,Mobile Money,Wholesale,0.17
2023-05-28,Keyboard,Accessories,5,51.19,222.68,CUST1776,Western,Cash,Retail,0.13
2023-05-28,USB Drive,Accessories,1,29.45,29.45,CUST1829,Greater Accra,Mobile Money,Retail,0.0
2023-05-29,Desk Lamp,Furniture,2,58.62,114.9,CUST1831,Ashanti,Mobile Money,Retail,0.02
2023-05-29,Phone Case,Accessories,6,13.74,79.14,CUST1226,Central,Mobile Money,Retail,0.04
2023-05-29,Webcam,Electronics,1,133.21,127.88,CUST1586,Ashanti,Card,Retail,0.04
2023-05-30,Tablet,Electronics,8,634.78,4519.63,CUST1933,Ashanti,Card,Wholesale,0.11
2023-05-30,Smartphone,Electronics,8,1165.82,8766.97,CUST1980,Northern,Mobile Money,Retail,0.06
2023-05-30,Headphones,Electronics,9,108.12,934.16,CUST1298,Volta,Card,Retail,0.04
2023-05-30,Desk Lamp,Furniture,3,28.22,73.65,CUST1551,Greater Accra,Card,Retail,0.13
2023-05-30,Mouse,Accessories,4,26.81,106.17,CUST1022,Eastern,Cash,Retail,0.01
2023-05-31,Smartphone,Electronics,1,357.72,357.72,CUST1405,Bono,Mobile Money,Retail,0.0
2023-05-31,Keyboard,Accessories,8,79.78,561.65,CUST1571,Greater Accra,Cash,Wholesale,0.12
2023-05-31,Keyboard,Accessories,1,42.41,37.32,CUST1713,Ashanti,Cash,Retail,0.12
2023-06-01,Printer,Electronics,5,336.31,1631.1,CUST1780,Greater Accra,Cash,Retail,0.03
2023-06-01,Mouse,Accessories,5,44.42,213.22,CUST1009,Greater Accra,Mobile Money,Retail,0.04
2023-06-01,Office Chair,Furniture,1,240.93,238.52,CUST1942,Greater Accra,Mobile Money,Retail,0.01
2023-06-01,Webcam,Electronics,1,168.55,163.49,CUST1513,Greater Accra,Mobile Money,Retail,0.03
2023-06-01,Laptop,Electronics,12,876.99,7892.91,CUST1904,Western,Mobile Money,Wholesale,0.25
2023-06-01,Desk Lamp,Furniture,9,81.96,597.49,CUST1020,Eastern,Card,Wholesale,0.19
2023-06-01,Phone Case,Accessories,6,13.89,75.84,CUST1382,Ashanti,Mobile Money,Retail,0.09
2023-06-01,Monitor,Electronics,8,215.22,1549.58,CUST1212,Greater Accra,Mobile Money,Wholesale,0.1
2023-06-01,Desk Lamp,Furniture,1,55.61,48.38,CUST1574,Greater Accra,Mobile Money,Retail,0.13
2023-06-02,Laptop,Electronics,5,1061.9,5044.02,CUST1325,Northern,Mobile Money,Retail,0.05
2023-06-02,Mouse,Accessories,5,35.28,172.87,CUST1782,Greater Accra,Bank Transfer,Retail,0.02
2023-06-02,Headphones,Electronics,1,153.84,127.69,CUST1594,Northern,Bank Transfer,Wholesale,0.17
2023-06-02,Smartphone,Electronics,1,543.44,516.27,CUST1215,Greater Accra,Mobile Money,Retail,0.05
2023-06-02,Webcam,Electronics,1,52.1,47.41,CUST1779,Greater Accra,Cash,Retail,0.09
2023-06-05,Phone Case,Accessories,1,30.02,26.12,CUST1666,Greater Accra,Cash,Retail,0.13
2023-06-05,Headphones,Electronics,1,129.16,114.95,CUST1773,Volta,Cash,Retail,0.11
2023-06-05,Phone Case,Accessories,8,33.16,233.45,CUST1511,Bono,Mobile Money,Retail,0.12
2023-06-05,Mouse,Accessories,4,32.64,125.34,CUST1463,Greater Accra,Cash,Retail,0.04
2023-06-05,Mouse,Accessories,1,41.41,37.68,CUST1355,Greater Accra,Mobile Money,Retail,0.09
2023-06-05,Mouse,Accessories,8,36.29,272.9,CUST1986,Ashanti,Mobile Money,Retail,0.06
2023-06-05,Phone Case,Accessories,8,37.25,271.18,CUST1222,Greater Accra,Card,Retail,0.09
2023-06-06,USB Drive,Accessories,1,16.01,14.09,CUST1830,Northern,Mobile Money,Retail,0.12
2023-06-06,USB Drive,Accessories,6,36.15,203.89,CUST1489,Northern,Bank Transfer,Wholesale,0.06
2023-06-06,Phone Case,Accessories,6,44.96,226.6,CUST1119,Ashanti,Cash,Wholesale,0.16
2023-06-07,Monitor,Electronics,2,302.65,538.72,CUST1984,Eastern,Bank Transfer,Retail,0.11
2023-06-07,Phone Case,Accessories,2,21.94,43.44,CUST1284,Ashanti,Mobile Money,Retail,0.01
2023-06-08,Keyboard,Accessories,10,93.84,769.49,CUST1197,Greater Accra,Card,Wholesale,0.18
2023-06-08,Tablet,Electronics,2,544.18,946.87,CUST1675,Greater Accra,Bank Transfer,Retail,0.13
2023-06-08,Printer,Electronics,10,393.15,3538.35,CUST1886,Greater Accra,Cash,Retail,0.1
2023-06-08,Laptop,Electronics,2,1482.47,2905.64,CUST1892,Eastern,Card,Retail,0.02
2023-06-09,Tablet,Electronics,3,648.76,1926.82,CUST1633,Eastern,Mobile Money,Retail,0.01
2023-06-09,Webcam,Electronics,2,60.39,99.04,CUST1482,Volta,Cash,Wholesale,0.18
2023-06-09,Monitor,Electronics,7,347.91,2362.31,CUST1916,Eastern,Mobile Money,Retail,0.03
2023-06-10,Monitor,Electronics,6,310.1,1730.36,CUST1046,Ashanti,Mobile Money,Retail,0.07
2023-06-12,Webcam,Electronics,10,120.38,1035.27,CUST1901,Western,Mobile Money,Retail,0.14
2023-06-12,Headphones,Electronics,3,71.12,187.76,CUST1467,Greater Accra,Mobile Money,Retail,0.12
2023-06-12,Office Chair,Furniture,4,227.26,790.86,CUST1113,Greater Accra,Mobile Money,Retail,0.13
2023-06-13,Phone Case,Accessories,2,13.63,24.26,CUST1246,Greater Accra,Cash,Retail,0.11
2023-06-14,Smartphone,Electronics,4,1147.52,3901.57,CUST1114,Ashanti,Card,Retail,0.15
2023-06-14,USB Drive,Accessories,8,23.92,176.05,CUST1503,Central,Cash,Wholesale,0.08
2023-06-14,Smartphone,Electronics,1,363.93,342.09,CUST1350,Greater Accra,Card,Retail,0.06
2023-06-15,Bookshelf,Furniture,5,270.11,1201.99,CUST1138,Greater Accra,Card,Retail,0.11
2023-06-15,Laptop,Electronics,4,1271.4,4627.9,CUST1907,Greater Accra,Mobile Money,Retail,0.09
2023-06-15,Office Chair,Furniture,4,237.82,875.18,CUST1585,Greater Accra,Bank Transfer,Retail,0.08
2023-06-15,Mouse,Accessories,2,45.85,79.78,CUST1106,Northern,Mobile Money,Retail,0.13
2023-06-15,Phone Case,Accessories,2,29.35,50.48,CUST1863,Ashanti,Bank Transfer,Retail,0.14
2023-06-16,Webcam,Electronics,10,159.58,1372.39,CUST1984,Greater Accra,Cash,Wholesale,0.14
2023-06-16,Bookshelf,Furniture,11,148.36,1403.49,CUST1743,Volta,Mobile Money,Retail,0.14
2023-06-16,Office Chair,Furniture,3,259.79,670.26,CUST1263,Greater Accra,Mobile Money,Retail,0.14
2023-06-16,Headphones,Electronics,1,146.77,142.37,CUST1496,Ashanti,Card,Retail,0.03
2023-06-17,Monitor,Electronics,1,303.46,273.11,CUST1506,Eastern,Mobile Money,Retail,0.1
2023-06-17,Monitor,Electronics,8,328.83,2130.82,CUST1258,Western,Bank Transfer,Wholesale,0.19
2023-06-17,USB Drive,Accessories,3,24.09,64.32,CUST1604,Ashanti,Mobile Money,Retail,0.11
2023-06-19,Phone Case,Accessories,6,10.54,55.02,CUST1019,Western,Card,Retail,0.13
2023-06-19,Desk Lamp,Furniture,9,78.11,646.75,CUST1408,Western,Card,Retail,0.08
2023-06-20,Phone Case,Accessories,9,44.79,374.89,CUST1646,Eastern,Card,Wholesale,0.07
2023-06-20,Smartphone,Electronics,9,1184.7,8636.46,CUST1936,Eastern,Bank Transfer,Wholesale,0.19
2023-06-20,Phone Case,Accessories,4,37.41,137.67,CUST1375,Western,Mobile Money,Retail,0.08
2023-06-20,Keyboard,Accessories,3,27.83,80.15,CUST1600,Eastern,Mobile Money,Retail,0.04
2023-06-21,Smartphone,Electronics,10,651.88,5932.11,CUST1084,Central,Mobile Money,Wholesale,0.09
2023-06-21,Printer,Electronics,2,521.47,969.93,CUST1215,Greater Accra,Mobile Money,Retail,0.07
2023-06-21,Desk,Furniture,5,297.87,1370.2,CUST1228,Western,Cash,Retail,0.08
2023-06-21,Printer,Electronics,10,472.69,4159.67,CUST1389,Greater Accra,Card,Retail,0.12
2023-06-22,Desk Lamp,Furniture,6,42.79,192.56,CUST1305,Western,Card,Wholesale,0.25
2023-06-22,Mouse,Accessories,5,35.82,159.4,CUST1072,Greater Accra,Bank Transfer,Retail,0.11
2023-06-22,Keyboard,Accessories,4,34.23,119.12,CUST1164,Western,Mobile Money,Retail,0.13
2023-06-22,Phone Case,Accessories,3,30.76,89.51,CUST1304,Greater Accra,Card,Retail,0.03
2023-06-22,Monitor,Electronics,1,189.92,189.92,CUST1114,Western,Cash,Retail,0.0
2023-06-22,USB Drive,Accessories,1,15.52,13.5,CUST1942,Western,Cash,Retail,0.13
2023-06-23,Desk Lamp,Furniture,3,69.08,186.52,CUST1397,Greater Accra,Cash,Retail,0.1
2023-06-23,Desk Lamp,Furniture,5,87.51,437.55,CUST1188,Ashanti,Card,Retail,0.0
2023-06-23,USB Drive,Accessories,3,35.07,95.74,CUST1247,Volta,Bank Transfer,Retail,0.09
2023-06-23,USB Drive,Accessories,1,15.39,14.47,CUST1275,Greater Accra,Cash,Retail,0.06
2023-06-23,Phone Case,Accessories,3,38.92,113.26,CUST1331,Greater Accra,Card,Retail,0.03
2023-06-23,Monitor,Electronics,2,206.24,354.73,CUST1770,Central,Cash,Retail,0.14
2023-06-23,Smartphone,Electronics,1,1065.19,1022.58,CUST1600,Greater Accra,Cash,Retail,0.04
2023-06-24,USB Drive,Accessories,4,13.87,53.26,CUST1624,Greater Accra,Card,Retail,0.04
2023-06-25,Webcam,Electronics,11,133.06,1127.02,CUST1305,Northern,Mobile Money,Wholesale,0.23
2023-06-25,Phone Case,Accessories,7,21.97,129.18,CUST1373,Western,Card,Wholesale,0.16
2023-06-26,Headphones,Electronics,2,99.98,195.96,CUST1517,Northern,Card,Retail,0.02
2023-06-26,USB Drive,Accessories,3,37.9,100.06,CUST1203,Northern,Cash,Retail,0.12
2023-06-26,Office Chair,Furniture,7,243.47,1516.82,CUST1258,Eastern,Card,Wholesale,0.11
2023-06-26,Keyboard,Accessories,3,47.85,136.37,CUST1362,Central,Bank Transfer,Retail,0.05
2023-06-26,Mouse,Accessories,3,37.69,98.37,CUST1969,Bono,Cash,Retail,0.13
2023-06-26,Desk Lamp,Furniture,2,69.69,135.2,CUST1812,Ashanti,Cash,Retail,0.03
2023-06-27,Phone Case,Accessories,8,24.65,167.62,CUST1093,Northern,Mobile Money,Wholesale,0.15
2023-06-27,Tablet,Electronics,8,545.56,3578.87,CUST1241,Greater Accra,Mobile Money,Wholesale,0.18
2023-06-27,Keyboard,Accessories,4,76.85,273.59,CUST1655,Bono,Mobile Money,Retail,0.11
2023-06-27,Mouse,Accessories,4,49.82,175.37,CUST1103,Ashanti,Mobile Money,Retail,0.12
2023-06-27,Mouse,Accessories,4,30.42,115.6,CUST1585,Greater Accra,Cash,Retail,0.05
2023-06-27,Smartphone,Electronics,3,505.27,1379.39,CUST1941,Greater Accra,Cash,Retail,0.09
2023-06-28,Office Chair,Furniture,5,348.94,1517.89,CUST1059,Greater Accra,Bank Transfer,Retail,0.13
2023-06-28,Phone Case,Accessories,1,31.93,29.69,CUST1933,Bono,Mobile Money,Retail,0.07
2023-06-28,Mouse,Accessories,5,45.68,228.4,CUST1756,Western,Cash,Retail,0.0
2023-06-28,Webcam,Electronics,1,163.01,163.01,CUST1245,Greater Accra,Mobile Money,Retail,0.0
2023-06-28,Mouse,Accessories,2,37.88,72.73,CUST1263,Greater Accra,Card,Retail,0.04
2023-06-28,Keyboard,Accessories,3,53.2,137.26,CUST1624,Eastern,Card,Retail,0.14
2023-06-29,Mouse,Accessories,1,20.1,18.09,CUST1473,Greater Accra,Card,Retail,0.1
2023-06-29,Headphones,Electronics,4,165.19,640.94,CUST1532,Eastern,Mobile Money,Retail,0.03
2023-06-29,Keyboard,Accessories,1,29.07,27.62,CUST1263,Greater Accra,Mobile Money,Retail,0.05
2023-06-29,Laptop,Electronics,7,1228.18,8597.26,CUST1447,Ashanti,Card,Retail,0.0
2023-06-29,Office Chair,Furniture,8,151.97,1118.5,CUST1304,Eastern,Mobile Money,Wholesale,0.08
2023-06-30,Desk Lamp,Furniture,14,57.68,726.77,CUST1973,Eastern,Cash,Wholesale,0.1
2023-06-30,Keyboard,Accessories,2,80.38,146.29,CUST1605,Ashanti,Bank Transfer,Retail,0.09
2023-06-30,Mouse,Accessories,8,19.29,128.09,CUST1630,Ashanti,Mobile Money,Wholesale,0.17
2023-06-30,Phone Case,Accessories,1,32.81,28.87,CUST1160,Bono,Mobile Money,Retail,0.12
2023-07-01,Phone Case,Accessories,1,40.97,36.87,CUST1521,Greater Accra,Bank Transfer,Retail,0.1
2023-07-01,Phone Case,Accessories,1,32.97,32.97,CUST1563,Greater Accra,Cash,Retail,0.0
2023-07-01,Mouse,Accessories,8,29.48,200.46,CUST1021,Eastern,Bank Transfer,Retail,0.15
2023-07-03,Keyboard,Accessories,7,55.08,362.43,CUST1822,Eastern,Mobile Money,Wholesale,0.06
2023-07-03,Smartphone,Electronics,8,351.96,2505.96,CUST1047,Greater Accra,Cash,Wholesale,0.11
2023-07-04,Headphones,Electronics,5,41.76,183.74,CUST1699,Greater Accra,Card,Retail,0.12
2023-07-04,Mouse,Accessories,7,15.43,101.53,CUST1881,Central,Bank Transfer,Retail,0.06
2023-07-04,Desk Lamp,Furniture,5,51.85,233.33,CUST1475,Ashanti,Bank Transfer,Retail,0.1
2023-07-05,Printer,Electronics,3,228.63,631.02,CUST1871,Eastern,Mobile Money,Retail,0.08
2023-07-05,Bookshelf,Furniture,2,214.71,425.13,CUST1418,Eastern,Card,Retail,0.01
2023-07-05,Smartphone,Electronics,2,481.11,827.51,CUST1890,Greater Accra,Bank Transfer,Retail,0.14
2023-07-06,Monitor,Electronics,8,212.28,1562.38,CUST1420,Western,Bank Transfer,Wholesale,0.08
2023-07-07,Bookshelf,Furniture,8,290.06,2158.05,CUST1333,Bono,Card,Wholesale,0.07
2023-07-07,Phone Case,Accessories,2,27.08,48.74,CUST1147,Central,Mobile Money,Retail,0.1
2023-07-07,Desk,Furniture,2,435.49,827.43,CUST1429,Greater Accra,Mobile Money,Retail,0.05
2023-07-07,Office Chair,Furniture,13,221.4,2532.82,CUST1328,Volta,Card,Wholesale,0.12
2023-07-07,Printer,Electronics,2,486.36,894.9,CUST1115,Greater Accra,Mobile Money,Retail,0.08
2023-07-08,Tablet,Electronics,1,695.86,668.03,CUST1398,Ashanti,Cash,Retail,0.04
2023-07-08,Printer,Electronics,4,427.1,1554.64,CUST1899,Greater Accra,Card,Retail,0.09
2023-07-08,Keyboard,Accessories,9,45.52,319.55,CUST1307,Greater Accra,Mobile Money,Wholesale,0.22
2023-07-09,Phone Case,Accessories,6,22.34,121.98,CUST1736,Greater Accra,Bank Transfer,Retail,0.09
2023-07-09,Mouse,Accessories,7,18.27,120.22,CUST1330,Central,Mobile Money,Retail,0.06
2023-07-10,Monitor,Electronics,2,295.0,584.1,CUST1033,Greater Accra,Mobile Money,Retail,0.01
2023-07-10,Laptop,Electronics,3,1373.74,3832.73,CUST1862,Greater Accra,Bank Transfer,Retail,0.07
2023-07-10,USB Drive,Accessories,11,17.03,168.6,CUST1149,Greater Accra,Mobile Money,Retail,0.1
2023-07-10,Phone Case,Accessories,2,21.43,40.29,CUST1340,Central,Bank Transfer,Retail,0.06
2023-07-10,Desk Lamp,Furniture,6,49.92,278.55,CUST1942,Eastern,Mobile Money,Retail,0.07
2023-07-10,Tablet,Electronics,2,325.06,611.11,CUST1047,Ashanti,Card,Retail,0.06
2023-07-11,Desk,Furniture,6,417.39,2253.91,CUST1105,Greater Accra,Mobile Money,Retail,0.1
2023-07-11,Phone Case,Accessories,2,39.96,73.53,CUST1701,Ashanti,Mobile Money,Retail,0.08
2023-07-12,Phone Case,Accessories,6,10.32,52.63,CUST1186,Central,Card,Retail,0.15
2023-07-12,Tablet,Electronics,5,394.43,1912.99,CUST1239,Greater Accra,Cash,Retail,0.03
2023-07-12,Keyboard,Accessories,2,89.53,173.69,CUST1984,Western,Mobile Money,Retail,0.03
2023-07-12,Phone Case,Accessories,4,25.02,92.07,CUST1924,Greater Accra,Bank Transfer,Retail,0.08
2023-07-13,Headphones,Electronics,1,45.99,45.53,CUST1758,Eastern,Card,Retail,0.01
2023-07-13,Phone Case,Accessories,1,31.81,27.04,CUST1295,Greater Accra,Mobile Money,Retail,0.15
2023-07-13,Headphones,Electronics,6,120.97,573.4,CUST1485,Ashanti,Cash,Wholesale,0.21
2023-07-13,Monitor,Electronics,2,399.76,727.56,CUST1578,Ashanti,Mobile Money,Retail,0.09
2023-07-13,Laptop,Electronics,4,1426.63,5364.13,CUST1372,Western,Mobile Money,Retail,0.06
2023-07-14,Keyboard,Accessories,1,27.87,26.2,CUST1127,Greater Accra,Card,Retail,0.06
2023-07-14,Phone Case,Accessories,3,10.51,30.9,CUST1786,Bono,Mobile Money,Retail,0.02
2023-07-14,Headphones,Electronics,5,128.51,604.0,CUST1410,Greater Accra,Mobile Money,Retail,0.06
2023-07-15,USB Drive,Accessories,2,22.75,38.67,CUST1637,Greater Accra,Mobile Money,Retail,0.15
2023-07-15,Office Chair,Furniture,13,134.39,1519.95,CUST1305,Volta,Mobile Money,Wholesale,0.13
2023-07-15,Webcam,Electronics,8,170.77,1161.24,CUST1888,Greater Accra,Card,Wholesale,0.15
2023-07-15,Smartphone,Electronics,10,382.0,3705.4,CUST1068,Greater Accra,Card,Retail,0.03
2023-07-15,Keyboard,Accessories,1,119.24,103.74,CUST1231,Northern,Mobile Money,Retail,0.13
2023-07-15,Smartphone,Electronics,1,351.8,316.62,CUST1898,Northern,Card,Retail,0.1
2023-07-16,Mouse,Accessories,2,48.25,88.78,CUST1222,Ashanti,Card,Retail,0.08
2023-07-16,Monitor,Electronics,3,210.3,586.74,CUST1765,Northern,Card,Retail,0.07
2023-07-16,Keyboard,Accessories,8,34.96,232.13,CUST1668,Greater Accra,Card,Wholesale,0.17
2023-07-17,USB Drive,Accessories,1,39.21,38.03,CUST1560,Volta,Cash,Retail,0.03
2023-07-17,Webcam,Electronics,7,111.15,669.12,CUST1386,Ashanti,Mobile Money,Retail,0.14
2023-07-17,USB Drive,Accessories,14,21.98,240.02,CUST1060,Volta,Mobile Money,Wholesale,0.22
2023-07-18,Desk Lamp,Furniture,2,34.57,65.68,CUST1776,Greater Accra,Card,Retail,0.05
2023-07-18,Desk Lamp,Furniture,2,73.07,134.45,CUST1482,Northern,Mobile Money,Retail,0.08
2023-07-18,USB Drive,Accessories,11,34.78,336.67,CUST1409,Volta,Mobile Money,Wholesale,0.12
2023-07-18,Phone Case,Accessories,3,14.48,39.96,CUST1155,Greater Accra,Mobile Money,Retail,0.08
2023-07-18,Smartphone,Electronics,2,1133.43,2130.85,CUST1117,Ashanti,Cash,Retail,0.06
2023-07-19,Tablet,Electronics,3,462.38,1220.68,CUST1874,Greater Accra,Cash,Retail,0.12
2023-07-19,USB Drive,Accessories,4,31.61,113.8,CUST1821,Greater Accra,Card,Retail,0.1
2023-07-19,Keyboard,Accessories,5,84.64,393.58,CUST1455,Greater Accra,Mobile Money,Retail,0.07
2023-07-19,USB Drive,Accessories,3,32.74,97.24,CUST1923,Central,Card,Retail,0.01
2023-07-19,Mouse,Accessories,2,21.12,41.4,CUST1329,Eastern,Mobile Money,Retail,0.02
2023-07-19,Smartphone,Electronics,1,1176.67,1141.37,CUST1966,Greater Accra,Mobile Money,Retail,0.03
2023-07-19,Keyboard,Accessories,2,102.93,203.8,CUST1543,Greater Accra,Mobile Money,Retail,0.01
2023-07-20,USB Drive,Accessories,2,10.45,20.27,CUST1135,Ashanti,Card,Retail,0.03
2023-07-20,USB Drive,Accessories,2,17.93,32.99,CUST1734,Greater Accra,Cash,Retail,0.08
2023-07-20,Desk,Furniture,6,392.44,2095.63,CUST1968,Western,Card,Retail,0.11
2023-07-20,Smartphone,Electronics,15,768.68,11068.99,CUST1054,Bono,Card,Retail,0.04
2023-07-20,Keyboard,Accessories,9,46.58,373.11,CUST1150,Eastern,Mobile Money,Wholesale,0.11
2023-07-20,Mouse,Accessories,2,26.57,52.08,CUST1706,Volta,Bank Transfer,Retail,0.02
2023-07-21,Bookshelf,Furniture,4,167.62,576.61,CUST1081,Central,Card,Retail,0.14
2023-07-21,Keyboard,Accessories,1,94.63,85.17,CUST1916,Greater Accra,Card,Retail,0.1
2023-07-22,Desk Lamp,Furniture,5,59.93,263.69,CUST1692,Greater Accra,Mobile Money,Retail,0.12
2023-07-22,Keyboard,Accessories,8,65.32,433.72,CUST1227,Greater Accra,Mobile Money,Wholesale,0.17
2023-07-24,Tablet,Electronics,6,590.27,3435.37,CUST1985,Eastern,Card,Retail,0.03
2023-07-24,Headphones,Electronics,2,107.84,213.52,CUST1858,Ashanti,Card,Retail,0.01
2023-07-24,Smartphone,Electronics,2,584.5,1075.48,CUST1274,Western,Card,Retail,0.08
2023-07-25,Monitor,Electronics,1,385.69,331.69,CUST1597,Western,Mobile Money,Retail,0.14
2023-07-25,USB Drive,Accessories,1,19.14,17.03,CUST1933,Greater Accra,Mobile Money,Retail,0.11
2023-07-25,Phone Case,Accessories,9,28.22,231.12,CUST1836,Ashanti,Card,Retail,0.09
2023-07-25,Phone Case,Accessories,9,32.84,257.14,CUST1718,Bono,Cash,Retail,0.13
2023-07-26,Phone Case,Accessories,1,16.76,16.42,CUST1984,Greater Accra,Mobile Money,Retail,0.02
2023-07-26,Desk Lamp,Furniture,3,80.96,235.59,CUST1444,Greater Accra,Mobile Money,Retail,0.03
2023-07-27,Headphones,Electronics,10,122.6,1091.14,CUST1873,Ashanti,Cash,Wholesale,0.11
2023-07-27,Headphones,Electronics,9,83.17,651.22,CUST1569,Greater Accra,Bank Transfer,Wholesale,0.13
2023-07-27,Desk Lamp,Furniture,1,51.46,46.31,CUST1626,Greater Accra,Card,Retail,0.1
2023-07-28,Office Chair,Furniture,9,158.36,1296.97,CUST1523,Eastern,Cash,Wholesale,0.09
2023-07-28,Monitor,Electronics,2,223.9,420.93,CUST1332,Greater Accra,Bank Transfer,Retail,0.06
2023-07-29,Laptop,Electronics,4,1165.45,4521.95,CUST1418,Greater Accra,Cash,Retail,0.03
2023-07-29,Desk Lamp,Furniture,1,60.56,59.35,CUST1900,Central,Card,Retail,0.02
2023-07-29,Mouse,Accessories,9,41.88,324.15,CUST1507,Greater Accra,Mobile Money,Wholesale,0.14
2023-07-31,USB Drive,Accessories,4,31.94,103.49,CUST1740,Northern,Card,Wholesale,0.19
2023-07-31,Printer,Electronics,2,300.75,511.27,CUST1026,Greater Accra,Bank Transfer,Wholesale,0.15
2023-07-31,Keyboard,Accessories,1,77.77,69.99,CUST1696,Eastern,Bank Transfer,Retail,0.1
2023-07-31,Printer,Electronics,10,253.54,1901.55,CUST1396,Greater Accra,Mobile Money,Wholesale,0.25
2023-07-31,USB Drive,Accessories,2,29.65,58.11,CUST1705,Ashanti,Card,Retail,0.02
2023-07-31,Phone Case,Accessories,2,34.62,68.55,CUST1691,Greater Accra,Mobile Money,Retail,0.01
2023-08-01,USB Drive,Accessories,3,20.57,54.3,CUST1929,Ashanti,Cash,Retail,0.12
2023-08-01,Monitor,Electronics,4,470.91,1676.44,CUST1329,Ashanti,Bank Transfer,Retail,0.11
2023-08-01,Office Chair,Furniture,3,137.64,371.63,CUST1645,Ashanti,Cash,Retail,0.1
2023-08-01,USB Drive,Accessories,2,26.07,50.05,CUST1022,Ashanti,Cash,Retail,0.04
2023-08-01,Laptop,Electronics,3,1116.94,3049.25,CUST1538,Greater Accra,Bank Transfer,Retail,0.09
2023-08-01,USB Drive,Accessories,10,36.31,315.9,CUST1268,Greater Accra,Card,Retail,0.13
2023-08-02,Tablet,Electronics,2,682.38,1323.82,CUST1382,Central,Mobile Money,Retail,0.03
2023-08-02,Desk Lamp,Furniture,6,70.28,404.81,CUST1190,Greater Accra,Mobile Money,Retail,0.04
2023-08-02,Keyboard,Accessories,12,42.85,483.35,CUST1069,Greater Accra,Mobile Money,Wholesale,0.06
2023-08-02,Desk Lamp,Furniture,3,36.05,102.74,CUST1047,Ashanti,Card,Retail,0.05
2023-08-02,USB Drive,Accessories,2,31.23,59.96,CUST1654,Bono,Mobile Money,Retail,0.04
2023-08-02,Smartphone,Electronics,10,511.98,3839.85,CUST1071,Greater Accra,Mobile Money,Wholesale,0.25
2023-08-03,Desk,Furniture,1,596.04,518.55,CUST1817,Greater Accra,Bank Transfer,Retail,0.13
2023-08-03,Desk,Furniture,14,199.0,2674.56,CUST1324,Western,Mobile Money,Retail,0.04
2023-08-03,USB Drive,Accessories,2,18.01,33.14,CUST1005,Western,Mobile Money,Retail,0.08
2023-08-03,Webcam,Electronics,2,47.99,82.54,CUST1469,Greater Accra,Mobile Money,Retail,0.14
2023-08-03,Bookshelf,Furniture,10,155.7,1479.15,CUST1172,Greater Accra,Cash,Wholesale,0.05
2023-08-03,Monitor,Electronics,1,237.38,206.52,CUST1163,Greater Accra,Cash,Retail,0.13
2023-08-04,Desk Lamp,Furniture,4,66.73,229.55,CUST1238,Ashanti,Mobile Money,Retail,0.14
2023-08-04,USB Drive,Accessories,1,12.86,12.47,CUST1443,Central,Mobile Money,Retail,0.03
2023-08-04,Monitor,Electronics,1,469.66,460.27,CUST1049,Greater Accra,Mobile Money,Retail,0.02
2023-08-04,Desk,Furniture,12,577.86,6587.6,CUST1337,Greater Accra,Bank Transfer,Wholesale,0.05
2023-08-05,Mouse,Accessories,2,33.93,63.11,CUST1918,Central,Card,Retail,0.07
2023-08-05,Phone Case,Accessories,9,11.94,94.56,CUST1051,Greater Accra,Bank Transfer,Retail,0.12
2023-08-05,Tablet,Electronics,8,245.69,1729.66,CUST1022,Western,Mobile Money,Retail,0.12
2023-08-06,Phone Case,Accessories,1,36.73,33.79,CUST1638,Greater Accra,Mobile Money,Wholesale,0.08
2023-08-06,Laptop,Electronics,4,1264.6,4501.98,CUST1712,Greater Accra,Bank Transfer,Retail,0.11
2023-08-06,Webcam,Electronics,2,98.25,194.53,CUST1216,Greater Accra,Cash,Retail,0.01
2023-08-07,Mouse,Accessories,4,37.47,148.38,CUST1246,Bono,Card,Retail,0.01
2023-08-07,Webcam,Electronics,2,144.59,277.61,CUST1505,Volta,Mobile Money,Retail,0.04
2023-08-07,Headphones,Electronics,2,45.41,86.28,CUST1908,Central,Cash,Retail,0.05
2023-08-08,Desk,Furniture,1,422.28,413.83,CUST1481,Greater Accra,Card,Retail,0.02
2023-08-08,Mouse,Accessories,1,26.52,24.4,CUST1595,Greater Accra,Cash,Retail,0.08
2023-08-08,Phone Case,Accessories,2,16.08,30.87,CUST1689,Central,Card,Retail,0.04
2023-08-09,Webcam,Electronics,2,63.81,121.24,CUST1573,Ashanti,Cash,Retail,0.05
2023-08-09,Phone Case,Accessories,4,42.55,163.39,CUST1077,Greater Accra,Mobile Money,Retail,0.04
2023-08-09,Keyboard,Accessories,8,112.19,771.87,CUST1253,Greater Accra,Mobile Money,Retail,0.14
2023-08-09,Headphones,Electronics,2,174.41,303.47,CUST1216,Central,Cash,Retail,0.13
2023-08-09,Headphones,Electronics,6,40.48,213.73,CUST1456,Ashanti,Cash,Retail,0.12
2023-08-09,Phone Case,Accessories,1,28.15,25.05,CUST1243,Bono,Cash,Retail,0.11
2023-08-10,Phone Case,Accessories,3,23.24,64.14,CUST1654,Greater Accra,Card,Retail,0.08
2023-08-10,Monitor,Electronics,3,355.7,1067.1,CUST1681,Greater Accra,Mobile Money,Retail,0.0
2023-08-10,Smartphone,Electronics,1,934.17,924.83,CUST1248,Volta,Card,Retail,0.01
2023-08-11,USB Drive,Accessories,2,15.24,29.87,CUST1503,Greater Accra,Mobile Money,Retail,0.02
2023-08-11,Monitor,Electronics,1,235.59,202.61,CUST1750,Greater Accra,Cash,Retail,0.14
2023-08-11,Desk,Furniture,1,279.1,242.82,CUST1571,Western,Card,Retail,0.13
2023-08-11,USB Drive,Accessories,10,12.67,97.56,CUST1815,Greater Accra,Card,Wholesale,0.23
2023-08-12,Mouse,Accessories,7,47.92,318.67,CUST1564,Greater Accra,Cash,Retail,0.05
2023-08-13,Mouse,Accessories,2,44.91,80.84,CUST1381,Eastern,Mobile Money,Retail,0.1
2023-08-14,Webcam,Electronics,7,155.05,998.52,CUST1305,Greater Accra,Card,Retail,0.08
2023-08-14,Keyboard,Accessories,3,32.9,95.74,CUST1314,Bono,Card,Retail,0.03
2023-08-14,Bookshelf,Furniture,3,145.7,402.13,CUST1435,Ashanti,Mobile Money,Retail,0.08
2023-08-14,Printer,Electronics,13,289.48,3349.28,CUST1956,Greater Accra,Mobile Money,Wholesale,0.11
2023-08-14,Mouse,Accessories,3,18.33,50.59,CUST1211,Ashanti,Mobile Money,Retail,0.08
2023-08-14,Mouse,Accessories,1,27.34,26.52,CUST1348,Greater Accra,Mobile Money,Retail,0.03
2023-08-14,Desk Lamp,Furniture,2,67.98,127.8,CUST1731,Central,Mobile Money,Retail,0.06
2023-08-14,Keyboard,Accessories,1,43.03,40.88,CUST1843,Ashanti,Card,Retail,0.05
2023-08-15,Mouse,Accessories,2,22.57,41.53,CUST1106,Greater Accra,Mobile Money,Retail,0.08
2023-08-15,Webcam,Electronics,3,104.74,295.37,CUST1192,Greater Accra,Bank Transfer,Retail,0.06
2023-08-15,Office Chair,Furniture,4,266.98,843.66,CUST1891,Ashanti,Bank Transfer,Wholesale,0.21
2023-08-15,Smartphone,Electronics,1,428.66,381.51,CUST1449,Eastern,Card,Retail,0.11
2023-08-15,Bookshelf,Furniture,2,186.01,368.3,CUST1750,Greater Accra,Mobile Money,Retail,0.01
2023-08-15,Webcam,Electronics,5,171.46,780.14,CUST1036,Western,Mobile Money,Retail,0.09
2023-08-16,Smartphone,Electronics,6,1090.32,5887.73,CUST1558,Ashanti,Cash,Retail,0.1
2023-08-16,USB Drive,Accessories,4,32.28,118.79,CUST1638,Greater Accra,Mobile Money,Retail,0.08
2023-08-17,Phone Case,Accessories,3,27.7,72.3,CUST1459,Greater Accra,Card,Retail,0.13
2023-08-17,Desk,Furniture,2,323.62,640.77,CUST1853,Bono,Mobile Money,Retail,0.01
2023-08-17,Keyboard,Accessories,6,91.78,534.16,CUST1842,Greater Accra,Mobile Money,Retail,0.03
2023-08-17,Mouse,Accessories,3,26.65,70.36,CUST1985,Ashanti,Bank Transfer,Retail,0.12
2023-08-17,Smartphone,Electronics,1,813.59,756.64,CUST1166,Greater Accra,Mobile Money,Retail,0.07
2023-08-17,Phone Case,Accessories,4,17.5,65.8,CUST1588,Greater Accra,Mobile Money,Retail,0.06
2023-08-17,Monitor,Electronics,1,398.4,362.54,CUST1647,Ashanti,Mobile Money,Retail,0.09
2023-08-17,Office Chair,Furniture,5,132.36,595.62,CUST1761,Ashanti,Bank Transfer,Retail,0.1
2023-08-18,USB Drive,Accessories,1,32.95,29.66,CUST1012,Greater Accra,Card,Retail,0.1
2023-08-18,USB Drive,Accessories,1,23.85,21.94,CUST1094,Ashanti,Mobile Money,Retail,0.08
2023-08-19,Headphones,Electronics,4,56.96,205.06,CUST1156,Greater Accra,Card,Retail,0.1
2023-08-20,USB Drive,Accessories,1,19.52,16.98,CUST1998,Bono,Mobile Money,Retail,0.13
2023-08-20,Office Chair,Furniture,1,214.34,201.48,CUST1372,Northern,Card,Retail,0.06
2023-08-20,Office Chair,Furniture,8,153.73,1057.66,CUST1291,Western,Cash,Wholesale,0.14
2023-08-21,Desk,Furniture,3,461.64,1260.28,CUST1464,Greater Accra,Mobile Money,Retail,0.09
2023-08-21,Smartphone,Electronics,9,1100.06,9108.5,CUST1181,Ashanti,Cash,Retail,0.08
2023-08-22,Printer,Electronics,2,374.28,673.7,CUST1060,Greater Accra,Bank Transfer,Retail,0.1
2023-08-22,Monitor,Electronics,8,332.48,2420.45,CUST1754,Greater Accra,Card,Wholesale,0.09
2023-08-22,USB Drive,Accessories,1,19.72,17.55,CUST1685,Central,Cash,Retail,0.11
2023-08-22,Headphones,Electronics,1,54.4,46.24,CUST1149,Greater Accra,Bank Transfer,Retail,0.15
2023-08-23,Phone Case,Accessories,1,40.37,38.76,CUST1059,Ashanti,Bank Transfer,Retail,0.04
2023-08-24,Mouse,Accessories,1,31.18,30.56,CUST1199,Central,Bank Transfer,Retail,0.02
2023-08-25,Mouse,Accessories,1,26.28,22.34,CUST1922,Greater Accra,Mobile Money,Retail,0.15
2023-08-25,Smartphone,Electronics,4,967.12,3520.32,CUST1558,Greater Accra,Bank Transfer,Retail,0.09
2023-08-25,Tablet,Electronics,4,362.81,1378.68,CUST1926,Western,Card,Retail,0.05
2023-08-25,Phone Case,Accessories,3,35.95,101.38,CUST1844,Greater Accra,Card,Retail,0.06
2023-08-25,Phone Case,Accessories,3,11.54,33.93,CUST1825,Western,Mobile Money,Retail,0.02
2023-08-28,USB Drive,Accessories,4,14.82,53.35,CUST1902,Ashanti,Mobile Money,Retail,0.1
2023-08-28,Desk,Furniture,13,543.04,5435.83,CUST1777,Ashanti,Cash,Wholesale,0.23
2023-08-28,Headphones,Electronics,6,148.26,836.19,CUST1402,Bono,Mobile Money,Retail,0.06
2023-08-28,Smartphone,Electronics,5,1075.39,5054.33,CUST1268,Greater Accra,Mobile Money,Retail,0.06
2023-08-28,Headphones,Electronics,8,76.8,466.94,CUST1033,Volta,Cash,Wholesale,0.24
2023-08-28,Mouse,Accessories,3,22.17,65.18,CUST1106,Greater Accra,Cash,Retail,0.02
2023-08-28,Mouse,Accessories,2,42.1,81.67,CUST1183,Greater Accra,Mobile Money,Retail,0.03
2023-08-29,Office Chair,Furniture,5,199.01,965.2,CUST1328,Greater Accra,Mobile Money,Retail,0.03
2023-08-29,USB Drive,Accessories,1,38.62,37.85,CUST1145,Volta,Mobile Money,Retail,0.02
2023-08-29,Headphones,Electronics,8,76.43,556.41,CUST1341,Greater Accra,Card,Retail,0.09
2023-08-29,Phone Case,Accessories,1,21.3,19.6,CUST1909,Eastern,Mobile Money,Retail,0.08
2023-08-29,Laptop,Electronics,2,847.12,1626.47,CUST1501,Volta,Mobile Money,Retail,0.04
2023-08-29,USB Drive,Accessories,2,20.77,36.97,CUST1785,Ashanti,Cash,Retail,0.11
2023-08-29,Monitor,Electronics,1,385.53,335.41,CUST1388,Eastern,Mobile Money,Retail,0.13
2023-08-30,USB Drive,Accessories,1,19.48,16.75,CUST1038,Central,Mobile Money,Retail,0.14
2023-08-31,Keyboard,Accessories,1,105.87,100.58,CUST1930,Greater Accra,Cash,Retail,0.05
2023-08-31,Desk Lamp,Furniture,2,54.71,97.38,CUST1540,Eastern,Mobile Money,Wholesale,0.11
2023-09-01,Headphones,Electronics,1,109.43,109.43,CUST1352,Central,Cash,Retail,0.0
2023-09-01,Tablet,Electronics,8,282.9,2240.57,CUST1830,Volta,Card,Retail,0.01
2023-09-02,Office Chair,Furniture,1,144.78,141.88,CUST1078,Western,Bank Transfer,Retail,0.02
2023-09-02,Mouse,Accessories,6,24.69,140.73,CUST1723,Western,Mobile Money,Retail,0.05
2023-09-03,Desk Lamp,Furniture,8,86.2,620.64,CUST1819,Western,Bank Transfer,Wholesale,0.1
2023-09-04,Office Chair,Furniture,2,129.95,244.31,CUST1421,Greater Accra,Mobile Money,Retail,0.06
2023-09-04,Smartphone,Electronics,1,481.47,433.32,CUST1181,Greater Accra,Mobile Money,Retail,0.1
2023-09-04,Desk,Furniture,1,238.11,209.54,CUST1167,Greater Accra,Card,Retail,0.12
2023-09-05,Bookshelf,Furniture,12,106.75,1204.14,CUST1265,Northern,Mobile Money,Wholesale,0.06
2023-09-05,Mouse,Accessories,5,21.61,101.57,CUST1961,Greater Accra,Card,Retail,0.06
2023-09-06,Headphones,Electronics,1,81.22,75.53,CUST1481,Greater Accra,Cash,Retail,0.07
2023-09-07,Tablet,Electronics,5,465.75,2189.03,CUST1653,Greater Accra,Cash,Retail,0.06
2023-09-07,Phone Case,Accessories,3,38.91,113.23,CUST1433,Eastern,Bank Transfer,Retail,0.03
2023-09-07,Mouse,Accessories,9,35.56,284.84,CUST1043,Northern,Card,Wholesale,0.11
2023-09-07,Desk,Furniture,1,269.06,239.46,CUST1222,Northern,Mobile Money,Retail,0.11
2023-09-07,Headphones,Electronics,2,81.82,140.73,CUST1145,Eastern,Cash,Retail,0.14
2023-09-08,Tablet,Electronics,5,351.52,1581.84,CUST1956,Western,Card,Retail,0.1
2023-09-08,Keyboard,Accessories,3,39.09,105.54,CUST1883,Western,Bank Transfer,Retail,0.1
2023-09-09,Webcam,Electronics,1,78.22,74.31,CUST1539,Greater Accra,Cash,Retail,0.05
2023-09-09,Keyboard,Accessories,1,82.48,72.58,CUST1848,Greater Accra,Card,Retail,0.12
2023-09-10,Office Chair,Furniture,12,165.19,1843.52,CUST1855,Western,Cash,Wholesale,0.07
2023-09-11,Smartphone,Electronics,3,627.86,1789.4,CUST1877,Greater Accra,Mobile Money,Retail,0.05
2023-09-11,Desk Lamp,Furniture,7,58.57,348.49,CUST1349,Greater Accra,Cash,Retail,0.15
2023-09-11,Phone Case,Accessories,5,11.21,54.37,CUST1898,Northern,Cash,Retail,0.03
2023-09-12,Phone Case,Accessories,2,18.83,37.66,CUST1587,Bono,Cash,Retail,0.0
2023-09-12,Keyboard,Accessories,15,63.38,827.11,CUST1299,Eastern,Card,Wholesale,0.13
2023-09-12,Keyboard,Accessories,4,56.54,201.28,CUST1089,Greater Accra,Mobile Money,Retail,0.11
2023-09-12,Phone Case,Accessories,1,41.73,36.31,CUST1627,Central,Cash,Retail,0.13
2023-09-12,Laptop,Electronics,7,1214.22,7479.6,CUST1356,Central,Card,Retail,0.12
2023-09-12,Keyboard,Accessories,1,79.83,72.65,CUST1309,Greater Accra,Mobile Money,Retail,0.09
2023-09-13,Phone Case,Accessories,3,20.16,51.41,CUST1648,Central,Mobile Money,Retail,0.15
2023-09-13,Laptop,Electronics,10,1082.53,8443.73,CUST1151,Central,Mobile Money,Wholesale,0.22
2023-09-13,Phone Case,Accessories,1,38.41,37.64,CUST1932,Greater Accra,Cash,Retail,0.02
2023-09-14,Mouse,Accessories,1,40.21,39.81,CUST1134,Western,Cash,Retail,0.01
2023-09-14,Bookshelf,Furniture,11,141.74,1387.63,CUST1854,Greater Accra,Cash,Wholesale,0.11
2023-09-14,Smartphone,Electronics,2,391.63,736.26,CUST1604,Ashanti,Cash,Retail,0.06
2023-09-14,Bookshelf,Furniture,1,158.28,153.53,CUST1133,Ashanti,Card,Retail,0.03
2023-09-14,USB Drive,Accessories,3,17.75,47.93,CUST1707,Greater Accra,Mobile Money,Retail,0.1
2023-09-14,Desk,Furniture,10,289.14,2544.43,CUST1033,Eastern,Cash,Wholesale,0.12
2023-09-15,Headphones,Electronics,1,63.7,59.88,CUST1489,Greater Accra,Bank Transfer,Retail,0.06
2023-09-15,Printer,Electronics,10,485.62,4370.58,CUST1647,Volta,Cash,Retail,0.1
2023-09-15,Keyboard,Accessories,5,43.15,194.18,CUST1446,Volta,Bank Transfer,Retail,0.1
2023-09-15,Printer,Electronics,10,437.71,4202.02,CUST1947,Eastern,Cash,Retail,0.04
2023-09-16,USB Drive,Accessories,8,11.27,78.44,CUST1879,Ashanti,Bank Transfer,Wholesale,0.13
2023-09-16,Bookshelf,Furniture,4,248.96,946.05,CUST1752,Eastern,Cash,Retail,0.05
2023-09-16,Mouse,Accessories,1,17.02,16.51,CUST1139,Eastern,Cash,Retail,0.03
2023-09-17,Phone Case,Accessories,1,16.89,15.54,CUST1331,Central,Mobile Money,Retail,0.08
2023-09-18,Desk Lamp,Furniture,4,66.82,261.93,CUST1471,Eastern,Bank Transfer,Retail,0.02
2023-09-18,Laptop,Electronics,3,1014.99,2649.12,CUST1741,Ashanti,Cash,Retail,0.13
2023-09-18,Headphones,Electronics,1,80.17,73.76,CUST1812,Greater Accra,Cash,Retail,0.08
2023-09-18,Keyboard,Accessories,8,44.02,345.12,CUST1778,Bono,Mobile Money,Retail,0.02
2023-09-19,Keyboard,Accessories,3,106.23,286.82,CUST1597,Greater Accra,Cash,Retail,0.1
2023-09-19,Office Chair,Furniture,3,274.33,798.3,CUST1993,Eastern,Mobile Money,Retail,0.03
2023-09-20,Keyboard,Accessories,6,32.73,184.6,CUST1033,Greater Accra,Cash,Wholesale,0.06
2023-09-20,Desk,Furniture,2,380.17,661.5,CUST1285,Greater Accra,Cash,Retail,0.13
2023-09-20,Phone Case,Accessories,3,26.64,75.12,CUST1473,Greater Accra,Mobile Money,Retail,0.06
2023-09-21,Webcam,Electronics,2,87.64,168.27,CUST1473,Western,Cash,Retail,0.04
2023-09-21,Headphones,Electronics,5,105.5,474.75,CUST1120,Greater Accra,Mobile Money,Retail,0.1
2023-09-21,Desk Lamp,Furniture,1,25.64,24.87,CUST1495,Northern,Mobile Money,Retail,0.03
2023-09-21,Headphones,Electronics,1,163.08,146.77,CUST1242,Ashanti,Card,Retail,0.1
2023-09-21,Mouse,Accessories,3,28.78,86.34,CUST1699,Ashanti,Mobile Money,Retail,0.0
2023-09-22,Phone Case,Accessories,5,31.51,132.34,CUST1425,Ashanti,Cash,Wholesale,0.16
2023-09-23,Office Chair,Furniture,5,323.4,1358.28,CUST1112,Eastern,Bank Transfer,Wholesale,0.16
2023-09-24,USB Drive,Accessories,2,36.97,65.81,CUST1531,Ashanti,Card,Retail,0.11
2023-09-24,Keyboard,Accessories,1,100.63,98.62,CUST1068,Greater Accra,Mobile Money,Retail,0.02
2023-09-25,USB Drive,Accessories,7,32.56,198.29,CUST1165,Greater Accra,Cash,Retail,0.13
2023-09-25,Laptop,Electronics,1,1105.7,973.02,CUST1892,Ashanti,Card,Retail,0.12
2023-09-25,Bookshelf,Furniture,1,279.5,240.37,CUST1627,Greater Accra,Mobile Money,Retail,0.14
2023-09-26,Webcam,Electronics,2,154.99,309.98,CUST1864,Eastern,Mobile Money,Retail,0.0
2023-09-26,Phone Case,Accessories,3,44.84,126.45,CUST1539,Greater Accra,Card,Retail,0.06
2023-09-26,Smartphone,Electronics,9,969.37,7502.92,CUST1864,Northern,Card,Wholesale,0.14
2023-09-26,Office Chair,Furniture,3,254.72,725.95,CUST1812,Ashanti,Cash,Retail,0.05
2023-09-27,Headphones,Electronics,3,63.19,172.51,CUST1571,Greater Accra,Mobile Money,Retail,0.09
2023-09-27,Office Chair,Furniture,7,267.86,1856.27,CUST1869,Ashanti,Mobile Money,Retail,0.01
2023-09-27,Office Chair,Furniture,6,311.59,1757.37,CUST1303,Greater Accra,Mobile Money,Retail,0.06
2023-09-27,Printer,Electronics,1,406.64,345.64,CUST1519,Greater Accra,Mobile Money,Retail,0.15
2023-09-28,Headphones,Electronics,13,72.67,784.11,CUST1612,Ashanti,Card,Wholesale,0.17
2023-09-28,Office Chair,Furniture,5,226.07,960.8,CUST1228,Eastern,Mobile Money,Retail,0.15
2023-09-28,Keyboard,Accessories,5,115.04,454.41,CUST1574,Ashanti,Cash,Wholesale,0.21
2023-09-28,Bookshelf,Furniture,4,112.88,392.82,CUST1996,Western,Mobile Money,Retail,0.13
2023-09-29,Phone Case,Accessories,1,13.66,12.57,CUST1690,Ashanti,Card,Retail,0.08
2023-09-29,Phone Case,Accessories,8,28.75,207.0,CUST1528,Western,Card,Retail,0.1
2023-10-01,USB Drive,Accessories,1,29.17,24.21,CUST1115,Ashanti,Mobile Money,Wholesale,0.17
2023-10-02,Monitor,Electronics,1,190.6,186.79,CUST1418,Greater Accra,Cash,Retail,0.02
2023-10-02,Webcam,Electronics,4,161.31,587.17,CUST1868,Greater Accra,Mobile Money,Retail,0.09
2023-10-03,Keyboard,Accessories,3,80.07,216.19,CUST1459,Western,Cash,Retail,0.1
2023-10-03,Keyboard,Accessories,5,64.96,289.07,CUST1799,Ashanti,Mobile Money,Retail,0.11
2023-10-03,Office Chair,Furniture,2,171.78,329.82,CUST1729,Western,Cash,Retail,0.04
2023-10-03,Desk Lamp,Furniture,5,60.72,294.49,CUST1181,Central,Mobile Money,Retail,0.03
2023-10-03,Monitor,Electronics,3,199.34,592.04,CUST1951,Greater Accra,Card,Retail,0.01
2023-10-05,Tablet,Electronics,4,639.16,2224.28,CUST1978,Bono,Cash,Retail,0.13
2023-10-05,Tablet,Electronics,1,628.25,621.97,CUST1612,Eastern,Cash,Retail,0.01
2023-10-05,USB Drive,Accessories,11,20.97,200.68,CUST1006,Greater Accra,Cash,Wholesale,0.13
2023-10-05,Tablet,Electronics,2,213.12,362.3,CUST1243,Northern,Mobile Money,Retail,0.15
2023-10-05,Tablet,Electronics,6,433.02,2416.25,CUST1770,Ashanti,Card,Wholesale,0.07
2023-10-05,Phone Case,Accessories,2,19.18,34.14,CUST1982,Eastern,Bank Transfer,Retail,0.11
2023-10-06,Headphones,Electronics,3,111.26,293.73,CUST1257,Ashanti,Mobile Money,Retail,0.12
2023-10-06,Headphones,Electronics,11,47.71,419.85,CUST1980,Western,Card,Wholesale,0.2
2023-10-06,Mouse,Accessories,8,25.4,178.82,CUST1127,Ashanti,Card,Wholesale,0.12
2023-10-07,Webcam,Electronics,3,86.7,228.89,CUST1595,Greater Accra,Mobile Money,Retail,0.12
2023-10-09,Laptop,Electronics,2,1263.79,2477.03,CUST1310,Greater Accra,Mobile Money,Retail,0.02
2023-10-09,Phone Case,Accessories,2,32.65,62.03,CUST1323,Central,Card,Retail,0.05
2023-10-10,Phone Case,Accessories,7,33.05,210.53,CUST1181,Greater Accra,Cash,Retail,0.09
2023-10-10,Mouse,Accessories,3,19.8,58.21,CUST1671,Ashanti,Mobile Money,Retail,0.02
2023-10-10,Mouse,Accessories,1,26.84,24.42,CUST1542,Greater Accra,Cash,Retail,0.09
2023-10-11,USB Drive,Accessories,4,35.8,127.45,CUST1444,Greater Accra,Mobile Money,Retail,0.11
2023-10-11,Monitor,Electronics,6,191.64,1000.36,CUST1683,Greater Accra,Mobile Money,Retail,0.13
2023-10-11,Phone Case,Accessories,2,19.12,34.03,CUST1825,Greater Accra,Mobile Money,Retail,0.11
2023-10-11,Phone Case,Accessories,3,31.52,88.89,CUST1718,Greater Accra,Mobile Money,Retail,0.06
2023-10-12,Office Chair,Furniture,2,290.66,523.19,CUST1002,Greater Accra,Cash,Retail,0.1
2023-10-12,Phone Case,Accessories,2,28.46,54.64,CUST1762,Ashanti,Mobile Money,Retail,0.04
2023-10-13,USB Drive,Accessories,3,15.44,40.76,CUST1365,Greater Accra,Mobile Money,Retail,0.12
2023-10-13,Mouse,Accessories,1,21.82,20.07,CUST1392,Ashanti,Bank Transfer,Retail,0.08
2023-10-13,Mouse,Accessories,3,39.81,114.65,CUST1628,Greater Accra,Mobile Money,Retail,0.04
2023-10-13,Tablet,Electronics,12,685.11,7892.47,CUST1515,Eastern,Mobile Money,Retail,0.04
2023-10-14,USB Drive,Accessories,5,24.79,117.75,CUST1758,Central,Card,Wholesale,0.05
2023-10-15,Headphones,Electronics,3,67.94,191.59,CUST1503,Bono,Mobile Money,Retail,0.06
2023-10-15,Smartphone,Electronics,8,450.71,3245.11,CUST1686,Western,Mobile Money,Retail,0.1
2023-10-15,Mouse,Accessories,1,29.98,26.68,CUST1073,Central,Cash,Retail,0.11
2023-10-15,USB Drive,Accessories,1,16.68,15.01,CUST1591,Greater Accra,Mobile Money,Retail,0.1
2023-10-16,Smartphone,Electronics,1,1146.85,1032.16,CUST1742,Greater Accra,Mobile Money,Retail,0.1
2023-10-16,Phone Case,Accessories,6,15.58,88.81,CUST1778,Volta,Card,Retail,0.05
2023-10-16,Tablet,Electronics,2,251.25,442.2,CUST1618,Central,Mobile Money,Retail,0.12
2023-10-16,Laptop,Electronics,2,879.23,1670.54,CUST1209,Eastern,Mobile Money,Retail,0.05
2023-10-16,Monitor,Electronics,5,438.16,1949.81,CUST1583,Greater Accra,Cash,Wholesale,0.11
2023-10-16,Keyboard,Accessories,2,35.99,63.34,CUST1391,Western,Mobile Money,Retail,0.12
2023-10-17,Mouse,Accessories,4,45.91,167.11,CUST1216,Greater Accra,Cash,Retail,0.09
2023-10-17,USB Drive,Accessories,2,25.37,43.64,CUST1737,Greater Accra,Cash,Retail,0.14
2023-10-17,USB Drive,Accessories,2,22.25,42.27,CUST1825,Eastern,Mobile Money,Retail,0.05
2023-10-17,USB Drive,Accessories,2,29.16,51.32,CUST1051,Eastern,Bank Transfer,Retail,0.12
2023-10-17,Phone Case,Accessories,1,16.39,15.08,CUST1747,Eastern,Mobile Money,Retail,0.08
2023-10-18,Phone Case,Accessories,5,38.61,181.47,CUST1904,Greater Accra,Cash,Retail,0.06
2023-10-19,Bookshelf,Furniture,1,264.34,237.91,CUST1123,Greater Accra,Cash,Wholesale,0.1
2023-10-19,Bookshelf,Furniture,4,272.19,1066.98,CUST1915,Western,Cash,Retail,0.02
2023-10-20,Keyboard,Accessories,1,30.7,30.09,CUST1186,Greater Accra,Mobile Money,Retail,0.02
2023-10-20,USB Drive,Accessories,2,24.95,47.9,CUST1820,Eastern,Card,Retail,0.04
2023-10-20,Bookshelf,Furniture,11,177.7,1817.87,CUST1975,Ashanti,Mobile Money,Retail,0.07
2023-10-20,Phone Case,Accessories,2,25.53,50.04,CUST1192,Ashanti,Mobile Money,Retail,0.02
2023-10-21,Office Chair,Furniture,11,214.71,2149.25,CUST1737,Greater Accra,Card,Wholesale,0.09
2023-10-21,Desk Lamp,Furniture,4,49.84,181.42,CUST1791,Central,Mobile Money,Retail,0.09
2023-10-22,Desk,Furniture,1,447.4,429.5,CUST1095,Greater Accra,Cash,Retail,0.04
2023-10-23,Tablet,Electronics,3,242.55,647.61,CUST1394,Greater Accra,Mobile Money,Retail,0.11
2023-10-24,Printer,Electronics,2,508.0,924.56,CUST1376,Greater Accra,Cash,Retail,0.09
2023-10-24,Smartphone,Electronics,6,1027.64,4747.7,CUST1364,Volta,Mobile Money,Wholesale,0.23
2023-10-24,Tablet,Electronics,7,657.4,3589.4,CUST1760,Greater Accra,Cash,Wholesale,0.22
2023-10-25,Desk Lamp,Furniture,2,44.98,80.06,CUST1647,Greater Accra,Mobile Money,Retail,0.11
2023-10-25,Office Chair,Furniture,11,288.09,2471.81,CUST1491,Ashanti,Card,Wholesale,0.22
2023-10-25,Desk Lamp,Furniture,1,78.8,70.92,CUST1455,Ashanti,Mobile Money,Retail,0.1
2023-10-25,Desk Lamp,Furniture,6,88.76,404.75,CUST1228,Greater Accra,Cash,Wholesale,0.24
2023-10-25,Headphones,Electronics,3,125.32,375.96,CUST1098,Ashanti,Mobile Money,Retail,0.0
2023-10-25,Phone Case,Accessories,9,32.81,233.28,CUST1626,Greater Accra,Cash,Wholesale,0.21
2023-10-26,Monitor,Electronics,8,400.32,2882.3,CUST1365,Eastern,Mobile Money,Wholesale,0.1
2023-10-26,Keyboard,Accessories,3,35.9,94.78,CUST1163,Bono,Bank Transfer,Retail,0.12
2023-10-26,Headphones,Electronics,3,172.76,466.45,CUST1101,Volta,Card,Retail,0.1
2023-10-26,Keyboard,Accessories,2,77.92,132.46,CUST1527,Ashanti,Mobile Money,Retail,0.15
2023-10-26,Laptop,Electronics,4,1154.43,4155.95,CUST1215,Greater Accra,Cash,Retail,0.1
2023-10-26,Smartphone,Electronics,5,760.88,2967.43,CUST1518,Western,Card,Wholesale,0.22
2023-10-26,Mouse,Accessories,5,37.85,170.33,CUST1707,Volta,Mobile Money,Retail,0.1
2023-10-26,Mouse,Accessories,4,38.32,136.42,CUST1535,Greater Accra,Cash,Retail,0.11
2023-10-27,USB Drive,Accessories,3,35.25,104.69,CUST1776,Central,Card,Retail,0.01
2023-10-27,Mouse,Accessories,1,37.39,34.77,CUST1274,Western,Card,Retail,0.07
2023-10-27,Keyboard,Accessories,7,25.54,160.9,CUST1805,Volta,Cash,Retail,0.1
2023-10-28,Webcam,Electronics,4,143.46,539.41,CUST1142,Eastern,Mobile Money,Retail,0.06
2023-10-29,Desk,Furniture,1,581.54,523.39,CUST1738,Greater Accra,Mobile Money,Retail,0.1
2023-10-29,Mouse,Accessories,1,16.88,15.87,CUST1963,Western,Mobile Money,Retail,0.06
2023-10-29,Monitor,Electronics,3,235.69,678.79,CUST1214,Ashanti,Bank Transfer,Retail,0.04
2023-10-29,Headphones,Electronics,1,161.36,142.0,CUST1750,Greater Accra,Bank Transfer,Retail,0.12
2023-10-29,Mouse,Accessories,1,22.89,22.2,CUST1719,Greater Accra,Card,Retail,0.03
2023-10-30,Bookshelf,Furniture,10,164.78,1400.63,CUST1161,Ashanti,Mobile Money,Wholesale,0.15
2023-10-30,Office Chair,Furniture,3,325.94,938.71,CUST1439,Western,Mobile Money,Retail,0.04
2023-10-30,Office Chair,Furniture,2,295.09,554.77,CUST1562,Central,Card,Retail,0.06
2023-10-31,Desk,Furniture,5,487.28,2168.4,CUST1512,Greater Accra,Bank Transfer,Retail,0.11
2023-10-31,Mouse,Accessories,4,28.05,104.35,CUST1794,Greater Accra,Mobile Money,Retail,0.07
2023-11-01,Office Chair,Furniture,10,184.16,1583.78,CUST1922,Ashanti,Card,Wholesale,0.14
2023-11-01,Keyboard,Accessories,2,99.64,183.34,CUST1290,Greater Accra,Mobile Money,Retail,0.08
2023-11-01,Headphones,Electronics,12,63.38,654.08,CUST1857,Greater Accra,Cash,Wholesale,0.14
2023-11-01,Mouse,Accessories,9,23.67,193.86,CUST1675,Ashanti,Card,Retail,0.09
2023-11-01,Office Chair,Furniture,4,224.92,836.7,CUST1586,Greater Accra,Mobile Money,Retail,0.07
2023-11-01,Tablet,Electronics,2,345.25,628.36,CUST1396,Ashanti,Cash,Retail,0.09
2023-11-02,Phone Case,Accessories,5,18.54,87.14,CUST1284,Greater Accra,Cash,Retail,0.06
2023-11-02,Desk Lamp,Furniture,14,57.28,777.86,CUST1080,Greater Accra,Bank Transfer,Retail,0.03
2023-11-02,Headphones,Electronics,5,46.34,217.8,CUST1009,Northern,Mobile Money,Wholesale,0.06
2023-11-02,Mouse,Accessories,3,34.82,97.15,CUST1174,Greater Accra,Mobile Money,Retail,0.07
2023-11-02,Webcam,Electronics,5,108.26,535.89,CUST1470,Western,Bank Transfer,Retail,0.01
2023-11-02,Smartphone,Electronics,7,401.06,2274.01,CUST1152,Eastern,Mobile Money,Wholesale,0.19
2023-11-02,Phone Case,Accessories,1,32.82,31.18,CUST1460,Greater Accra,Mobile Money,Retail,0.05
2023-11-03,Mouse,Accessories,2,17.94,31.57,CUST1665,Volta,Card,Retail,0.12
2023-11-03,USB Drive,Accessories,2,25.21,46.39,CUST1623,Western,Mobile Money,Retail,0.08
2023-11-03,Phone Case,Accessories,1,17.33,15.08,CUST1212,Central,Card,Retail,0.13
2023-11-03,USB Drive,Accessories,3,32.16,86.83,CUST1102,Central,Mobile Money,Retail,0.1
2023-11-03,Desk Lamp,Furniture,2,37.63,70.74,CUST1665,Greater Accra,Bank Transfer,Retail,0.06
2023-11-03,Smartphone,Electronics,5,851.9,4046.52,CUST1675,Western,Mobile Money,Retail,0.05
2023-11-04,Tablet,Electronics,1,209.18,190.35,CUST1798,Western,Bank Transfer,Retail,0.09
2023-11-04,Monitor,Electronics,1,255.93,248.25,CUST1186,Greater Accra,Cash,Retail,0.03
2023-11-04,Webcam,Electronics,2,141.83,269.48,CUST1998,Ashanti,Mobile Money,Retail,0.05
2023-11-04,Phone Case,Accessories,2,34.74,61.14,CUST1498,Central,Card,Retail,0.12
2023-11-04,Headphones,Electronics,3,153.85,410.78,CUST1866,Greater Accra,Cash,Retail,0.11
2023-11-05,Desk Lamp,Furniture,1,44.26,39.83,CUST1594,Greater Accra,Mobile Money,Retail,0.1
2023-11-05,Keyboard,Accessories,8,116.49,829.41,CUST1254,Northern,Cash,Retail,0.11
2023-11-05,USB Drive,Accessories,1,35.47,31.21,CUST1746,Ashanti,Card,Retail,0.12
2023-11-06,Printer,Electronics,1,157.06,133.5,CUST1019,Bono,Cash,Retail,0.15
2023-11-06,Bookshelf,Furniture,2,147.06,279.41,CUST1872,Greater Accra,Mobile Money,Retail,0.05
2023-11-07,USB Drive,Accessories,15,11.12,143.45,CUST1879,Western,Mobile Money,Retail,0.14
2023-11-07,Webcam,Electronics,2,123.57,234.78,CUST1451,Greater Accra,Cash,Retail,0.05
2023-11-08,Phone Case,Accessories,4,13.31,52.71,CUST1591,Northern,Mobile Money,Retail,0.01
2023-11-08,Laptop,Electronics,3,1173.61,2992.71,CUST1097,Greater Accra,Cash,Retail,0.15
2023-11-08,Office Chair,Furniture,4,344.89,1214.01,CUST1384,Volta,Card,Wholesale,0.12
2023-11-08,Tablet,Electronics,3,508.81,1389.05,CUST1228,Ashanti,Card,Retail,0.09
2023-11-08,USB Drive,Accessories,3,35.26,101.55,CUST1121,Greater Accra,Card,Retail,0.04
2023-11-08,Monitor,Electronics,3,314.74,859.24,CUST1741,Western,Mobile Money,Retail,0.09
2023-11-08,Office Chair,Furniture,2,291.68,519.19,CUST1858,Western,Card,Retail,0.11
2023-11-08,Bookshelf,Furniture,3,266.15,750.54,CUST1347,Western,Mobile Money,Retail,0.06
2023-11-09,Printer,Electronics,4,501.36,1744.73,CUST1450,Volta,Mobile Money,Retail,0.13
2023-11-09,Headphones,Electronics,1,154.86,133.18,CUST1624,Volta,Card,Retail,0.14
2023-11-09,Printer,Electronics,11,494.74,4952.35,CUST1946,Bono,Card,Retail,0.09
2023-11-09,Laptop,Electronics,1,1174.04,1068.38,CUST1640,Eastern,Mobile Money,Retail,0.09
2023-11-09,USB Drive,Accessories,9,12.82,101.53,CUST1001,Greater Accra,Card,Wholesale,0.12
2023-11-10,Monitor,Electronics,3,338.77,904.52,CUST1855,Central,Mobile Money,Retail,0.11
2023-11-10,Office Chair,Furniture,1,172.57,151.86,CUST1766,Greater Accra,Cash,Retail,0.12
2023-11-10,Headphones,Electronics,2,64.83,117.99,CUST1739,Western,Cash,Retail,0.09
2023-11-11,Bookshelf,Furniture,2,285.47,536.68,CUST1775,Greater Accra,Card,Retail,0.06
2023-11-11,Tablet,Electronics,1,238.16,207.2,CUST1959,Greater Accra,Card,Retail,0.13
2023-11-12,Printer,Electronics,5,321.71,1479.87,CUST1695,Greater Accra,Bank Transfer,Retail,0.08
2023-11-12,Headphones,Electronics,3,145.41,379.52,CUST1783,Central,Card,Retail,0.13
2023-11-12,Desk Lamp,Furniture,6,78.08,402.89,CUST1692,Central,Card,Retail,0.14
2023-11-13,Mouse,Accessories,1,24.24,22.3,CUST1072,Greater Accra,Mobile Money,Retail,0.08
2023-11-13,Office Chair,Furniture,7,147.83,910.63,CUST1261,Western,Bank Transfer,Wholesale,0.12
2023-11-13,Tablet,Electronics,2,421.6,834.77,CUST1529,Northern,Card,Retail,0.01
2023-11-14,Smartphone,Electronics,14,412.34,5426.39,CUST1791,Greater Accra,Cash,Wholesale,0.06
2023-11-14,Office Chair,Furniture,1,168.37,151.53,CUST1482,Greater Accra,Card,Retail,0.1
2023-11-14,Tablet,Electronics,5,389.19,1770.81,CUST1871,Western,Mobile Money,Retail,0.09
2023-11-14,Keyboard,Accessories,1,67.19,65.17,CUST1720,Western,Mobile Money,Retail,0.03
2023-11-14,Headphones,Electronics,1,163.45,152.01,CUST1821,Central,Mobile Money,Retail,0.07
2023-11-14,USB Drive,Accessories,3,15.44,43.08,CUST1973,Ashanti,Mobile Money,Wholesale,0.07
2023-11-15,Headphones,Electronics,4,133.07,457.76,CUST1626,Western,Card,Retail,0.14
2023-11-15,Desk Lamp,Furniture,2,59.41,109.31,CUST1708,Greater Accra,Bank Transfer,Retail,0.08
2023-11-16,Tablet,Electronics,5,301.65,1432.84,CUST1720,Greater Accra,Cash,Retail,0.05
2023-11-17,Desk Lamp,Furniture,3,66.17,174.69,CUST1933,Western,Card,Retail,0.12
2023-11-17,Mouse,Accessories,9,16.64,125.8,CUST1483,Greater Accra,Card,Wholesale,0.16
2023-11-18,Tablet,Electronics,5,499.51,2147.89,CUST1047,Central,Card,Wholesale,0.14
2023-11-18,Headphones,Electronics,12,100.36,987.54,CUST1469,Greater Accra,Bank Transfer,Wholesale,0.18
2023-11-18,Tablet,Electronics,6,248.21,1280.76,CUST1333,Eastern,Mobile Money,Retail,0.14
2023-11-19,Desk Lamp,Furniture,3,77.78,217.01,CUST1694,Greater Accra,Bank Transfer,Retail,0.07
2023-11-19,Keyboard,Accessories,1,96.4,82.9,CUST1645,Ashanti,Bank Transfer,Retail,0.14
2023-11-19,Tablet,Electronics,1,512.77,466.62,CUST1621,Greater Accra,Card,Retail,0.09
2023-11-19,Headphones,Electronics,2,93.43,164.44,CUST1048,Northern,Card,Retail,0.12
2023-11-19,Monitor,Electronics,4,467.39,1832.17,CUST1557,Western,Mobile Money,Retail,0.02
2023-11-19,Printer,Electronics,1,348.41,344.93,CUST1194,Ashanti,Cash,Retail,0.01
2023-11-19,Keyboard,Accessories,1,53.85,51.7,CUST1855,Greater Accra,Bank Transfer,Retail,0.04
2023-11-20,Keyboard,Accessories,1,25.41,24.39,CUST1807,Eastern,Bank Transfer,Retail,0.04
2023-11-20,Mouse,Accessories,2,41.19,80.73,CUST1400,Greater Accra,Bank Transfer,Retail,0.02
2023-11-20,Headphones,Electronics,1,132.13,121.56,CUST1122,Eastern,Card,Retail,0.08
2023-11-20,USB Drive,Accessories,6,35.37,186.75,CUST1541,Greater Accra,Mobile Money,Retail,0.12
2023-11-20,Monitor,Electronics,1,348.08,341.12,CUST1740,Greater Accra,Card,Retail,0.02
2023-11-21,Tablet,Electronics,4,290.43,1010.7,CUST1972,Western,Card,Retail,0.13
2023-11-21,Desk Lamp,Furniture,2,47.47,93.04,CUST1100,Central,Mobile Money,Retail,0.02
2023-11-22,Webcam,Electronics,5,96.27,423.59,CUST1878,Ashanti,Cash,Wholesale,0.12
2023-11-22,Headphones,Electronics,7,111.32,740.28,CUST1344,Volta,Card,Retail,0.05
2023-11-23,Laptop,Electronics,1,1135.02,1021.52,CUST1339,Central,Card,Retail,0.1
2023-11-23,Desk,Furniture,15,530.56,7082.98,CUST1637,Greater Accra,Cash,Retail,0.11
2023-11-23,Smartphone,Electronics,2,785.23,1460.53,CUST1083,Ashanti,Cash,Retail,0.07
2023-11-23,Smartphone,Electronics,1,812.92,707.24,CUST1841,Western,Mobile Money,Retail,0.13
2023-11-23,Laptop,Electronics,3,1101.09,3171.14,CUST1370,Central,Cash,Retail,0.04
2023-11-23,Smartphone,Electronics,10,1134.46,10323.59,CUST1882,Northern,Mobile Money,Wholesale,0.09
2023-11-23,Smartphone,Electronics,2,1082.95,2122.58,CUST1353,Western,Card,Retail,0.02
2023-11-25,Desk,Furniture,10,580.81,4994.97,CUST1900,Greater Accra,Bank Transfer,Wholesale,0.14
2023-11-26,USB Drive,Accessories,3,34.05,99.09,CUST1688,Western,Bank Transfer,Retail,0.03
2023-11-26,Monitor,Electronics,4,480.94,1827.57,CUST1772,Greater Accra,Card,Wholesale,0.05
2023-11-26,Office Chair,Furniture,4,204.96,778.85,CUST1939,Greater Accra,Bank Transfer,Retail,0.05
2023-11-26,Keyboard,Accessories,4,104.43,355.06,CUST1309,Northern,Cash,Retail,0.15
2023-11-27,Desk Lamp,Furniture,2,63.09,117.35,CUST1253,Greater Accra,Cash,Retail,0.07
2023-11-27,Tablet,Electronics,7,227.86,1483.37,CUST1505,Greater Accra,Bank Transfer,Wholesale,0.07
2023-11-27,Webcam,Electronics,7,132.63,854.14,CUST1482,Northern,Cash,Retail,0.08
2023-11-27,Monitor,Electronics,1,336.53,302.88,CUST1395,Greater Accra,Card,Retail,0.1
2023-11-28,Phone Case,Accessories,3,25.47,73.35,CUST1175,Bono,Cash,Retail,0.04
2023-11-28,Laptop,Electronics,2,809.29,1602.39,CUST1179,Northern,Mobile Money,Retail,0.01
2023-11-28,Keyboard,Accessories,3,38.95,101.66,CUST1045,Greater Accra,Card,Retail,0.13
2023-11-28,Keyboard,Accessories,9,42.19,349.33,CUST1699,Greater Accra,Cash,Retail,0.08
2023-11-28,Monitor,Electronics,1,291.4,259.35,CUST1779,Greater Accra,Mobile Money,Retail,0.11
2023-11-28,Webcam,Electronics,1,51.88,48.77,CUST1283,Ashanti,Mobile Money,Retail,0.06
2023-11-29,Headphones,Electronics,8,119.33,840.08,CUST1474,Volta,Mobile Money,Wholesale,0.12
2023-11-29,Keyboard,Accessories,3,108.6,296.48,CUST1987,Greater Accra,Card,Retail,0.09
2023-11-30,Laptop,Electronics,2,1360.78,2476.62,CUST1003,Ashanti,Bank Transfer,Retail,0.09
2023-11-30,Desk Lamp,Furniture,1,29.48,27.71,CUST1196,Greater Accra,Cash,Retail,0.06
2023-11-30,USB Drive,Accessories,2,33.45,66.23,CUST1502,Ashanti,Mobile Money,Retail,0.01
2023-11-30,Phone Case,Accessories,11,17.99,170.19,CUST1560,Ashanti,Cash,Wholesale,0.14
2023-11-30,Mouse,Accessories,1,39.9,36.31,CUST1087,Northern,Card,Retail,0.09
2023-11-30,Headphones,Electronics,5,128.59,565.8,CUST1323,Bono,Mobile Money,Retail,0.12
2023-11-30,Mouse,Accessories,2,21.37,41.46,CUST1282,Eastern,Mobile Money,Retail,0.03
2023-12-01,Keyboard,Accessories,1,116.55,101.4,CUST1740,Greater Accra,Mobile Money,Retail,0.13
2023-12-01,Webcam,Electronics,6,114.68,612.39,CUST1862,Western,Mobile Money,Wholesale,0.11
2023-12-01,Office Chair,Furniture,6,141.9,732.2,CUST1767,Greater Accra,Card,Retail,0.14
2023-12-01,Desk Lamp,Furniture,6,35.29,175.74,CUST1858,Greater Accra,Card,Wholesale,0.17
2023-12-01,Monitor,Electronics,7,439.31,2644.65,CUST1024,Eastern,Bank Transfer,Wholesale,0.14
2023-12-02,Laptop,Electronics,1,929.7,818.14,CUST1500,Eastern,Mobile Money,Retail,0.12
2023-12-02,Phone Case,Accessories,4,20.88,72.66,CUST1832,Eastern,Mobile Money,Retail,0.13
2023-12-02,Mouse,Accessories,14,19.02,234.33,CUST1242,Bono,Mobile Money,Wholesale,0.12
2023-12-03,Office Chair,Furniture,2,253.77,456.79,CUST1154,Bono,Card,Retail,0.1
2023-12-03,Webcam,Electronics,5,71.76,337.27,CUST1936,Bono,Mobile Money,Retail,0.06
2023-12-03,USB Drive,Accessories,2,25.29,47.04,CUST1684,Greater Accra,Mobile Money,Retail,0.07
2023-12-03,USB Drive,Accessories,1,16.57,15.08,CUST1491,Bono,Mobile Money,Retail,0.09
2023-12-03,USB Drive,Accessories,5,28.49,132.48,CUST1347,Greater Accra,Cash,Retail,0.07
2023-12-04,USB Drive,Accessories,7,26.89,167.52,CUST1387,Ashanti,Mobile Money,Retail,0.11
2023-12-04,Mouse,Accessories,6,35.72,192.89,CUST1820,Central,Mobile Money,Retail,0.1
2023-12-04,Mouse,Accessories,8,26.25,170.1,CUST1508,Ashanti,Cash,Wholesale,0.19
2023-12-04,Webcam,Electronics,2,133.26,263.85,CUST1701,Ashanti,Mobile Money,Retail,0.01
2023-12-04,Laptop,Electronics,1,1359.28,1236.94,CUST1935,Greater Accra,Card,Retail,0.09
2023-12-05,Smartphone,Electronics,2,1155.56,1964.45,CUST1950,Ashanti,Card,Wholesale,0.15
2023-12-05,Phone Case,Accessories,2,29.41,52.35,CUST1326,Greater Accra,Card,Retail,0.11
2023-12-05,Smartphone,Electronics,2,350.0,665.0,CUST1637,Ashanti,Bank Transfer,Retail,0.05
2023-12-05,Keyboard,Accessories,10,91.53,796.31,CUST1728,Greater Accra,Mobile Money,Retail,0.13
2023-12-05,Office Chair,Furniture,1,312.33,299.84,CUST1655,Bono,Mobile Money,Retail,0.04
2023-12-05,Office Chair,Furniture,1,182.41,156.87,CUST1573,Western,Mobile Money,Retail,0.14
2023-12-05,Desk Lamp,Furniture,1,80.02,71.22,CUST1696,Greater Accra,Card,Retail,0.11
2023-12-05,Keyboard,Accessories,3,91.2,243.5,CUST1401,Bono,Mobile Money,Retail,0.11
2023-12-05,Monitor,Electronics,2,498.42,877.22,CUST1575,Western,Mobile Money,Retail,0.12
2023-12-06,Bookshelf,Furniture,6,121.22,625.5,CUST1314,Greater Accra,Cash,Wholesale,0.14
2023-12-06,Printer,Electronics,2,446.85,857.95,CUST1115,Central,Card,Retail,0.04
2023-12-06,Desk Lamp,Furniture,2,66.43,112.93,CUST1540,Ashanti,Mobile Money,Retail,0.15
2023-12-06,Mouse,Accessories,4,15.13,52.05,CUST1048,Western,Mobile Money,Wholesale,0.14
2023-12-06,Desk Lamp,Furniture,1,86.44,75.2,CUST1983,Volta,Bank Transfer,Retail,0.13
2023-12-06,Monitor,Electronics,3,251.74,687.25,CUST1938,Greater Accra,Mobile Money,Retail,0.09
2023-12-06,Phone Case,Accessories,13,19.56,233.94,CUST1257,Eastern,Cash,Retail,0.08
2023-12-06,Phone Case,Accessories,1,23.22,21.13,CUST1043,Greater Accra,Card,Retail,0.09
2023-12-06,Desk Lamp,Furniture,4,31.59,123.83,CUST1781,Volta,Mobile Money,Retail,0.02
2023-12-06,Webcam,Electronics,8,171.14,1204.83,CUST1572,Northern,Card,Wholesale,0.12
2023-12-06,Mouse,Accessories,4,35.22,133.84,CUST1339,Eastern,Card,Retail,0.05
2023-12-07,Keyboard,Accessories,1,68.85,66.1,CUST1936,Bono,Bank Transfer,Retail,0.04
2023-12-07,Keyboard,Accessories,11,97.97,948.35,CUST1189,Western,Mobile Money,Retail,0.12
2023-12-07,Bookshelf,Furniture,9,119.47,913.95,CUST1894,Western,Card,Wholesale,0.15
2023-12-07,Mouse,Accessories,2,27.2,46.24,CUST1550,Ashanti,Card,Wholesale,0.15
2023-12-07,Webcam,Electronics,1,138.68,124.81,CUST1543,Volta,Cash,Retail,0.1
2023-12-07,Headphones,Electronics,1,145.9,131.31,CUST1339,Bono,Cash,Retail,0.1
2023-12-07,Desk,Furniture,1,539.03,463.57,CUST1650,Ashanti,Cash,Retail,0.14
2023-12-07,Desk,Furniture,9,502.82,4299.11,CUST1937,Greater Accra,Mobile Money,Wholesale,0.05
2023-12-07,Bookshelf,Furniture,12,224.99,2105.91,CUST1763,Volta,Mobile Money,Wholesale,0.22
2023-12-07,Mouse,Accessories,1,41.79,37.19,CUST1969,Western,Bank Transfer,Retail,0.11
2023-12-07,Headphones,Electronics,2,105.6,200.64,CUST1436,Western,Cash,Retail,0.05
2023-12-08,Desk,Furniture,2,258.19,464.74,CUST1409,Western,Bank Transfer,Retail,0.1
2023-12-08,Bookshelf,Furniture,1,167.7,150.93,CUST1243,Greater Accra,Mobile Money,Retail,0.1
2023-12-08,Smartphone,Electronics,5,580.15,2639.68,CUST1150,Greater Accra,Card,Retail,0.09
2023-12-08,Phone Case,Accessories,13,18.18,215.07,CUST1325,Central,Bank Transfer,Wholesale,0.09
2023-12-08,USB Drive,Accessories,9,26.21,228.81,CUST1413,Greater Accra,Card,Retail,0.03
2023-12-08,Laptop,Electronics,1,873.66,795.03,CUST1908,Eastern,Mobile Money,Retail,0.09
2023-12-08,Mouse,Accessories,4,25.36,99.41,CUST1999,Ashanti,Mobile Money,Retail,0.02
2023-12-09,Headphones,Electronics,2,51.35,95.51,CUST1679,Eastern,Cash,Retail,0.07
2023-12-09,Phone Case,Accessories,6,22.21,103.94,CUST1386,Central,Bank Transfer,Wholesale,0.22
2023-12-09,Webcam,Electronics,1,152.2,149.16,CUST1127,Greater Accra,Mobile Money,Retail,0.02
2023-12-09,USB Drive,Accessories,9,23.38,183.07,CUST1241,Volta,Mobile Money,Wholesale,0.13
2023-12-09,Smartphone,Electronics,3,416.42,1111.84,CUST1512,Ashanti,Mobile Money,Retail,0.11
2023-12-10,USB Drive,Accessories,3,35.92,98.06,CUST1838,Greater Accra,Mobile Money,Retail,0.09
2023-12-10,Mouse,Accessories,7,15.98,109.62,CUST1080,Northern,Mobile Money,Retail,0.02
2023-12-10,Smartphone,Electronics,7,355.69,2215.95,CUST1546,Volta,Mobile Money,Wholesale,0.11
2023-12-10,Phone Case,Accessories,6,32.97,197.82,CUST1512,Central,Mobile Money,Retail,0.0
2023-12-10,Phone Case,Accessories,1,39.23,34.52,CUST1300,Ashanti,Card,Wholesale,0.12
2023-12-11,Keyboard,Accessories,5,86.32,405.7,CUST1067,Ashanti,Card,Wholesale,0.06
2023-12-11,Laptop,Electronics,1,1190.26,1059.33,CUST1746,Western,Mobile Money,Retail,0.11
2023-12-11,Tablet,Electronics,4,420.47,1513.69,CUST1455,Greater Accra,Cash,Retail,0.1
2023-12-11,Laptop,Electronics,1,1418.78,1305.28,CUST1309,Greater Accra,Mobile Money,Retail,0.08
2023-12-11,Laptop,Electronics,1,1435.27,1363.51,CUST1024,Greater Accra,Bank Transfer,Retail,0.05
2023-12-11,Phone Case,Accessories,1,36.14,35.78,CUST1835,Ashanti,Mobile Money,Retail,0.01
2023-12-12,Smartphone,Electronics,1,1004.6,914.19,CUST1548,Greater Accra,Mobile Money,Retail,0.09
2023-12-12,Smartphone,Electronics,5,1066.4,4372.24,CUST1223,Ashanti,Mobile Money,Wholesale,0.18
2023-12-12,Desk Lamp,Furniture,8,47.27,325.22,CUST1930,Greater Accra,Mobile Money,Retail,0.14
2023-12-12,Desk,Furniture,2,511.89,982.83,CUST1968,Western,Mobile Money,Retail,0.04
2023-12-13,Phone Case,Accessories,2,27.76,48.86,CUST1738,Ashanti,Mobile Money,Retail,0.12
2023-12-13,Laptop,Electronics,3,1119.51,3089.85,CUST1594,Eastern,Mobile Money,Retail,0.08
2023-12-13,Laptop,Electronics,3,1087.31,3033.59,CUST1391,Northern,Cash,Retail,0.07
2023-12-13,Smartphone,Electronics,2,358.04,622.99,CUST1244,Greater Accra,Card,Retail,0.13
2023-12-13,Monitor,Electronics,2,325.81,592.97,CUST1654,Western,Mobile Money,Retail,0.09
2023-12-13,Phone Case,Accessories,10,44.53,436.39,CUST1936,Western,Cash,Retail,0.02
2023-12-13,Keyboard,Accessories,1,44.37,43.48,CUST1635,Volta,Cash,Retail,0.02
2023-12-13,USB Drive,Accessories,1,23.24,19.99,CUST1932,Greater Accra,Mobile Money,Retail,0.14
2023-12-14,Phone Case,Accessories,6,15.86,80.89,CUST1892,Central,Bank Transfer,Retail,0.15
2023-12-14,Monitor,Electronics,2,273.41,470.27,CUST1041,Bono,Mobile Money,Retail,0.14
2023-12-14,Laptop,Electronics,9,979.69,7318.28,CUST1631,Ashanti,Mobile Money,Wholesale,0.17
2023-12-14,Desk Lamp,Furniture,1,84.03,74.79,CUST1341,Ashanti,Mobile Money,Retail,0.11
2023-12-14,Webcam,Electronics,7,62.4,388.75,CUST1730,Volta,Mobile Money,Retail,0.11
2023-12-14,Desk,Furniture,1,479.7,441.32,CUST1879,Ashanti,Mobile Money,Retail,0.08
2023-12-14,Headphones,Electronics,3,148.98,438.0,CUST1505,Greater Accra,Bank Transfer,Retail,0.02
2023-12-14,Keyboard,Accessories,1,48.49,46.07,CUST1608,Greater Accra,Mobile Money,Retail,0.05
2023-12-14,Webcam,Electronics,3,170.33,424.12,CUST1820,Greater Accra,Cash,Wholesale,0.17
2023-12-14,USB Drive,Accessories,1,24.63,24.63,CUST1966,Greater Accra,Card,Retail,0.0
2023-12-14,Laptop,Electronics,6,1467.04,8274.11,CUST1077,Greater Accra,Card,Retail,0.06
2023-12-14,Mouse,Accessories,8,36.41,256.33,CUST1244,Greater Accra,Mobile Money,Retail,0.12
2023-12-14,Mouse,Accessories,2,49.19,87.56,CUST1039,Greater Accra,Cash,Retail,0.11
2023-12-15,Laptop,Electronics,5,1009.7,4594.14,CUST1709,Greater Accra,Mobile Money,Wholesale,0.09
2023-12-15,Mouse,Accessories,7,39.89,242.93,CUST1487,Bono,Mobile Money,Wholesale,0.13
2023-12-15,Monitor,Electronics,3,424.38,1107.63,CUST1585,Greater Accra,Mobile Money,Retail,0.13
2023-12-15,Office Chair,Furniture,1,192.84,146.56,CUST1693,Greater Accra,Mobile Money,Wholesale,0.24
2023-12-15,USB Drive,Accessories,1,10.12,8.91,CUST1159,Greater Accra,Mobile Money,Retail,0.12
2023-12-15,Bookshelf,Furniture,2,170.69,290.17,CUST1246,Ashanti,Card,Retail,0.15
2023-12-15,Keyboard,Accessories,3,29.83,84.12,CUST1110,Central,Bank Transfer,Retail,0.06
2023-12-16,USB Drive,Accessories,1,36.58,35.12,CUST1139,Central,Mobile Money,Retail,0.04
2023-12-16,Desk,Furniture,4,251.77,997.01,CUST1762,Greater Accra,Mobile Money,Retail,0.01
2023-12-16,Phone Case,Accessories,2,33.13,56.32,CUST1697,Ashanti,Mobile Money,Retail,0.15
2023-12-16,Laptop,Electronics,7,800.9,4821.42,CUST1819,Eastern,Mobile Money,Retail,0.14
2023-12-16,Desk Lamp,Furniture,5,50.93,224.09,CUST1733,Greater Accra,Card,Wholesale,0.12
2023-12-17,USB Drive,Accessories,10,13.9,134.83,CUST1230,Greater Accra,Bank Transfer,Retail,0.03
2023-12-17,Mouse,Accessories,3,24.91,64.27,CUST1883,Greater Accra,Cash,Retail,0.14
2023-12-17,Printer,Electronics,1,473.6,435.71,CUST1203,Western,Mobile Money,Retail,0.08
2023-12-17,USB Drive,Accessories,7,11.51,75.74,CUST1036,Northern,Mobile Money,Wholesale,0.06
2023-12-17,Desk Lamp,Furniture,6,59.64,343.53,CUST1025,Bono,Mobile Money,Retail,0.04
2023-12-17,Desk Lamp,Furniture,1,83.95,78.91,CUST1304,Central,Bank Transfer,Retail,0.06
2023-12-17,USB Drive,Accessories,2,38.28,68.9,CUST1939,Western,Mobile Money,Retail,0.1
2023-12-17,Phone Case,Accessories,1,31.04,29.18,CUST1099,Greater Accra,Cash,Retail,0.06
2023-12-17,Webcam,Electronics,6,111.88,637.72,CUST1311,Ashanti,Card,Retail,0.05
2023-12-18,Laptop,Electronics,1,1271.04,1093.09,CUST1240,Western,Mobile Money,Retail,0.14
2023-12-18,Mouse,Accessories,1,25.76,24.21,CUST1977,Ashanti,Bank Transfer,Retail,0.06
2023-12-18,Smartphone,Electronics,3,709.19,1893.54,CUST1058,Greater Accra,Card,Retail,0.11
2023-12-18,Mouse,Accessories,6,43.04,245.33,CUST1380,Ashanti,Card,Retail,0.05
2023-12-18,Monitor,Electronics,3,398.69,1040.58,CUST1361,Northern,Card,Retail,0.13
2023-12-18,Monitor,Electronics,1,401.0,384.96,CUST1216,Northern,Cash,Retail,0.04
2023-12-18,Desk,Furniture,10,291.82,2538.83,CUST1572,Central,Bank Transfer,Wholesale,0.13
2023-12-18,Keyboard,Accessories,10,46.33,407.7,CUST1366,Greater Accra,Mobile Money,Retail,0.12
2023-12-18,Tablet,Electronics,6,236.26,1318.33,CUST1624,Western,Card,Retail,0.07
2023-12-19,Smartphone,Electronics,1,825.32,784.05,CUST1166,Bono,Mobile Money,Retail,0.05
2023-12-19,Desk,Furniture,3,385.41,1029.04,CUST1862,Greater Accra,Bank Transfer,Retail,0.11
2023-12-19,USB Drive,Accessories,5,24.09,114.43,CUST1877,Greater Accra,Bank Transfer,Retail,0.05
2023-12-19,Bookshelf,Furniture,1,218.23,202.95,CUST1477,Volta,Cash,Retail,0.07
2023-12-19,Printer,Electronics,3,213.26,569.4,CUST1951,Eastern,Mobile Money,Retail,0.11
2023-12-19,Phone Case,Accessories,1,36.8,35.7,CUST1365,Northern,Mobile Money,Retail,0.03
2023-12-20,Mouse,Accessories,9,27.39,219.39,CUST1235,Ashanti,Card,Retail,0.11
2023-12-20,Phone Case,Accessories,9,33.78,258.42,CUST1552,Ashanti,Bank Transfer,Retail,0.15
2023-12-20,Tablet,Electronics,2,521.61,1011.92,CUST1252,Greater Accra,Mobile Money,Retail,0.03
2023-12-20,USB Drive,Accessories,8,11.21,78.92,CUST1655,Ashanti,Card,Wholesale,0.12
2023-12-20,Headphones,Electronics,1,55.71,55.15,CUST1299,Ashanti,Cash,Retail,0.01
2023-12-20,Smartphone,Electronics,1,417.75,388.51,CUST1777,Greater Accra,Mobile Money,Retail,0.07
2023-12-20,USB Drive,Accessories,1,30.86,26.85,CUST1992,Eastern,Mobile Money,Retail,0.13
2023-12-21,Desk,Furniture,13,593.38,7251.1,CUST1252,Volta,Mobile Money,Wholesale,0.06
2023-12-21,Office Chair,Furniture,7,333.63,2101.87,CUST1123,Ashanti,Bank Transfer,Retail,0.1
2023-12-21,Mouse,Accessories,4,24.99,96.96,CUST1137,Western,Bank Transfer,Retail,0.03
2023-12-21,Monitor,Electronics,1,395.63,379.8,CUST1070,Greater Accra,Card,Retail,0.04
2023-12-21,Smartphone,Electronics,3,343.08,946.9,CUST1318,Greater Accra,Mobile Money,Retail,0.08
2023-12-21,Mouse,Accessories,3,32.82,90.58,CUST1849,Greater Accra,Bank Transfer,Retail,0.08
2023-12-22,Bookshelf,Furniture,3,145.59,388.73,CUST1433,Greater Accra,Bank Transfer,Retail,0.11
2023-12-22,Mouse,Accessories,2,42.17,78.44,CUST1632,Central,Mobile Money,Retail,0.07
2023-12-22,Keyboard,Accessories,9,59.89,512.06,CUST1416,Volta,Cash,Retail,0.05
2023-12-23,Keyboard,Accessories,10,51.73,424.19,CUST1262,Bono,Card,Wholesale,0.18
2023-12-23,Phone Case,Accessories,1,25.25,22.47,CUST1354,Volta,Mobile Money,Retail,0.11
2023-12-23,Webcam,Electronics,3,82.54,217.91,CUST1577,Greater Accra,Bank Transfer,Wholesale,0.12
2023-12-23,Printer,Electronics,4,173.57,597.08,CUST1912,Greater Accra,Bank Transfer,Retail,0.14
2023-12-24,Desk Lamp,Furniture,4,89.03,302.7,CUST1481,Ashanti,Cash,Retail,0.15
2023-12-24,Keyboard,Accessories,4,35.07,123.45,CUST1539,Northern,Card,Retail,0.12
2023-12-24,Phone Case,Accessories,3,18.18,51.81,CUST1156,Eastern,Bank Transfer,Retail,0.05
2023-12-24,Keyboard,Accessories,11,68.91,697.37,CUST1553,Western,Mobile Money,Wholesale,0.08
2023-12-25,USB Drive,Accessories,1,20.09,17.08,CUST1788,Eastern,Cash,Retail,0.15
2023-12-25,Phone Case,Accessories,11,11.79,108.94,CUST1929,Ashanti,Cash,Wholesale,0.16
2023-12-25,Headphones,Electronics,7,121.82,801.58,CUST1508,Western,Cash,Wholesale,0.06
2023-12-25,Mouse,Accessories,3,39.05,101.92,CUST1881,Greater Accra,Card,Retail,0.13
2023-12-25,Webcam,Electronics,4,139.68,486.09,CUST1598,Greater Accra,Cash,Retail,0.13
2023-12-25,Phone Case,Accessories,1,30.82,29.28,CUST1479,Greater Accra,Cash,Retail,0.05
2023-12-26,Laptop,Electronics,1,943.74,915.43,CUST2000,Bono,Cash,Retail,0.03
2023-12-26,Mouse,Accessories,3,24.08,70.07,CUST1354,Eastern,Cash,Retail,0.03
2023-12-26,Phone Case,Accessories,1,38.63,33.99,CUST1723,Western,Card,Retail,0.12
2023-12-26,Phone Case,Accessories,2,43.06,74.92,CUST1345,Greater Accra,Card,Retail,0.13
2023-12-26,Keyboard,Accessories,1,114.75,100.98,CUST1662,Central,Card,Retail,0.12
2023-12-26,Mouse,Accessories,4,19.09,71.78,CUST1632,Ashanti,Bank Transfer,Wholesale,0.06
2023-12-26,Webcam,Electronics,1,126.87,123.06,CUST1459,Western,Cash,Retail,0.03
2023-12-26,Headphones,Electronics,3,135.48,382.05,CUST1852,Ashanti,Card,Retail,0.06
2023-12-26,Monitor,Electronics,8,202.09,1406.55,CUST1106,Central,Cash,Retail,0.13
2023-12-26,Monitor,Electronics,5,205.43,893.62,CUST1990,Eastern,Cash,Retail,0.13
2023-12-26,Tablet,Electronics,1,436.97,402.01,CUST1959,Greater Accra,Mobile Money,Retail,0.08
2023-12-27,Keyboard,Accessories,6,61.94,364.21,CUST1513,Greater Accra,Card,Retail,0.02
2023-12-27,Webcam,Electronics,3,115.63,333.01,CUST1302,Greater Accra,Cash,Retail,0.04
2023-12-27,Smartphone,Electronics,5,1198.83,5814.33,CUST1028,Bono,Card,Retail,0.03
2023-12-27,Desk Lamp,Furniture,2,58.34,107.35,CUST1351,Ashanti,Card,Retail,0.08
2023-12-27,Smartphone,Electronics,1,1057.96,994.48,CUST1219,Volta,Mobile Money,Retail,0.06
2023-12-27,Phone Case,Accessories,1,19.05,18.29,CUST1058,Northern,Cash,Retail,0.04
2023-12-28,Tablet,Electronics,2,685.12,1233.22,CUST1018,Greater Accra,Mobile Money,Retail,0.1
2023-12-28,Keyboard,Accessories,1,47.42,41.26,CUST1357,Greater Accra,Bank Transfer,Retail,0.13
2023-12-28,Phone Case,Accessories,1,43.03,39.16,CUST1249,Greater Accra,Mobile Money,Retail,0.09
2023-12-28,Webcam,Electronics,2,72.39,124.51,CUST1993,Greater Accra,Mobile Money,Retail,0.14
2023-12-28,Headphones,Electronics,2,109.93,219.86,CUST1065,Eastern,Mobile Money,Retail,0.0
2023-12-28,Desk,Furniture,7,540.65,3708.86,CUST1929,Greater Accra,Mobile Money,Retail,0.02
2023-12-28,USB Drive,Accessories,2,39.39,72.48,CUST1993,Northern,Bank Transfer,Retail,0.08
2023-12-29,Monitor,Electronics,5,362.25,1775.02,CUST1255,Western,Mobile Money,Retail,0.02
2023-12-29,Webcam,Electronics,10,158.09,1454.43,CUST1133,Bono,Card,Retail,0.08
2023-12-29,Office Chair,Furniture,9,222.74,1764.1,CUST1314,Northern,Card,Wholesale,0.12
2023-12-29,Phone Case,Accessories,6,29.25,154.44,CUST1361,Western,Card,Retail,0.12
2023-12-29,Laptop,Electronics,3,1296.54,3461.76,CUST1564,Central,Cash,Retail,0.11
2023-12-29,Webcam,Electronics,4,92.46,355.05,CUST1021,Western,Mobile Money,Retail,0.04
2023-12-29,Headphones,Electronics,2,93.4,160.65,CUST1801,Eastern,Cash,Retail,0.14
2023-12-29,Keyboard,Accessories,3,100.63,295.85,CUST1086,Central,Card,Retail,0.02
2023-12-29,USB Drive,Accessories,10,30.78,283.18,CUST1638,Northern,Mobile Money,Wholesale,0.08
2023-12-30,USB Drive,Accessories,1,12.92,12.53,CUST1848,Western,Mobile Money,Retail,0.03
2023-12-30,Phone Case,Accessories,5,13.76,68.8,CUST1962,Greater Accra,Cash,Retail,0.0
2023-12-30,Phone Case,Accessories,2,26.55,45.67,CUST1253,Greater Accra,Card,Retail,0.14
2023-12-30,Headphones,Electronics,1,123.27,114.64,CUST1029,Central,Mobile Money,Retail,0.07
2023-12-31,Mouse,Accessories,5,40.09,194.44,CUST1533,Greater Accra,Cash,Retail,0.03
2023-12-31,Phone Case,Accessories,4,39.92,153.29,CUST1185,Northern,Mobile Money,Retail,0.04
2023-12-31,Keyboard,Accessories,3,56.43,167.6,CUST1788,Ashanti,Cash,Retail,0.01
2024-01-01,Mouse,Accessories,2,32.11,57.16,CUST1652,Ashanti,Card,Retail,0.11
2024-01-01,Tablet,Electronics,6,624.38,3671.35,CUST1591,Eastern,Mobile Money,Retail,0.02
2024-01-01,Mouse,Accessories,1,43.37,38.6,CUST1610,Western,Cash,Retail,0.11
2024-01-01,Mouse,Accessories,3,15.28,38.96,CUST1131,Greater Accra,Bank Transfer,Retail,0.15
2024-01-01,Bookshelf,Furniture,6,229.17,1127.52,CUST1327,Greater Accra,Bank Transfer,Wholesale,0.18
2024-01-01,Monitor,Electronics,2,436.17,846.17,CUST1789,Greater Accra,Mobile Money,Retail,0.03
2024-01-01,Desk,Furniture,2,349.21,642.55,CUST1268,Western,Card,Retail,0.08
2024-01-02,Mouse,Accessories,2,46.97,81.73,CUST1170,Greater Accra,Mobile Money,Retail,0.13
2024-01-02,Mouse,Accessories,8,38.65,262.82,CUST1937,Central,Cash,Retail,0.15
2024-01-02,Office Chair,Furniture,1,278.73,245.28,CUST1397,Greater Accra,Mobile Money,Retail,0.12
2024-01-02,Desk,Furniture,10,378.04,3553.58,CUST1575,Greater Accra,Card,Retail,0.06
2024-01-02,Phone Case,Accessories,2,21.81,43.62,CUST1149,Greater Accra,Mobile Money,Retail,0.0
2024-01-02,Phone Case,Accessories,1,25.59,25.33,CUST1819,Western,Card,Retail,0.01
2024-01-02,Phone Case,Accessories,2,30.62,56.34,CUST1588,Ashanti,Cash,Retail,0.08
2024-01-03,Mouse,Accessories,3,40.07,113.0,CUST1885,Ashanti,Mobile Money,Retail,0.06
2024-01-03,USB Drive,Accessories,3,14.12,38.12,CUST1032,Greater Accra,Mobile Money,Retail,0.1
2024-01-03,Office Chair,Furniture,1,202.38,188.21,CUST1471,Ashanti,Mobile Money,Retail,0.07
2024-01-03,Printer,Electronics,6,449.94,2321.69,CUST1926,Greater Accra,Mobile Money,Retail,0.14
2024-01-04,USB Drive,Accessories,4,19.34,67.3,CUST1790,Central,Card,Retail,0.13
2024-01-04,Tablet,Electronics,8,579.49,4311.41,CUST1095,Northern,Bank Transfer,Retail,0.07
2024-01-05,Desk Lamp,Furniture,4,26.52,93.35,CUST1682,Greater Accra,Mobile Money,Retail,0.12
2024-01-07,Phone Case,Accessories,5,17.96,82.62,CUST1091,Western,Card,Retail,0.08
2024-01-08,Keyboard,Accessories,3,85.09,234.85,CUST1439,Greater Accra,Card,Retail,0.08
2024-01-08,Mouse,Accessories,1,22.1,21.22,CUST1298,Central,Mobile Money,Retail,0.04
2024-01-08,Desk Lamp,Furniture,10,29.03,220.63,CUST1256,Greater Accra,Cash,Wholesale,0.24
2024-01-09,Webcam,Electronics,2,177.86,337.93,CUST1148,Greater Accra,Card,Retail,0.05
2024-01-09,Mouse,Accessories,4,18.09,67.29,CUST1888,Ashanti,Bank Transfer,Retail,0.07
2024-01-09,Headphones,Electronics,2,177.65,344.64,CUST1820,Western,Cash,Retail,0.03
2024-01-09,Printer,Electronics,1,222.12,197.69,CUST1141,Ashanti,Cash,Retail,0.11
2024-01-09,Phone Case,Accessories,1,17.64,16.23,CUST1162,Volta,Cash,Retail,0.08
2024-01-10,USB Drive,Accessories,1,27.82,27.54,CUST1199,Greater Accra,Cash,Retail,0.01
2024-01-10,Keyboard,Accessories,1,42.1,38.31,CUST1333,Greater Accra,Card,Retail,0.09
2024-01-10,Monitor,Electronics,1,225.17,225.17,CUST1599,Western,Mobile Money,Retail,0.0
2024-01-10,Mouse,Accessories,3,26.39,70.46,CUST1502,Ashanti,Card,Retail,0.11
2024-01-10,Mouse,Accessories,1,17.49,16.62,CUST1884,Western,Mobile Money,Retail,0.05
2024-01-10,Headphones,Electronics,12,61.37,589.15,CUST1909,Greater Accra,Mobile Money,Wholesale,0.2
2024-01-10,USB Drive,Accessories,1,20.57,19.75,CUST1811,Bono,Card,Retail,0.04
2024-01-11,Phone Case,Accessories,3,19.28,53.79,CUST1788,Greater Accra,Cash,Retail,0.07
2024-01-11,Phone Case,Accessories,1,14.05,13.07,CUST1972,Ashanti,Mobile Money,Retail,0.07
2024-01-12,Headphones,Electronics,3,115.24,335.35,CUST1678,Ashanti,Mobile Money,Retail,0.03
2024-01-13,Phone Case,Accessories,10,22.25,200.25,CUST1862,Ashanti,Bank Transfer,Retail,0.1
2024-01-13,Bookshelf,Furniture,6,285.64,1628.15,CUST1548,Bono,Mobile Money,Wholesale,0.05
2024-01-13,Smartphone,Electronics,2,744.31,1295.1,CUST1952,Eastern,Cash,Retail,0.13
2024-01-13,USB Drive,Accessories,1,22.71,20.89,CUST1200,Western,Card,Retail,0.08
2024-01-13,Phone Case,Accessories,1,21.67,19.5,CUST1489,Central,Mobile Money,Retail,0.1
2024-01-13,Desk Lamp,Furniture,4,71.12,250.34,CUST1685,Greater Accra,Bank Transfer,Retail,0.12
2024-01-13,Phone Case,Accessories,3,12.42,33.16,CUST1223,Northern,Bank Transfer,Retail,0.11
2024-01-14,Bookshelf,Furniture,3,242.55,633.06,CUST1532,Volta,Mobile Money,Retail,0.13
2024-01-14,Office Chair,Furniture,4,313.24,1115.13,CUST1150,Western,Card,Retail,0.11
2024-01-14,Headphones,Electronics,2,137.31,247.16,CUST1828,Volta,Card,Retail,0.1
2024-01-14,Smartphone,Electronics,3,634.27,1674.47,CUST1470,Bono,Cash,Retail,0.12
2024-01-14,Phone Case,Accessories,5,37.9,172.44,CUST1817,Ashanti,Card,Retail,0.09
2024-01-15,Keyboard,Accessories,8,58.72,375.81,CUST1560,Greater Accra,Mobile Money,Wholesale,0.2
2024-01-15,Bookshelf,Furniture,3,136.36,372.26,CUST1642,Ashanti,Cash,Retail,0.09
2024-01-15,Phone Case,Accessories,1,15.88,13.82,CUST1124,Ashanti,Card,Wholesale,0.13
2024-01-16,USB Drive,Accessories,2,13.23,24.34,CUST1998,Greater Accra,Mobile Money,Retail,0.08
2024-01-16,Webcam,Electronics,3,124.64,340.27,CUST1959,Greater Accra,Mobile Money,Retail,0.09
2024-01-17,Laptop,Electronics,3,1069.17,3079.21,CUST1519,Greater Accra,Mobile Money,Retail,0.04
2024-01-17,Keyboard,Accessories,4,78.43,301.17,CUST1813,Bono,Bank Transfer,Retail,0.04
2024-01-17,Office Chair,Furniture,1,230.83,230.83,CUST1643,Northern,Mobile Money,Retail,0.0
2024-01-18,USB Drive,Accessories,6,32.66,174.4,CUST1669,Bono,Cash,Retail,0.11
2024-01-18,Office Chair,Furniture,8,137.85,827.1,CUST1892,Ashanti,Mobile Money,Wholesale,0.25
2024-01-18,Monitor,Electronics,9,317.54,2257.71,CUST1080,Greater Accra,Bank Transfer,Wholesale,0.21
2024-01-18,Laptop,Electronics,3,1076.85,3004.41,CUST1804,Ashanti,Bank Transfer,Retail,0.07
2024-01-18,Headphones,Electronics,1,161.4,154.94,CUST1768,Volta,Cash,Retail,0.04
2024-01-19,USB Drive,Accessories,2,30.59,55.06,CUST1316,Greater Accra,Card,Retail,0.1
2024-01-19,Desk,Furniture,8,376.35,2769.94,CUST1950,Greater Accra,Card,Wholesale,0.08
2024-01-19,Office Chair,Furniture,3,255.43,758.63,CUST1047,Greater Accra,Card,Retail,0.01
2024-01-19,Smartphone,Electronics,3,399.19,1149.67,CUST1408,Ashanti,Cash,Retail,0.04
2024-01-21,Mouse,Accessories,1,15.83,14.41,CUST1586,Northern,Mobile Money,Retail,0.09
2024-01-22,USB Drive,Accessories,2,15.97,28.75,CUST1518,Central,Bank Transfer,Retail,0.1
2024-01-22,Bookshelf,Furniture,4,122.48,440.93,CUST1786,Greater Accra,Bank Transfer,Retail,0.1
2024-01-23,Mouse,Accessories,5,28.14,123.82,CUST1324,Western,Card,Retail,0.12
2024-01-23,Desk Lamp,Furniture,4,82.78,294.7,CUST1557,Greater Accra,Card,Retail,0.11
2024-01-24,Desk Lamp,Furniture,3,71.02,187.49,CUST1083,Greater Accra,Cash,Retail,0.12
2024-01-24,Smartphone,Electronics,2,648.02,1140.52,CUST1704,Ashanti,Bank Transfer,Retail,0.12
2024-01-24,Office Chair,Furniture,12,337.0,3154.32,CUST1254,Eastern,Cash,Wholesale,0.22
2024-01-25,Headphones,Electronics,1,155.02,142.62,CUST1159,Greater Accra,Card,Retail,0.08
2024-01-25,USB Drive,Accessories,8,34.26,213.78,CUST1820,Eastern,Mobile Money,Wholesale,0.22
2024-01-26,Office Chair,Furniture,1,326.73,307.13,CUST1445,Volta,Cash,Retail,0.06
2024-01-26,Monitor,Electronics,3,215.29,555.45,CUST1241,Volta,Mobile Money,Retail,0.14
2024-01-26,Desk,Furniture,7,197.18,1200.83,CUST1571,Ashanti,Mobile Money,Wholesale,0.13
2024-01-26,Phone Case,Accessories,4,29.86,118.25,CUST1134,Eastern,Bank Transfer,Retail,0.01
2024-01-26,USB Drive,Accessories,7,30.4,197.9,CUST1163,Northern,Mobile Money,Wholesale,0.07
2024-01-27,Smartphone,Electronics,1,1021.07,970.02,CUST1057,Ashanti,Card,Retail,0.05
2024-01-27,Printer,Electronics,8,421.26,3336.38,CUST1388,Greater Accra,Cash,Retail,0.01
2024-01-27,Desk Lamp,Furniture,1,34.43,33.05,CUST1278,Ashanti,Mobile Money,Retail,0.04
2024-01-27,Webcam,Electronics,3,53.46,142.74,CUST1637,Central,Mobile Money,Retail,0.11
2024-01-28,Desk Lamp,Furniture,2,71.24,132.51,CUST1976,Ashanti,Cash,Retail,0.07
2024-01-28,Desk,Furniture,1,316.48,284.83,CUST1571,Greater Accra,Cash,Retail,0.1
2024-01-29,Keyboard,Accessories,6,43.68,248.98,CUST1600,Central,Card,Retail,0.05
2024-01-29,Phone Case,Accessories,5,25.31,111.36,CUST1374,Greater Accra,Mobile Money,Wholesale,0.12
2024-01-29,Printer,Electronics,3,282.8,814.46,CUST1935,Volta,Cash,Retail,0.04
2024-01-29,Desk,Furniture,3,326.63,754.52,CUST1056,Northern,Card,Wholesale,0.23
2024-01-29,Monitor,Electronics,1,189.79,161.32,CUST1541,Ashanti,Mobile Money,Retail,0.15
2024-01-30,USB Drive,Accessories,1,30.2,25.97,CUST1618,Western,Mobile Money,Retail,0.14
2024-01-30,Keyboard,Accessories,3,26.06,68.02,CUST1966,Greater Accra,Mobile Money,Retail,0.13
2024-01-30,Keyboard,Accessories,12,90.32,834.56,CUST1899,Greater Accra,Mobile Money,Wholesale,0.23
2024-01-30,Mouse,Accessories,10,21.64,201.25,CUST1845,Greater Accra,Cash,Retail,0.07
2024-01-31,Phone Case,Accessories,1,36.59,34.76,CUST1632,Northern,Mobile Money,Retail,0.05
2024-01-31,Bookshelf,Furniture,2,198.38,396.76,CUST1214,Eastern,Mobile Money,Retail,0.0
2024-01-31,Keyboard,Accessories,1,37.33,33.22,CUST1340,Greater Accra,Cash,Retail,0.11
2024-02-01,Mouse,Accessories,2,30.0,51.0,CUST1929,Northern,Cash,Retail,0.15
2024-02-01,Smartphone,Electronics,8,438.54,3227.65,CUST1266,Ashanti,Bank Transfer,Retail,0.08
2024-02-02,Phone Case,Accessories,3,43.83,127.55,CUST1699,Ashanti,Mobile Money,Retail,0.03
2024-02-02,Phone Case,Accessories,4,18.04,63.5,CUST1503,Greater Accra,Cash,Retail,0.12
2024-02-02,Headphones,Electronics,3,175.32,494.4,CUST1499,Greater Accra,Mobile Money,Retail,0.06
2024-02-02,Keyboard,Accessories,11,82.23,841.21,CUST1540,Ashanti,Cash,Wholesale,0.07
2024-02-03,Bookshelf,Furniture,8,262.33,1846.8,CUST1291,Northern,Mobile Money,Retail,0.12
2024-02-03,Tablet,Electronics,9,314.09,2600.67,CUST1236,Eastern,Cash,Wholesale,0.08
2024-02-03,USB Drive,Accessories,4,39.98,137.53,CUST1635,Ashanti,Mobile Money,Retail,0.14
2024-02-03,Phone Case,Accessories,2,25.05,48.6,CUST1145,Central,Mobile Money,Retail,0.03
2024-02-03,Headphones,Electronics,8,110.98,843.45,CUST1759,Greater Accra,Mobile Money,Retail,0.05
2024-02-04,Mouse,Accessories,12,46.28,438.73,CUST1541,Western,Mobile Money,Wholesale,0.21
2024-02-05,Mouse,Accessories,1,17.18,15.63,CUST1618,Volta,Cash,Retail,0.09
2024-02-05,Webcam,Electronics,5,123.58,537.57,CUST1580,Greater Accra,Mobile Money,Retail,0.13
2024-02-05,Phone Case,Accessories,2,22.3,41.48,CUST1805,Eastern,Cash,Retail,0.07
2024-02-06,Headphones,Electronics,1,131.92,122.69,CUST1746,Western,Card,Retail,0.07
2024-02-06,USB Drive,Accessories,1,24.84,22.36,CUST1509,Greater Accra,Cash,Retail,0.1
2024-02-06,Keyboard,Accessories,8,37.63,285.99,CUST1123,Volta,Mobile Money,Retail,0.05
2024-02-07,Phone Case,Accessories,5,11.08,49.86,CUST1422,Ashanti,Bank Transfer,Retail,0.1
2024-02-07,Webcam,Electronics,1,166.67,143.34,CUST1998,Greater Accra,Bank Transfer,Retail,0.14
2024-02-08,USB Drive,Accessories,2,24.77,48.05,CUST1072,Bono,Card,Retail,0.03
2024-02-09,Phone Case,Accessories,1,43.14,37.53,CUST1374,Greater Accra,Mobile Money,Retail,0.13
2024-02-09,Webcam,Electronics,4,53.21,208.58,CUST1573,Volta,Card,Retail,0.02
2024-02-09,Webcam,Electronics,7,110.65,759.06,CUST1600,Ashanti,Mobile Money,Retail,0.02
2024-02-09,Monitor,Electronics,2,480.29,883.73,CUST1018,Greater Accra,Card,Retail,0.08
2024-02-09,Desk Lamp,Furniture,3,57.14,164.56,CUST1944,Greater Accra,Card,Retail,0.04
2024-02-09,Webcam,Electronics,4,70.66,262.86,CUST1138,Greater Accra,Card,Retail,0.07
2024-02-12,Desk Lamp,Furniture,5,46.03,214.04,CUST1013,Greater Accra,Card,Retail,0.07
2024-02-12,Phone Case,Accessories,5,24.43,111.16,CUST1275,Greater Accra,Card,Retail,0.09
2024-02-12,Mouse,Accessories,2,26.21,49.8,CUST1970,Western,Card,Retail,0.05
2024-02-12,USB Drive,Accessories,2,29.74,57.7,CUST1419,Greater Accra,Mobile Money,Retail,0.03
2024-02-12,Phone Case,Accessories,2,43.72,76.95,CUST1120,Bono,Cash,Retail,0.12
2024-02-13,Phone Case,Accessories,5,20.6,94.76,CUST1800,Ashanti,Card,Retail,0.08
2024-02-13,Smartphone,Electronics,4,655.0,2174.6,CUST1917,Ashanti,Mobile Money,Wholesale,0.17
2024-02-13,Mouse,Accessories,6,28.61,145.91,CUST1047,Volta,Mobile Money,Retail,0.15
2024-02-13,Laptop,Electronics,1,862.51,776.26,CUST1169,Volta,Cash,Retail,0.1
2024-02-13,Headphones,Electronics,7,84.65,515.52,CUST1893,Bono,Bank Transfer,Retail,0.13
2024-02-14,USB Drive,Accessories,12,16.07,163.91,CUST1373,Bono,Cash,Wholesale,0.15
2024-02-14,USB Drive,Accessories,1,12.47,11.1,CUST1575,Western,Card,Retail,0.11
2024-02-14,Phone Case,Accessories,2,14.94,28.98,CUST1731,Greater Accra,Mobile Money,Retail,0.03
2024-02-15,Keyboard,Accessories,1,73.13,70.2,CUST1134,Greater Accra,Cash,Retail,0.04
2024-02-15,Keyboard,Accessories,4,66.17,235.57,CUST1322,Greater Accra,Cash,Retail,0.11
2024-02-15,Monitor,Electronics,2,311.8,598.66,CUST1549,Greater Accra,Mobile Money,Retail,0.04
2024-02-15,Keyboard,Accessories,1,40.55,39.33,CUST1900,Ashanti,Mobile Money,Retail,0.03
2024-02-15,USB Drive,Accessories,2,32.38,61.52,CUST1662,Volta,Mobile Money,Retail,0.05
2024-02-16,Headphones,Electronics,6,105.28,612.73,CUST1854,Bono,Card,Retail,0.03
2024-02-16,Monitor,Electronics,11,304.91,2884.45,CUST1208,Greater Accra,Cash,Retail,0.14
2024-02-16,Desk Lamp,Furniture,6,45.76,252.6,CUST1855,Greater Accra,Mobile Money,Retail,0.08
2024-02-17,Desk,Furniture,2,546.99,1017.4,CUST1105,Greater Accra,Mobile Money,Retail,0.07
2024-02-17,Mouse,Accessories,4,36.16,143.19,CUST1204,Eastern,Mobile Money,Retail,0.01
2024-02-17,Bookshelf,Furniture,5,279.76,1314.87,CUST1131,Greater Accra,Card,Wholesale,0.06
2024-02-17,Headphones,Electronics,9,73.34,660.06,CUST1563,Western,Mobile Money,Retail,0.0
2024-02-18,Mouse,Accessories,1,37.32,32.84,CUST1037,Western,Mobile Money,Retail,0.12
2024-02-19,Desk,Furniture,3,222.66,587.82,CUST1618,Central,Mobile Money,Retail,0.12
2024-02-19,Monitor,Electronics,6,239.11,1348.58,CUST1552,Eastern,Cash,Wholesale,0.06
2024-02-19,Monitor,Electronics,1,245.84,238.46,CUST1237,Greater Accra,Mobile Money,Retail,0.03
2024-02-19,Keyboard,Accessories,3,103.61,295.29,CUST1856,Eastern,Bank Transfer,Retail,0.05
2024-02-19,Desk Lamp,Furniture,9,40.95,316.95,CUST1175,Greater Accra,Mobile Money,Wholesale,0.14
2024-02-19,Phone Case,Accessories,2,31.17,57.35,CUST1753,Ashanti,Card,Retail,0.08
2024-02-20,Smartphone,Electronics,6,1051.82,6184.7,CUST1114,Greater Accra,Bank Transfer,Retail,0.02
2024-02-20,Mouse,Accessories,5,17.92,79.74,CUST1772,Volta,Cash,Retail,0.11
2024-02-20,Webcam,Electronics,6,85.35,440.41,CUST1888,Greater Accra,Mobile Money,Wholesale,0.14
2024-02-21,Desk Lamp,Furniture,6,52.67,316.02,CUST1192,Greater Accra,Card,Retail,0.0
2024-02-21,Keyboard,Accessories,1,43.07,42.64,CUST1856,Western,Mobile Money,Retail,0.01
2024-02-21,Keyboard,Accessories,3,26.58,69.37,CUST1958,Central,Mobile Money,Retail,0.13
2024-02-22,Desk Lamp,Furniture,2,37.22,72.21,CUST1692,Ashanti,Bank Transfer,Retail,0.03
2024-02-22,Phone Case,Accessories,5,39.28,188.54,CUST1588,Greater Accra,Card,Retail,0.04
2024-02-23,Keyboard,Accessories,6,86.46,394.26,CUST1866,Greater Accra,Cash,Wholesale,0.24
2024-02-23,Mouse,Accessories,1,22.64,22.41,CUST1795,Central,Cash,Retail,0.01
2024-02-23,Webcam,Electronics,9,122.65,1070.73,CUST1028,Western,Card,Retail,0.03
2024-02-23,USB Drive,Accessories,1,17.22,17.05,CUST1901,Ashanti,Cash,Retail,0.01
2024-02-23,Keyboard,Accessories,1,26.36,22.67,CUST1554,Ashanti,Mobile Money,Retail,0.14
2024-02-24,Printer,Electronics,1,530.47,525.17,CUST1197,Northern,Card,Retail,0.01
2024-02-25,Mouse,Accessories,3,29.81,78.7,CUST1123,Northern,Card,Retail,0.12
2024-02-26,Mouse,Accessories,7,26.82,165.21,CUST1003,Eastern,Mobile Money,Retail,0.12
2024-02-27,Desk Lamp,Furniture,1,42.0,37.38,CUST1901,Greater Accra,Cash,Retail,0.11
2024-02-27,Laptop,Electronics,1,989.38,949.8,CUST1249,Greater Accra,Cash,Retail,0.04
2024-02-27,Printer,Electronics,1,353.99,339.83,CUST1345,Ashanti,Card,Retail,0.04
2024-02-27,Mouse,Accessories,7,43.64,244.38,CUST1234,Volta,Cash,Wholesale,0.2
2024-02-27,Monitor,Electronics,3,450.11,1174.79,CUST1870,Ashanti,Mobile Money,Retail,0.13
2024-02-27,USB Drive,Accessories,8,35.94,244.39,CUST1076,Greater Accra,Card,Wholesale,0.15
2024-02-28,Smartphone,Electronics,7,842.26,5601.03,CUST1995,Western,Mobile Money,Wholesale,0.05
2024-03-01,Tablet,Electronics,2,425.09,807.67,CUST1474,Northern,Mobile Money,Retail,0.05
2024-03-01,Keyboard,Accessories,1,109.84,97.76,CUST1769,Greater Accra,Bank Transfer,Retail,0.11
2024-03-01,Bookshelf,Furniture,1,280.41,243.96,CUST1168,Greater Accra,Card,Retail,0.13
2024-03-01,Monitor,Electronics,9,383.3,2897.75,CUST1190,Northern,Card,Wholesale,0.16
2024-03-01,USB Drive,Accessories,3,19.38,54.07,CUST1208,Ashanti,Bank Transfer,Retail,0.07
2024-03-01,USB Drive,Accessories,6,30.56,163.19,CUST1295,Central,Card,Retail,0.11
2024-03-02,Office Chair,Furniture,8,320.36,2332.22,CUST1522,Bono,Bank Transfer,Wholesale,0.09
2024-03-03,Phone Case,Accessories,1,43.35,43.35,CUST1304,Greater Accra,Mobile Money,Retail,0.0
2024-03-03,Headphones,Electronics,6,115.34,553.63,CUST1011,Ashanti,Cash,Wholesale,0.2
2024-03-03,USB Drive,Accessories,2,16.15,30.04,CUST1763,Greater Accra,Cash,Retail,0.07
2024-03-03,Keyboard,Accessories,6,25.21,125.55,CUST1187,Central,Mobile Money,Wholesale,0.17
2024-03-04,Keyboard,Accessories,1,103.9,93.51,CUST1302,Ashanti,Cash,Retail,0.1
2024-03-04,Monitor,Electronics,5,279.5,1257.75,CUST1311,Ashanti,Mobile Money,Retail,0.1
2024-03-05,Printer,Electronics,6,373.55,2129.24,CUST1447,Central,Card,Retail,0.05
2024-03-05,Tablet,Electronics,6,331.38,1630.39,CUST1964,Bono,Card,Wholesale,0.18
2024-03-05,Smartphone,Electronics,4,745.73,2774.12,CUST1785,Central,Mobile Money,Retail,0.07
2024-03-05,Desk Lamp,Furniture,2,60.89,103.51,CUST1960,Greater Accra,Cash,Retail,0.15
2024-03-05,Phone Case,Accessories,1,40.74,36.26,CUST1325,Volta,Mobile Money,Retail,0.11
2024-03-05,Headphones,Electronics,11,170.83,1428.14,CUST1888,Greater Accra,Card,Wholesale,0.24
2024-03-06,Laptop,Electronics,2,1065.56,2088.5,CUST1334,Bono,Cash,Retail,0.02
2024-03-06,Office Chair,Furniture,4,288.04,1036.94,CUST1285,Northern,Card,Retail,0.1
2024-03-07,Monitor,Electronics,1,330.84,304.37,CUST1242,Volta,Cash,Retail,0.08
2024-03-07,Keyboard,Accessories,6,104.7,590.51,CUST1606,Eastern,Card,Retail,0.06
2024-03-07,Bookshelf,Furniture,6,295.18,1717.95,CUST1616,Volta,Cash,Retail,0.03
2024-03-07,Phone Case,Accessories,8,29.46,197.97,CUST1228,Ashanti,Mobile Money,Wholesale,0.16
2024-03-07,Keyboard,Accessories,9,90.01,810.09,CUST1758,Ashanti,Mobile Money,Retail,0.0
2024-03-08,USB Drive,Accessories,8,22.31,160.63,CUST1198,Greater Accra,Card,Wholesale,0.1
2024-03-08,Mouse,Accessories,2,38.02,58.55,CUST1999,Central,Mobile Money,Wholesale,0.23
2024-03-09,Office Chair,Furniture,1,316.68,304.01,CUST1500,Eastern,Mobile Money,Retail,0.04
2024-03-09,Phone Case,Accessories,3,10.55,30.38,CUST1798,Northern,Mobile Money,Retail,0.04
2024-03-09,USB Drive,Accessories,1,23.09,21.47,CUST1694,Eastern,Cash,Retail,0.07
2024-03-09,Monitor,Electronics,7,357.04,2399.31,CUST1516,Western,Card,Retail,0.04
2024-03-10,Tablet,Electronics,5,210.31,1051.55,CUST1343,Western,Mobile Money,Retail,0.0
2024-03-10,Desk,Furniture,1,579.98,516.18,CUST1249,Greater Accra,Mobile Money,Retail,0.11
2024-03-11,Webcam,Electronics,1,59.89,52.7,CUST1314,Greater Accra,Mobile Money,Retail,0.12
2024-03-11,Tablet,Electronics,5,463.8,2179.86,CUST1636,Eastern,Card,Retail,0.06
2024-03-11,Desk,Furniture,5,333.16,1549.19,CUST1385,Bono,Bank Transfer,Wholesale,0.07
2024-03-11,Webcam,Electronics,8,149.71,1041.98,CUST1682,Greater Accra,Mobile Money,Wholesale,0.13
2024-03-11,Keyboard,Accessories,7,77.43,439.03,CUST1833,Greater Accra,Card,Wholesale,0.19
2024-03-12,Phone Case,Accessories,1,23.34,23.11,CUST1967,Eastern,Cash,Retail,0.01
2024-03-12,Monitor,Electronics,2,457.99,879.34,CUST1459,Bono,Cash,Retail,0.04
2024-03-12,USB Drive,Accessories,7,29.72,160.19,CUST1308,Greater Accra,Card,Wholesale,0.23
2024-03-12,Office Chair,Furniture,3,129.04,363.89,CUST1478,Ashanti,Card,Retail,0.06
2024-03-12,Webcam,Electronics,1,51.18,47.6,CUST1077,Western,Cash,Retail,0.07
2024-03-13,Phone Case,Accessories,10,16.12,124.12,CUST1572,Ashanti,Cash,Wholesale,0.23
2024-03-13,USB Drive,Accessories,1,21.89,20.14,CUST1560,Northern,Bank Transfer,Retail,0.08
2024-03-13,Phone Case,Accessories,8,40.13,295.36,CUST1590,Greater Accra,Cash,Retail,0.08
2024-03-13,Desk Lamp,Furniture,3,77.93,198.72,CUST1146,Eastern,Mobile Money,Retail,0.15
2024-03-14,USB Drive,Accessories,2,38.86,74.61,CUST1318,Eastern,Mobile Money,Retail,0.04
2024-03-14,Tablet,Electronics,4,342.1,1217.88,CUST1373,Greater Accra,Mobile Money,Wholesale,0.11
2024-03-14,Printer,Electronics,4,196.23,722.13,CUST1853,Greater Accra,Card,Retail,0.08
2024-03-15,Desk Lamp,Furniture,2,71.99,132.46,CUST1061,Ashanti,Card,Retail,0.08
2024-03-17,Mouse,Accessories,1,22.55,21.87,CUST1298,Greater Accra,Card,Retail,0.03
2024-03-17,USB Drive,Accessories,1,37.91,32.98,CUST1401,Volta,Cash,Retail,0.13
2024-03-17,Laptop,Electronics,6,1265.4,6073.92,CUST1663,Eastern,Mobile Money,Wholesale,0.2
2024-03-18,Tablet,Electronics,10,402.38,3701.9,CUST1095,Ashanti,Mobile Money,Wholesale,0.08
2024-03-18,USB Drive,Accessories,1,18.05,15.7,CUST1921,Ashanti,Mobile Money,Retail,0.13
2024-03-19,Monitor,Electronics,3,214.54,605.0,CUST1431,Ashanti,Card,Retail,0.06
2024-03-19,Webcam,Electronics,3,106.52,239.67,CUST1093,Greater Accra,Mobile Money,Wholesale,0.25
2024-03-19,Webcam,Electronics,4,81.38,302.73,CUST1199,Central,Mobile Money,Retail,0.07
2024-03-20,Mouse,Accessories,2,41.18,73.3,CUST1863,Eastern,Cash,Retail,0.11
2024-03-20,Keyboard,Accessories,2,81.33,154.53,CUST1157,Greater Accra,Cash,Retail,0.05
2024-03-20,Desk,Furniture,5,415.95,1892.57,CUST1599,Greater Accra,Cash,Retail,0.09
2024-03-21,Monitor,Electronics,14,209.75,2730.94,CUST1609,Western,Card,Wholesale,0.07
2024-03-21,Mouse,Accessories,2,48.02,83.55,CUST1291,Greater Accra,Mobile Money,Retail,0.13
2024-03-21,Keyboard,Accessories,3,49.76,147.79,CUST1050,Ashanti,Card,Retail,0.01
2024-03-21,Office Chair,Furniture,1,257.7,229.35,CUST1675,Ashanti,Cash,Retail,0.11
2024-03-21,Tablet,Electronics,2,269.11,484.4,CUST1334,Greater Accra,Mobile Money,Retail,0.1
2024-03-21,Mouse,Accessories,8,24.69,187.64,CUST1346,Volta,Bank Transfer,Retail,0.05
2024-03-21,Phone Case,Accessories,3,11.03,29.45,CUST1496,Volta,Mobile Money,Retail,0.11
2024-03-22,Keyboard,Accessories,1,37.83,37.07,CUST1862,Ashanti,Card,Retail,0.02
2024-03-22,Desk Lamp,Furniture,2,77.65,152.19,CUST1071,Ashanti,Card,Retail,0.02
2024-03-22,Tablet,Electronics,2,400.93,721.67,CUST1880,Greater Accra,Mobile Money,Retail,0.1
2024-03-23,Monitor,Electronics,1,408.5,347.22,CUST1411,Greater Accra,Mobile Money,Retail,0.15
2024-03-23,Phone Case,Accessories,2,23.31,40.09,CUST1080,Eastern,Cash,Retail,0.14
2024-03-24,Phone Case,Accessories,3,35.18,104.48,CUST1837,Ashanti,Cash,Retail,0.01
2024-03-25,Headphones,Electronics,1,130.65,118.89,CUST1215,Ashanti,Card,Retail,0.09
2024-03-25,Keyboard,Accessories,8,63.27,475.79,CUST1138,Ashanti,Bank Transfer,Retail,0.06
2024-03-25,Desk,Furniture,6,212.09,1145.29,CUST1413,Western,Card,Retail,0.1
2024-03-25,Mouse,Accessories,1,25.59,23.8,CUST1037,Greater Accra,Card,Retail,0.07
2024-03-25,Headphones,Electronics,1,95.37,91.56,CUST1578,Eastern,Card,Retail,0.04
2024-03-25,Desk Lamp,Furniture,13,26.59,259.25,CUST1715,Volta,Card,Wholesale,0.25
2024-03-25,Phone Case,Accessories,9,15.39,120.5,CUST1978,Greater Accra,Cash,Wholesale,0.13
2024-03-26,Smartphone,Electronics,1,599.83,563.84,CUST1487,Central,Mobile Money,Retail,0.06
2024-03-26,Monitor,Electronics,2,299.54,521.2,CUST1223,Central,Mobile Money,Retail,0.13
2024-03-27,Mouse,Accessories,4,20.7,79.49,CUST1646,Volta,Cash,Retail,0.04
2024-03-27,USB Drive,Accessories,1,19.25,16.94,CUST1639,Greater Accra,Cash,Retail,0.12
2024-03-27,Keyboard,Accessories,3,55.43,157.98,CUST1956,Ashanti,Cash,Retail,0.05
2024-03-28,Bookshelf,Furniture,3,158.63,461.61,CUST1123,Northern,Cash,Retail,0.03
2024-03-28,Headphones,Electronics,1,69.87,64.28,CUST1735,Greater Accra,Cash,Retail,0.08
2024-03-28,Mouse,Accessories,3,38.19,105.4,CUST1937,Eastern,Mobile Money,Retail,0.08
2024-03-29,Keyboard,Accessories,4,28.78,105.91,CUST1148,Ashanti,Bank Transfer,Retail,0.08
2024-03-29,Phone Case,Accessories,1,41.76,40.09,CUST1131,Greater Accra,Card,Retail,0.04
2024-03-29,Smartphone,Electronics,9,1119.06,8460.09,CUST1550,Northern,Mobile Money,Wholesale,0.16
2024-03-29,Keyboard,Accessories,1,99.93,93.93,CUST1362,Greater Accra,Card,Retail,0.06
2024-03-29,USB Drive,Accessories,9,30.09,235.6,CUST1848,Greater Accra,Mobile Money,Retail,0.13
2024-03-29,USB Drive,Accessories,5,35.31,151.83,CUST1560,Central,Card,Retail,0.14
2024-03-30,Smartphone,Electronics,1,778.63,763.06,CUST1890,Northern,Mobile Money,Retail,0.02
2024-03-31,Desk Lamp,Furniture,1,28.4,26.41,CUST1868,Central,Mobile Money,Retail,0.07
2024-03-31,Keyboard,Accessories,5,35.27,165.77,CUST1909,Greater Accra,Bank Transfer,Retail,0.06
2024-03-31,Bookshelf,Furniture,2,162.63,299.24,CUST1766,Central,Bank Transfer,Retail,0.08
2024-03-31,Laptop,Electronics,4,993.67,3656.71,CUST1746,Greater Accra,Card,Retail,0.08
2024-03-31,Phone Case,Accessories,3,22.47,67.41,CUST1503,Bono,Cash,Retail,0.0
2024-04-01,Office Chair,Furniture,9,324.56,2541.3,CUST1303,Eastern,Bank Transfer,Retail,0.13
2024-04-01,Phone Case,Accessories,1,31.72,30.45,CUST1143,Northern,Mobile Money,Retail,0.04
2024-04-01,Phone Case,Accessories,7,19.54,132.68,CUST1336,Greater Accra,Cash,Retail,0.03
2024-04-02,Mouse,Accessories,3,28.16,72.65,CUST1393,Greater Accra,Mobile Money,Retail,0.14
2024-04-03,USB Drive,Accessories,10,17.66,139.51,CUST1379,Western,Card,Wholesale,0.21
2024-04-03,Mouse,Accessories,3,29.58,86.97,CUST1276,Western,Mobile Money,Retail,0.02
2024-04-03,Keyboard,Accessories,9,30.83,210.88,CUST1382,Eastern,Cash,Wholesale,0.24
2024-04-03,Phone Case,Accessories,4,28.73,98.83,CUST1385,Greater Accra,Cash,Retail,0.14
2024-04-03,Phone Case,Accessories,2,16.76,30.5,CUST1815,Greater Accra,Bank Transfer,Retail,0.09
2024-04-03,Monitor,Electronics,2,196.55,353.79,CUST1383,Ashanti,Mobile Money,Retail,0.1
2024-04-04,Smartphone,Electronics,6,796.01,4489.5,CUST1651,Greater Accra,Cash,Wholesale,0.06
2024-04-04,Smartphone,Electronics,1,987.28,908.3,CUST1873,Greater Accra,Cash,Retail,0.08
2024-04-05,Webcam,Electronics,2,133.98,230.45,CUST1480,Ashanti,Mobile Money,Retail,0.14
2024-04-05,Desk Lamp,Furniture,6,29.96,159.99,CUST1423,Western,Mobile Money,Wholesale,0.11
2024-04-05,Bookshelf,Furniture,4,107.51,378.44,CUST1765,Eastern,Bank Transfer,Retail,0.12
2024-04-06,USB Drive,Accessories,1,16.25,15.27,CUST1253,Western,Card,Retail,0.06
2024-04-07,Keyboard,Accessories,6,71.77,353.11,CUST1228,Greater Accra,Bank Transfer,Wholesale,0.18
2024-04-07,Keyboard,Accessories,3,28.67,74.83,CUST1296,Bono,Bank Transfer,Retail,0.13
2024-04-08,Monitor,Electronics,2,276.02,491.32,CUST1715,Western,Bank Transfer,Retail,0.11
2024-04-08,Phone Case,Accessories,1,16.42,14.12,CUST1234,Ashanti,Card,Retail,0.14
2024-04-08,Tablet,Electronics,8,699.08,5201.16,CUST1580,Greater Accra,Cash,Wholesale,0.07
2024-04-08,Printer,Electronics,1,481.78,457.69,CUST1507,Ashanti,Bank Transfer,Retail,0.05
2024-04-08,Keyboard,Accessories,3,101.63,283.55,CUST1235,Northern,Bank Transfer,Retail,0.07
2024-04-08,Phone Case,Accessories,6,21.34,98.59,CUST1937,Greater Accra,Card,Wholesale,0.23
2024-04-09,Phone Case,Accessories,2,41.92,72.1,CUST1618,Ashanti,Cash,Retail,0.14
2024-04-09,Desk,Furniture,4,303.03,1066.67,CUST1694,Greater Accra,Cash,Retail,0.12
2024-04-09,Laptop,Electronics,3,982.15,2710.73,CUST1793,Eastern,Mobile Money,Retail,0.08
2024-04-09,Headphones,Electronics,9,169.3,1295.14,CUST1734,Greater Accra,Cash,Retail,0.15
2024-04-09,Mouse,Accessories,3,39.95,109.06,CUST1308,Northern,Card,Retail,0.09
2024-04-09,Desk Lamp,Furniture,9,37.93,317.47,CUST1398,Greater Accra,Cash,Retail,0.07
2024-04-09,Desk Lamp,Furniture,2,58.17,112.85,CUST1589,Ashanti,Mobile Money,Retail,0.03
2024-04-09,Keyboard,Accessories,4,46.65,158.61,CUST1141,Western,Cash,Retail,0.15
2024-04-09,USB Drive,Accessories,1,32.3,31.65,CUST1376,Greater Accra,Mobile Money,Retail,0.02
2024-04-09,Smartphone,Electronics,1,982.61,894.18,CUST1415,Western,Cash,Retail,0.09
2024-04-09,Phone Case,Accessories,1,26.4,26.4,CUST1777,Eastern,Mobile Money,Retail,0.0
2024-04-09,Webcam,Electronics,3,169.56,467.99,CUST1982,Central,Mobile Money,Retail,0.08
2024-04-10,Phone Case,Accessories,1,13.07,12.29,CUST1314,Greater Accra,Cash,Retail,0.06
2024-04-11,Headphones,Electronics,7,114.02,710.34,CUST1316,Ashanti,Mobile Money,Wholesale,0.11
2024-04-11,Headphones,Electronics,2,151.29,299.55,CUST1871,Greater Accra,Card,Retail,0.01
2024-04-12,Laptop,Electronics,2,1007.86,1935.09,CUST1204,Ashanti,Mobile Money,Retail,0.04
2024-04-12,Printer,Electronics,2,347.04,589.97,CUST1992,Greater Accra,Mobile Money,Retail,0.15
2024-04-12,Headphones,Electronics,3,112.77,321.39,CUST1918,Western,Mobile Money,Retail,0.05
2024-04-12,Smartphone,Electronics,1,602.13,596.11,CUST1204,Greater Accra,Mobile Money,Retail,0.01
2024-04-13,Mouse,Accessories,7,20.91,130.27,CUST1463,Volta,Mobile Money,Retail,0.11
2024-04-13,Phone Case,Accessories,1,14.61,14.32,CUST1675,Greater Accra,Bank Transfer,Retail,0.02
2024-04-14,Headphones,Electronics,4,110.64,416.01,CUST1396,Greater Accra,Cash,Retail,0.06
2024-04-15,Webcam,Electronics,1,131.9,127.94,CUST1151,Greater Accra,Mobile Money,Retail,0.03
2024-04-15,Tablet,Electronics,1,559.84,475.86,CUST1458,Ashanti,Mobile Money,Retail,0.15
2024-04-15,Desk Lamp,Furniture,1,75.51,64.18,CUST1969,Greater Accra,Cash,Retail,0.15
2024-04-15,Desk Lamp,Furniture,1,51.72,43.96,CUST1125,Western,Mobile Money,Retail,0.15
2024-04-15,Office Chair,Furniture,1,250.66,228.1,CUST1853,Greater Accra,Card,Retail,0.09
2024-04-15,Phone Case,Accessories,3,12.59,35.5,CUST1435,Northern,Mobile Money,Retail,0.06
2024-04-16,Printer,Electronics,2,208.74,379.91,CUST1502,Volta,Cash,Retail,0.09
2024-04-16,Headphones,Electronics,4,103.85,386.32,CUST1526,Western,Mobile Money,Wholesale,0.07
2024-04-16,Printer,Electronics,2,435.74,793.05,CUST1779,Ashanti,Card,Retail,0.09
2024-04-16,Mouse,Accessories,7,18.32,124.39,CUST1119,Western,Cash,Retail,0.03
2024-04-17,Phone Case,Accessories,3,43.0,123.84,CUST1821,Volta,Card,Retail,0.04
2024-04-17,Smartphone,Electronics,2,801.11,1377.91,CUST1778,Central,Cash,Retail,0.14
2024-04-17,Printer,Electronics,2,468.26,852.23,CUST1866,Volta,Bank Transfer,Retail,0.09
2024-04-17,Desk Lamp,Furniture,8,53.94,427.2,CUST1541,Ashanti,Mobile Money,Retail,0.01
2024-04-19,Mouse,Accessories,2,47.87,92.87,CUST1088,Greater Accra,Bank Transfer,Retail,0.03
2024-04-19,Desk,Furniture,2,303.09,545.56,CUST1888,Greater Accra,Cash,Retail,0.1
2024-04-19,Tablet,Electronics,7,274.12,1784.52,CUST1375,Greater Accra,Cash,Retail,0.07
2024-04-19,Laptop,Electronics,4,1042.28,4002.36,CUST1897,Northern,Mobile Money,Retail,0.04
2024-04-19,Headphones,Electronics,5,51.67,229.93,CUST1471,Central,Cash,Retail,0.11
2024-04-20,Keyboard,Accessories,12,106.93,1193.34,CUST1134,Greater Accra,Card,Retail,0.07
2024-04-20,Desk Lamp,Furniture,2,69.61,125.3,CUST1561,Greater Accra,Mobile Money,Retail,0.1
2024-04-20,Mouse,Accessories,2,48.29,92.72,CUST1809,Volta,Cash,Retail,0.04
2024-04-20,Headphones,Electronics,3,141.57,407.72,CUST1358,Central,Card,Retail,0.04
2024-04-22,Headphones,Electronics,3,141.04,389.27,CUST1167,Greater Accra,Mobile Money,Retail,0.08
2024-04-23,Smartphone,Electronics,4,1012.99,3889.88,CUST1994,Ashanti,Bank Transfer,Retail,0.04
2024-04-23,Desk Lamp,Furniture,12,29.29,302.27,CUST1945,Greater Accra,Mobile Money,Wholesale,0.14
2024-04-23,Phone Case,Accessories,1,39.63,39.23,CUST1968,Greater Accra,Mobile Money,Retail,0.01
2024-04-24,Webcam,Electronics,1,109.55,99.69,CUST1450,Greater Accra,Cash,Retail,0.09
2024-04-24,Mouse,Accessories,1,44.13,39.28,CUST1849,Ashanti,Mobile Money,Wholesale,0.11
2024-04-24,Phone Case,Accessories,2,41.17,74.11,CUST1161,Northern,Card,Retail,0.1
2024-04-24,Phone Case,Accessories,5,23.81,108.34,CUST1485,Greater Accra,Cash,Retail,0.09
2024-04-25,Office Chair,Furniture,6,171.18,924.37,CUST1934,Central,Bank Transfer,Retail,0.1
2024-04-25,Tablet,Electronics,8,553.27,3939.28,CUST1093,Ashanti,Cash,Retail,0.11
2024-04-25,Mouse,Accessories,3,27.23,76.79,CUST1436,Northern,Cash,Retail,0.06
2024-04-25,Phone Case,Accessories,4,34.09,118.63,CUST1880,Northern,Card,Retail,0.13
2024-04-26,Laptop,Electronics,1,1443.43,1385.69,CUST1520,Northern,Card,Retail,0.04
2024-04-26,Keyboard,Accessories,1,118.56,107.89,CUST1707,Greater Accra,Mobile Money,Retail,0.09
2024-04-26,USB Drive,Accessories,6,32.51,171.65,CUST1688,Ashanti,Bank Transfer,Retail,0.12
2024-04-27,Monitor,Electronics,1,184.92,162.73,CUST1707,Central,Cash,Retail,0.12
2024-04-27,Monitor,Electronics,8,462.95,3629.53,CUST1833,Greater Accra,Cash,Retail,0.02
2024-04-28,Webcam,Electronics,1,118.87,108.17,CUST1390,Eastern,Mobile Money,Retail,0.09
2024-04-30,Headphones,Electronics,5,60.42,265.85,CUST1102,Greater Accra,Card,Retail,0.12
2024-04-30,Desk,Furniture,3,562.83,1502.76,CUST1185,Eastern,Card,Retail,0.11
2024-04-30,Headphones,Electronics,2,68.15,124.03,CUST1138,Volta,Card,Retail,0.09
2024-04-30,Phone Case,Accessories,11,39.63,405.41,CUST1114,Greater Accra,Card,Wholesale,0.07
2024-05-01,Monitor,Electronics,4,335.2,1233.54,CUST1167,Northern,Mobile Money,Retail,0.08
2024-05-01,USB Drive,Accessories,3,20.11,58.52,CUST1351,Northern,Card,Retail,0.03
2024-05-01,Laptop,Electronics,1,1142.05,1119.21,CUST1234,Eastern,Mobile Money,Retail,0.02
2024-05-01,Phone Case,Accessories,9,23.07,193.1,CUST1619,Greater Accra,Mobile Money,Wholesale,0.07
2024-05-01,Desk Lamp,Furniture,2,60.99,120.76,CUST1480,Central,Mobile Money,Retail,0.01
2024-05-02,Phone Case,Accessories,5,25.95,118.07,CUST1374,Greater Accra,Card,Wholesale,0.09
2024-05-02,Phone Case,Accessories,10,13.62,121.22,CUST1808,Greater Accra,Card,Retail,0.11
2024-05-02,Office Chair,Furniture,3,214.41,553.18,CUST1850,Eastern,Card,Retail,0.14
2024-05-02,Desk Lamp,Furniture,9,42.07,359.7,CUST1984,Greater Accra,Mobile Money,Wholesale,0.05
2024-05-03,Keyboard,Accessories,1,45.11,41.05,CUST1725,Ashanti,Mobile Money,Retail,0.09
2024-05-03,Phone Case,Accessories,3,44.68,127.34,CUST1760,Eastern,Card,Retail,0.05
2024-05-03,Keyboard,Accessories,10,86.25,655.5,CUST1899,Volta,Mobile Money,Wholesale,0.24
2024-05-03,Tablet,Electronics,1,413.13,384.21,CUST1399,Greater Accra,Bank Transfer,Retail,0.07
2024-05-03,Office Chair,Furniture,1,218.85,186.02,CUST1416,Eastern,Cash,Retail,0.15
2024-05-03,Tablet,Electronics,3,471.62,1414.86,CUST1058,Greater Accra,Card,Retail,0.0
2024-05-04,Mouse,Accessories,6,28.97,159.91,CUST1027,Greater Accra,Card,Wholesale,0.08
2024-05-05,Headphones,Electronics,6,135.09,737.59,CUST1390,Bono,Mobile Money,Retail,0.09
2024-05-05,Laptop,Electronics,1,1147.89,1101.97,CUST1649,Ashanti,Cash,Retail,0.04
2024-05-06,USB Drive,Accessories,6,28.89,162.94,CUST1355,Ashanti,Mobile Money,Wholesale,0.06
2024-05-06,USB Drive,Accessories,1,15.96,15.48,CUST1800,Eastern,Cash,Retail,0.03
2024-05-06,Webcam,Electronics,4,118.05,406.09,CUST1721,Ashanti,Bank Transfer,Retail,0.14
2024-05-06,Mouse,Accessories,1,46.0,43.7,CUST1326,Ashanti,Card,Retail,0.05
2024-05-06,Monitor,Electronics,2,374.02,703.16,CUST1596,Greater Accra,Mobile Money,Retail,0.06
2024-05-06,Webcam,Electronics,11,64.16,592.84,CUST1440,Greater Accra,Bank Transfer,Wholesale,0.16
2024-05-06,Headphones,Electronics,9,97.34,805.98,CUST1016,Northern,Bank Transfer,Wholesale,0.08
2024-05-06,Smartphone,Electronics,2,724.5,1376.55,CUST1671,Central,Mobile Money,Retail,0.05
2024-05-07,Printer,Electronics,1,314.96,308.66,CUST1088,Central,Bank Transfer,Retail,0.02
2024-05-07,Laptop,Electronics,11,1379.38,14111.06,CUST1921,Greater Accra,Mobile Money,Retail,0.07
2024-05-07,Webcam,Electronics,1,95.68,83.24,CUST1546,Greater Accra,Card,Retail,0.13
2024-05-07,Laptop,Electronics,2,966.21,1816.47,CUST1266,Greater Accra,Mobile Money,Retail,0.06
2024-05-08,Phone Case,Accessories,1,14.66,11.58,CUST1730,Greater Accra,Bank Transfer,Wholesale,0.21
2024-05-08,Printer,Electronics,3,263.13,718.34,CUST1172,Northern,Card,Retail,0.09
2024-05-08,Mouse,Accessories,1,47.96,46.52,CUST1804,Greater Accra,Bank Transfer,Retail,0.03
2024-05-09,USB Drive,Accessories,8,30.48,231.65,CUST1798,Greater Accra,Cash,Retail,0.05
2024-05-09,Smartphone,Electronics,9,478.29,3745.01,CUST1776,Volta,Mobile Money,Retail,0.13
2024-05-09,Webcam,Electronics,1,136.01,134.65,CUST1210,Central,Card,Retail,0.01
2024-05-10,Mouse,Accessories,1,36.37,33.46,CUST1678,Greater Accra,Card,Retail,0.08
2024-05-10,Webcam,Electronics,2,68.86,125.33,CUST1561,Greater Accra,Card,Retail,0.09
2024-05-11,Office Chair,Furniture,6,181.5,1012.77,CUST1496,Ashanti,Card,Retail,0.07
2024-05-12,Smartphone,Electronics,6,745.26,3800.83,CUST1969,Ashanti,Card,Wholesale,0.15
2024-05-12,Phone Case,Accessories,3,21.6,55.73,CUST1367,Greater Accra,Mobile Money,Retail,0.14
2024-05-13,Monitor,Electronics,11,370.8,3752.5,CUST1869,Eastern,Mobile Money,Wholesale,0.08
2024-05-13,Webcam,Electronics,1,52.07,45.82,CUST1649,Eastern,Card,Retail,0.12
2024-05-14,Printer,Electronics,2,246.26,438.34,CUST1408,Western,Mobile Money,Retail,0.11
2024-05-14,Mouse,Accessories,1,29.11,25.91,CUST1048,Ashanti,Card,Retail,0.11
2024-05-14,Monitor,Electronics,1,226.49,194.78,CUST1776,Greater Accra,Mobile Money,Retail,0.14
2024-05-14,Desk Lamp,Furniture,3,81.63,213.05,CUST1978,Greater Accra,Card,Retail,0.13
2024-05-15,Office Chair,Furniture,7,146.87,781.35,CUST1965,Greater Accra,Mobile Money,Wholesale,0.24
2024-05-15,Phone Case,Accessories,7,20.95,130.52,CUST1864,Northern,Mobile Money,Retail,0.11
2024-05-15,Webcam,Electronics,5,50.1,235.47,CUST1164,Greater Accra,Cash,Retail,0.06
2024-05-15,Webcam,Electronics,4,112.92,392.96,CUST1669,Ashanti,Bank Transfer,Retail,0.13
2024-05-15,Office Chair,Furniture,2,263.98,496.28,CUST1676,Greater Accra,Cash,Retail,0.06
2024-05-15,Desk,Furniture,6,418.46,2460.54,CUST1158,Greater Accra,Card,Retail,0.02
2024-05-16,Keyboard,Accessories,7,101.58,668.4,CUST1879,Volta,Card,Retail,0.06
2024-05-16,Monitor,Electronics,3,308.36,814.07,CUST1741,Ashanti,Mobile Money,Retail,0.12
2024-05-16,Mouse,Accessories,3,26.39,72.04,CUST1153,Greater Accra,Cash,Retail,0.09
2024-05-16,USB Drive,Accessories,3,20.3,48.72,CUST1364,Central,Bank Transfer,Wholesale,0.2
2024-05-16,Office Chair,Furniture,1,279.38,237.47,CUST1210,Western,Card,Retail,0.15
2024-05-16,Phone Case,Accessories,1,39.27,36.13,CUST1161,Central,Cash,Retail,0.08
2024-05-17,Headphones,Electronics,5,138.81,687.11,CUST1742,Western,Card,Retail,0.01
2024-05-17,Keyboard,Accessories,3,96.49,248.94,CUST1984,Greater Accra,Cash,Retail,0.14
2024-05-17,Laptop,Electronics,9,876.79,6707.44,CUST1892,Ashanti,Cash,Wholesale,0.15
2024-05-17,Webcam,Electronics,2,51.47,86.47,CUST1997,Ashanti,Card,Wholesale,0.16
2024-05-17,Keyboard,Accessories,3,98.85,287.65,CUST1525,Eastern,Mobile Money,Retail,0.03
2024-05-18,Phone Case,Accessories,2,10.66,18.76,CUST1050,Ashanti,Mobile Money,Retail,0.12
2024-05-19,Printer,Electronics,3,428.32,1182.16,CUST1149,Western,Mobile Money,Retail,0.08
2024-05-19,Tablet,Electronics,3,663.91,1951.9,CUST1285,Greater Accra,Mobile Money,Retail,0.02
2024-05-20,Smartphone,Electronics,4,1188.96,4280.26,CUST1294,Eastern,Bank Transfer,Retail,0.1
2024-05-20,Webcam,Electronics,7,71.38,469.68,CUST1398,Greater Accra,Mobile Money,Retail,0.06
2024-05-21,Headphones,Electronics,2,179.95,305.91,CUST1889,Greater Accra,Card,Retail,0.15
2024-05-21,Desk Lamp,Furniture,3,83.84,221.34,CUST1721,Bono,Bank Transfer,Retail,0.12
2024-05-21,Mouse,Accessories,3,31.41,91.4,CUST1722,Northern,Mobile Money,Retail,0.03
2024-05-22,Printer,Electronics,7,210.1,1264.8,CUST1750,Western,Mobile Money,Wholesale,0.14
2024-05-22,Office Chair,Furniture,11,329.87,3556.0,CUST1810,Bono,Mobile Money,Retail,0.02
2024-05-22,Laptop,Electronics,1,1053.27,1042.74,CUST1164,Northern,Card,Retail,0.01
2024-05-22,Desk,Furniture,5,249.69,1173.54,CUST1981,Bono,Mobile Money,Retail,0.06
2024-05-22,Bookshelf,Furniture,2,267.37,518.7,CUST1177,Greater Accra,Card,Retail,0.03
2024-05-22,Keyboard,Accessories,1,72.42,70.97,CUST1813,Northern,Mobile Money,Retail,0.02
2024-05-23,Phone Case,Accessories,3,18.39,48.0,CUST1597,Western,Mobile Money,Retail,0.13
2024-05-23,Tablet,Electronics,2,509.11,1008.04,CUST1163,Ashanti,Mobile Money,Retail,0.01
2024-05-23,Tablet,Electronics,2,251.16,467.16,CUST1613,Western,Mobile Money,Retail,0.07
2024-05-24,Phone Case,Accessories,7,36.84,250.14,CUST1205,Greater Accra,Card,Retail,0.03
2024-05-24,Desk Lamp,Furniture,6,75.18,396.95,CUST1240,Volta,Mobile Money,Wholesale,0.12
2024-05-24,Bookshelf,Furniture,1,287.39,244.28,CUST1755,Volta,Mobile Money,Retail,0.15
2024-05-24,USB Drive,Accessories,2,39.06,66.4,CUST1078,Western,Cash,Retail,0.15
2024-05-24,Phone Case,Accessories,3,21.8,55.59,CUST1055,Greater Accra,Bank Transfer,Retail,0.15
2024-05-25,Printer,Electronics,3,307.18,884.68,CUST1785,Greater Accra,Card,Retail,0.04
2024-05-26,Phone Case,Accessories,4,39.89,143.6,CUST1372,Greater Accra,Card,Retail,0.1
2024-05-27,Headphones,Electronics,1,144.48,128.59,CUST1435,Northern,Mobile Money,Retail,0.11
2024-05-27,Mouse,Accessories,4,18.37,73.48,CUST1102,Greater Accra,Mobile Money,Retail,0.0
2024-05-27,Phone Case,Accessories,4,41.73,131.87,CUST1149,Greater Accra,Cash,Wholesale,0.21
2024-05-27,Smartphone,Electronics,8,716.32,5042.89,CUST1538,Bono,Cash,Retail,0.12
2024-05-28,Tablet,Electronics,1,589.66,589.66,CUST1215,Bono,Mobile Money,Retail,0.0
2024-05-28,Desk Lamp,Furniture,6,32.73,176.74,CUST1577,Greater Accra,Cash,Wholesale,0.1
2024-05-29,Monitor,Electronics,2,482.51,945.72,CUST1637,Greater Accra,Cash,Retail,0.02
2024-05-29,Monitor,Electronics,4,317.77,1131.26,CUST1671,Eastern,Mobile Money,Retail,0.11
2024-05-29,USB Drive,Accessories,13,13.45,153.87,CUST1649,Western,Cash,Wholesale,0.12
2024-05-29,Desk,Furniture,2,313.79,602.48,CUST1561,Eastern,Card,Retail,0.04
2024-05-29,Tablet,Electronics,2,484.67,949.95,CUST1396,Greater Accra,Card,Retail,0.02
2024-05-29,Headphones,Electronics,2,142.79,271.3,CUST1011,Ashanti,Card,Retail,0.05
2024-05-30,Phone Case,Accessories,1,23.36,20.09,CUST1865,Eastern,Mobile Money,Retail,0.14
2024-05-31,USB Drive,Accessories,2,30.22,58.02,CUST1971,Greater Accra,Card,Retail,0.04
2024-05-31,Office Chair,Furniture,2,120.59,221.89,CUST1566,Greater Accra,Mobile Money,Retail,0.08
2024-05-31,Webcam,Electronics,1,123.43,117.26,CUST1918,Ashanti,Mobile Money,Retail,0.05
2024-06-01,Monitor,Electronics,6,426.82,2279.22,CUST1452,Greater Accra,Cash,Wholesale,0.11
2024-06-01,Office Chair,Furniture,1,195.88,186.09,CUST1479,Ashanti,Card,Retail,0.05
2024-06-01,Printer,Electronics,2,172.2,303.07,CUST1525,Greater Accra,Cash,Retail,0.12
2024-06-01,Smartphone,Electronics,3,368.69,984.4,CUST1725,Central,Cash,Retail,0.11
2024-06-02,Bookshelf,Furniture,1,287.97,262.05,CUST1970,Western,Mobile Money,Retail,0.09
2024-06-02,Desk,Furniture,1,234.23,206.12,CUST1331,Eastern,Card,Retail,0.12
2024-06-02,Headphones,Electronics,6,136.86,722.62,CUST1502,Western,Card,Wholesale,0.12
2024-06-02,USB Drive,Accessories,4,27.43,97.65,CUST1014,Greater Accra,Cash,Retail,0.11
2024-06-03,Webcam,Electronics,2,46.12,83.94,CUST1305,Greater Accra,Bank Transfer,Retail,0.09
2024-06-03,Mouse,Accessories,2,39.01,72.56,CUST1810,Bono,Cash,Retail,0.07
2024-06-03,Desk Lamp,Furniture,3,31.3,90.14,CUST1437,Eastern,Card,Retail,0.04
2024-06-03,Phone Case,Accessories,2,40.71,76.53,CUST1208,Ashanti,Cash,Retail,0.06
2024-06-04,Desk Lamp,Furniture,10,36.61,318.51,CUST1219,Volta,Card,Wholesale,0.13
2024-06-04,Tablet,Electronics,3,526.69,1469.47,CUST1328,Greater Accra,Card,Retail,0.07
2024-06-05,Headphones,Electronics,2,123.44,241.94,CUST1470,Central,Cash,Retail,0.02
2024-06-05,Headphones,Electronics,6,41.9,243.86,CUST1078,Eastern,Mobile Money,Retail,0.03
2024-06-05,USB Drive,Accessories,1,18.58,15.79,CUST1635,Northern,Bank Transfer,Retail,0.15
2024-06-05,Desk Lamp,Furniture,6,84.95,402.66,CUST1361,Greater Accra,Card,Wholesale,0.21
2024-06-06,Printer,Electronics,1,320.21,272.18,CUST1474,Greater Accra,Mobile Money,Wholesale,0.15
2024-06-07,Monitor,Electronics,4,359.67,1136.56,CUST1045,Greater Accra,Card,Wholesale,0.21
2024-06-07,Monitor,Electronics,4,208.17,649.49,CUST1019,Greater Accra,Card,Wholesale,0.22
2024-06-07,Phone Case,Accessories,5,12.27,55.21,CUST1227,Western,Mobile Money,Retail,0.1
2024-06-07,Mouse,Accessories,5,21.09,99.12,CUST1538,Greater Accra,Bank Transfer,Retail,0.06
2024-06-07,Desk Lamp,Furniture,2,58.1,113.88,CUST1566,Greater Accra,Mobile Money,Retail,0.02
2024-06-08,Laptop,Electronics,2,1082.12,2142.6,CUST1238,Western,Cash,Retail,0.01
2024-06-09,Office Chair,Furniture,4,264.99,964.56,CUST1425,Western,Card,Wholesale,0.09
2024-06-09,Bookshelf,Furniture,11,198.95,2100.91,CUST1027,Greater Accra,Bank Transfer,Retail,0.04
2024-06-10,Desk Lamp,Furniture,2,33.44,65.54,CUST1954,Ashanti,Mobile Money,Retail,0.02
2024-06-10,Laptop,Electronics,2,1240.93,2481.86,CUST1804,Volta,Mobile Money,Retail,0.0
2024-06-10,Bookshelf,Furniture,1,115.25,112.94,CUST1612,Ashanti,Card,Retail,0.02
2024-06-10,Tablet,Electronics,1,660.17,633.76,CUST1965,Bono,Mobile Money,Retail,0.04
2024-06-10,USB Drive,Accessories,5,27.39,109.56,CUST1120,Western,Card,Wholesale,0.2
2024-06-10,Monitor,Electronics,2,434.98,748.17,CUST1214,Greater Accra,Cash,Retail,0.14
2024-06-11,Desk Lamp,Furniture,2,71.65,130.4,CUST1948,Greater Accra,Bank Transfer,Retail,0.09
2024-06-11,Headphones,Electronics,5,48.98,227.76,CUST1932,Volta,Bank Transfer,Wholesale,0.07
2024-06-11,Phone Case,Accessories,3,30.69,81.02,CUST1246,Northern,Card,Retail,0.12
2024-06-11,Laptop,Electronics,3,1168.22,3399.52,CUST1228,Ashanti,Cash,Retail,0.03
2024-06-11,Mouse,Accessories,4,47.4,178.22,CUST1185,Volta,Mobile Money,Retail,0.06
2024-06-12,Printer,Electronics,4,364.16,1281.84,CUST1289,Northern,Card,Retail,0.12
2024-06-12,USB Drive,Accessories,9,17.14,145.0,CUST1463,Greater Accra,Card,Retail,0.06
2024-06-12,Mouse,Accessories,1,40.24,35.41,CUST1389,Ashanti,Mobile Money,Retail,0.12
2024-06-12,Desk Lamp,Furniture,1,45.0,41.85,CUST1217,Greater Accra,Card,Retail,0.07
2024-06-13,Mouse,Accessories,2,43.14,78.51,CUST1119,Greater Accra,Cash,Retail,0.09
2024-06-13,Headphones,Electronics,8,112.74,766.63,CUST1102,Greater Accra,Mobile Money,Retail,0.15
2024-06-14,Phone Case,Accessories,1,14.8,14.5,CUST1001,Greater Accra,Cash,Retail,0.02
2024-06-14,Webcam,Electronics,2,87.99,160.14,CUST1762,Greater Accra,Mobile Money,Retail,0.09
2024-06-14,Desk,Furniture,1,480.83,418.32,CUST1174,Greater Accra,Card,Retail,0.13
2024-06-15,Bookshelf,Furniture,11,161.48,1438.79,CUST1667,Greater Accra,Mobile Money,Wholesale,0.19
2024-06-16,Mouse,Accessories,6,16.92,94.41,CUST1131,Ashanti,Mobile Money,Retail,0.07
2024-06-16,Office Chair,Furniture,2,278.81,513.01,CUST1379,Eastern,Mobile Money,Retail,0.08
2024-06-17,Desk Lamp,Furniture,1,66.47,66.47,CUST1977,Ashanti,Card,Retail,0.0
2024-06-17,Desk,Furniture,1,220.44,218.24,CUST1608,Ashanti,Cash,Retail,0.01
2024-06-18,Phone Case,Accessories,5,25.35,120.41,CUST1026,Greater Accra,Mobile Money,Retail,0.05
2024-06-18,Desk Lamp,Furniture,6,42.29,215.68,CUST1767,Western,Mobile Money,Retail,0.15
2024-06-18,Tablet,Electronics,5,342.72,1559.38,CUST1701,Northern,Mobile Money,Retail,0.09
2024-06-18,Laptop,Electronics,2,890.52,1691.99,CUST1148,Ashanti,Mobile Money,Retail,0.05
2024-06-18,Bookshelf,Furniture,2,235.54,471.08,CUST1347,Ashanti,Bank Transfer,Retail,0.0
2024-06-19,Smartphone,Electronics,1,463.0,435.22,CUST1794,Greater Accra,Mobile Money,Retail,0.06
2024-06-19,Smartphone,Electronics,12,672.73,7104.03,CUST1506,Bono,Cash,Wholesale,0.12
2024-06-19,Mouse,Accessories,5,44.67,189.85,CUST1389,Central,Mobile Money,Retail,0.15
2024-06-19,Phone Case,Accessories,4,14.09,56.36,CUST1381,Ashanti,Mobile Money,Retail,0.0
2024-06-20,Mouse,Accessories,1,29.07,25.29,CUST1453,Greater Accra,Bank Transfer,Retail,0.13
2024-06-20,Monitor,Electronics,6,209.98,1171.69,CUST1056,Greater Accra,Card,Retail,0.07
2024-06-20,Monitor,Electronics,1,273.59,273.59,CUST1593,Eastern,Mobile Money,Retail,0.0
2024-06-21,Headphones,Electronics,1,67.46,66.79,CUST1003,Greater Accra,Bank Transfer,Retail,0.01
2024-06-21,Office Chair,Furniture,7,190.48,1026.69,CUST1538,Central,Cash,Wholesale,0.23
2024-06-21,Monitor,Electronics,1,308.18,298.93,CUST1892,Volta,Mobile Money,Retail,0.03
2024-06-21,Mouse,Accessories,11,49.48,484.41,CUST1784,Greater Accra,Card,Wholesale,0.11
2024-06-21,Tablet,Electronics,9,515.04,3801.0,CUST1687,Volta,Cash,Wholesale,0.18
2024-06-22,Headphones,Electronics,2,74.41,141.38,CUST1358,Greater Accra,Bank Transfer,Retail,0.05
2024-06-23,Mouse,Accessories,1,49.46,42.04,CUST1532,Greater Accra,Cash,Retail,0.15
2024-06-23,Bookshelf,Furniture,3,115.53,308.47,CUST1556,Greater Accra,Mobile Money,Retail,0.11
2024-06-24,Phone Case,Accessories,3,12.29,31.71,CUST1216,Greater Accra,Card,Retail,0.14
2024-06-25,USB Drive,Accessories,1,19.33,18.17,CUST1735,Greater Accra,Mobile Money,Retail,0.06
2024-06-25,USB Drive,Accessories,10,20.55,168.51,CUST1891,Greater Accra,Mobile Money,Wholesale,0.18
2024-06-25,Webcam,Electronics,4,104.12,391.49,CUST1554,Ashanti,Card,Retail,0.06
2024-06-25,USB Drive,Accessories,4,37.86,134.78,CUST1871,Ashanti,Mobile Money,Retail,0.11
2024-06-25,USB Drive,Accessories,9,22.05,160.74,CUST1458,Western,Card,Wholesale,0.19
2024-06-26,Desk Lamp,Furniture,4,52.6,201.98,CUST1277,Eastern,Cash,Retail,0.04
2024-06-26,Phone Case,Accessories,11,36.6,342.21,CUST1916,Ashanti,Cash,Retail,0.15
2024-06-26,Mouse,Accessories,1,20.41,18.37,CUST1213,Western,Card,Retail,0.1
2024-06-26,Smartphone,Electronics,9,878.35,7272.74,CUST1133,Greater Accra,Mobile Money,Retail,0.08
2024-06-26,Mouse,Accessories,10,38.66,332.48,CUST1878,Western,Card,Retail,0.14
2024-06-26,Webcam,Electronics,3,129.64,357.81,CUST1373,Ashanti,Card,Retail,0.08
2024-06-27,Phone Case,Accessories,15,17.66,206.62,CUST1930,Greater Accra,Mobile Money,Wholesale,0.22
2024-06-27,Desk,Furniture,7,284.12,1849.62,CUST1264,Ashanti,Bank Transfer,Retail,0.07
2024-06-28,Monitor,Electronics,6,260.63,1548.14,CUST1638,Northern,Bank Transfer,Retail,0.01
2024-06-28,Mouse,Accessories,1,46.25,39.77,CUST1988,Greater Accra,Bank Transfer,Retail,0.14
2024-06-29,Webcam,Electronics,3,97.3,280.22,CUST1882,Northern,Mobile Money,Retail,0.04
2024-07-01,Desk Lamp,Furniture,12,48.15,525.8,CUST1003,Central,Mobile Money,Retail,0.09
2024-07-01,Phone Case,Accessories,3,36.59,96.6,CUST1836,Greater Accra,Mobile Money,Retail,0.12
2024-07-01,Webcam,Electronics,4,82.55,323.6,CUST1571,Western,Mobile Money,Retail,0.02
2024-07-01,Laptop,Electronics,2,1316.29,2290.34,CUST1292,Greater Accra,Card,Wholesale,0.13
2024-07-02,Mouse,Accessories,1,47.77,45.38,CUST1145,Greater Accra,Card,Retail,0.05
2024-07-02,Printer,Electronics,14,392.84,4949.78,CUST1166,Eastern,Card,Wholesale,0.1
2024-07-02,Printer,Electronics,9,235.63,1929.81,CUST1299,Eastern,Cash,Retail,0.09
2024-07-03,Keyboard,Accessories,13,37.12,439.13,CUST1831,Greater Accra,Cash,Wholesale,0.09
2024-07-04,Mouse,Accessories,1,26.95,24.25,CUST1676,Greater Accra,Mobile Money,Retail,0.1
2024-07-04,Tablet,Electronics,2,340.37,626.28,CUST1975,Volta,Mobile Money,Retail,0.08
2024-07-04,Printer,Electronics,3,222.82,588.24,CUST1547,Greater Accra,Mobile Money,Retail,0.12
2024-07-04,Laptop,Electronics,1,1113.15,1102.02,CUST1073,Greater Accra,Card,Retail,0.01
2024-07-04,Laptop,Electronics,3,1047.27,3047.56,CUST1875,Ashanti,Bank Transfer,Retail,0.03
2024-07-05,Mouse,Accessories,1,18.09,17.37,CUST1073,Greater Accra,Mobile Money,Retail,0.04
2024-07-05,Headphones,Electronics,3,148.93,419.98,CUST1353,Greater Accra,Mobile Money,Retail,0.06
2024-07-05,Printer,Electronics,5,198.12,911.35,CUST1012,Ashanti,Mobile Money,Wholesale,0.08
2024-07-06,Tablet,Electronics,4,599.0,2372.04,CUST1375,Greater Accra,Mobile Money,Retail,0.01
2024-07-06,Laptop,Electronics,1,930.74,930.74,CUST1562,Volta,Mobile Money,Retail,0.0
2024-07-07,USB Drive,Accessories,4,18.02,72.08,CUST1901,Western,Cash,Retail,0.0
2024-07-07,Webcam,Electronics,4,89.19,306.81,CUST1177,Volta,Mobile Money,Retail,0.14
2024-07-08,Keyboard,Accessories,1,94.66,92.77,CUST1804,Greater Accra,Bank Transfer,Retail,0.02
2024-07-08,Bookshelf,Furniture,5,195.32,839.88,CUST1855,Volta,Bank Transfer,Retail,0.14
2024-07-09,Desk Lamp,Furniture,2,42.23,78.55,CUST1745,Greater Accra,Bank Transfer,Retail,0.07
2024-07-09,Laptop,Electronics,9,1350.86,11306.7,CUST1613,Greater Accra,Bank Transfer,Wholesale,0.07
2024-07-09,Phone Case,Accessories,4,29.98,111.53,CUST1529,Greater Accra,Mobile Money,Retail,0.07
2024-07-09,Desk Lamp,Furniture,6,33.43,186.54,CUST1803,Ashanti,Card,Retail,0.07
2024-07-09,Laptop,Electronics,8,1176.57,7906.55,CUST1875,Greater Accra,Card,Wholesale,0.16
2024-07-10,Bookshelf,Furniture,2,132.79,260.27,CUST1073,Eastern,Card,Retail,0.02
2024-07-10,USB Drive,Accessories,5,10.54,47.43,CUST1671,Greater Accra,Card,Retail,0.1
2024-07-10,Monitor,Electronics,14,213.97,2845.8,CUST1348,Volta,Card,Retail,0.05
2024-07-10,Webcam,Electronics,1,63.85,61.93,CUST1486,Western,Cash,Retail,0.03
2024-07-10,Office Chair,Furniture,3,197.74,492.37,CUST1381,Bono,Bank Transfer,Wholesale,0.17
2024-07-11,Smartphone,Electronics,8,973.55,7165.33,CUST1066,Bono,Cash,Retail,0.08
2024-07-11,Office Chair,Furniture,3,302.39,907.17,CUST1895,Ashanti,Bank Transfer,Retail,0.0
2024-07-11,Mouse,Accessories,3,39.59,108.08,CUST1374,Eastern,Mobile Money,Retail,0.09
2024-07-11,Headphones,Electronics,2,42.23,72.64,CUST1968,Greater Accra,Cash,Retail,0.14
2024-07-11,Monitor,Electronics,1,452.7,407.43,CUST1954,Eastern,Cash,Retail,0.1
2024-07-12,Webcam,Electronics,1,103.64,101.57,CUST1931,Eastern,Bank Transfer,Retail,0.02
2024-07-12,Mouse,Accessories,1,48.36,43.04,CUST1197,Western,Mobile Money,Retail,0.11
2024-07-12,Smartphone,Electronics,1,631.85,606.58,CUST1957,Eastern,Cash,Retail,0.04
2024-07-12,Mouse,Accessories,2,31.69,60.21,CUST1255,Ashanti,Mobile Money,Retail,0.05
2024-07-13,Laptop,Electronics,4,1459.62,5604.94,CUST1766,Western,Mobile Money,Retail,0.04
2024-07-13,Keyboard,Accessories,4,41.16,159.7,CUST1758,Greater Accra,Mobile Money,Retail,0.03
2024-07-14,Phone Case,Accessories,6,21.3,108.63,CUST1925,Ashanti,Mobile Money,Wholesale,0.15
2024-07-14,Phone Case,Accessories,8,12.98,91.38,CUST1459,Ashanti,Card,Wholesale,0.12
2024-07-15,Keyboard,Accessories,9,111.85,765.05,CUST1529,Ashanti,Card,Wholesale,0.24
2024-07-15,USB Drive,Accessories,3,19.61,56.48,CUST1667,Ashanti,Bank Transfer,Retail,0.04
2024-07-15,Printer,Electronics,2,377.73,710.13,CUST1404,Northern,Mobile Money,Retail,0.06
2024-07-15,Smartphone,Electronics,7,585.22,3523.02,CUST1235,Eastern,Bank Transfer,Retail,0.14
2024-07-16,Desk Lamp,Furniture,3,86.56,251.89,CUST1687,Central,Card,Retail,0.03
2024-07-16,Mouse,Accessories,4,21.03,79.07,CUST1131,Greater Accra,Mobile Money,Retail,0.06
2024-07-17,Mouse,Accessories,1,41.85,36.41,CUST1472,Northern,Mobile Money,Retail,0.13
2024-07-17,Printer,Electronics,3,344.6,1013.12,CUST1819,Eastern,Card,Retail,0.02
2024-07-18,Laptop,Electronics,2,893.05,1750.38,CUST1239,Bono,Cash,Retail,0.02
2024-07-18,Monitor,Electronics,2,489.6,871.49,CUST1984,Volta,Mobile Money,Retail,0.11
2024-07-18,Mouse,Accessories,3,29.92,86.17,CUST1788,Central,Bank Transfer,Retail,0.04
2024-07-18,Office Chair,Furniture,2,265.07,503.63,CUST1407,Greater Accra,Cash,Retail,0.05
2024-07-18,Mouse,Accessories,2,47.05,88.45,CUST1587,Ashanti,Card,Retail,0.06
2024-07-18,USB Drive,Accessories,3,13.42,36.23,CUST1768,Ashanti,Card,Retail,0.1
2024-07-19,Desk,Furniture,2,526.11,936.48,CUST1583,Greater Accra,Bank Transfer,Retail,0.11
2024-07-19,USB Drive,Accessories,9,31.15,280.35,CUST1938,Greater Accra,Cash,Retail,0.0
2024-07-19,USB Drive,Accessories,1,34.12,30.37,CUST1921,Central,Card,Retail,0.11
2024-07-19,Mouse,Accessories,1,20.45,19.63,CUST1536,Volta,Mobile Money,Retail,0.04
2024-07-19,Desk,Furniture,1,463.33,449.43,CUST1831,Central,Mobile Money,Retail,0.03
2024-07-19,Mouse,Accessories,2,38.48,69.26,CUST1435,Greater Accra,Mobile Money,Retail,0.1
2024-07-20,Phone Case,Accessories,1,11.3,11.07,CUST1743,Ashanti,Mobile Money,Retail,0.02
2024-07-20,Headphones,Electronics,12,125.93,1269.37,CUST1869,Central,Mobile Money,Wholesale,0.16
2024-07-20,USB Drive,Accessories,7,28.1,157.36,CUST1104,Greater Accra,Mobile Money,Wholesale,0.2
2024-07-21,Webcam,Electronics,2,176.85,311.26,CUST1503,Central,Mobile Money,Retail,0.12
2024-07-22,Headphones,Electronics,2,68.91,128.17,CUST1862,Greater Accra,Mobile Money,Retail,0.07
2024-07-22,Keyboard,Accessories,3,64.22,169.54,CUST1807,Greater Accra,Mobile Money,Retail,0.12
2024-07-22,Tablet,Electronics,1,202.4,194.3,CUST1731,Greater Accra,Mobile Money,Retail,0.04
2024-07-23,Monitor,Electronics,3,237.31,612.26,CUST1775,Western,Mobile Money,Retail,0.14
2024-07-24,Phone Case,Accessories,2,43.92,76.42,CUST1857,Northern,Card,Retail,0.13
2024-07-24,Mouse,Accessories,7,46.29,291.63,CUST1957,Eastern,Cash,Wholesale,0.1
2024-07-24,Headphones,Electronics,1,99.16,87.26,CUST1276,Ashanti,Mobile Money,Retail,0.12
2024-07-24,USB Drive,Accessories,2,21.48,40.38,CUST1238,Greater Accra,Bank Transfer,Retail,0.06
2024-07-24,USB Drive,Accessories,1,14.39,13.67,CUST1933,Greater Accra,Bank Transfer,Retail,0.05
2024-07-25,Phone Case,Accessories,1,11.68,10.51,CUST1076,Greater Accra,Card,Retail,0.1
2024-07-25,Printer,Electronics,1,448.59,385.79,CUST1284,Greater Accra,Cash,Retail,0.14
2024-07-25,Mouse,Accessories,1,33.59,32.25,CUST1675,Ashanti,Card,Retail,0.04
2024-07-25,Tablet,Electronics,2,328.89,624.89,CUST1937,Ashanti,Card,Retail,0.05
2024-07-25,Keyboard,Accessories,8,35.32,234.52,CUST1209,Western,Mobile Money,Wholesale,0.17
2024-07-26,Bookshelf,Furniture,1,247.97,247.97,CUST1110,Greater Accra,Mobile Money,Retail,0.0
2024-07-26,Headphones,Electronics,3,125.21,334.31,CUST1949,Ashanti,Card,Retail,0.11
2024-07-26,Webcam,Electronics,6,89.46,488.45,CUST1506,Ashanti,Mobile Money,Retail,0.09
2024-07-26,Headphones,Electronics,1,150.69,131.1,CUST1528,Western,Bank Transfer,Retail,0.13
2024-07-26,Monitor,Electronics,1,247.45,210.33,CUST1615,Ashanti,Mobile Money,Retail,0.15
2024-07-27,Smartphone,Electronics,5,663.13,3249.34,CUST1749,Greater Accra,Cash,Retail,0.02
2024-07-28,Phone Case,Accessories,1,14.52,13.79,CUST1352,Greater Accra,Cash,Retail,0.05
2024-07-28,Keyboard,Accessories,4,65.52,246.36,CUST1923,Greater Accra,Cash,Retail,0.06
2024-07-28,Printer,Electronics,1,409.64,397.35,CUST1885,Ashanti,Mobile Money,Retail,0.03
2024-07-29,Printer,Electronics,1,183.37,179.7,CUST1955,Northern,Bank Transfer,Retail,0.02
2024-07-29,Smartphone,Electronics,2,316.55,626.77,CUST1125,Western,Bank Transfer,Retail,0.01
2024-07-29,Keyboard,Accessories,1,32.84,28.24,CUST1775,Bono,Mobile Money,Retail,0.14
2024-07-30,Desk Lamp,Furniture,9,46.74,387.01,CUST1401,Northern,Mobile Money,Retail,0.08
2024-07-30,Desk,Furniture,1,586.41,521.9,CUST1110,Volta,Mobile Money,Retail,0.11
2024-07-30,Phone Case,Accessories,1,14.1,12.55,CUST1237,Central,Cash,Retail,0.11
2024-07-30,Phone Case,Accessories,2,12.37,24.25,CUST1110,Greater Accra,Mobile Money,Retail,0.02
2024-07-31,Laptop,Electronics,11,1114.71,10913.01,CUST1900,Greater Accra,Mobile Money,Wholesale,0.11
2024-07-31,Monitor,Electronics,7,426.75,2389.8,CUST1877,Greater Accra,Bank Transfer,Wholesale,0.2
2024-07-31,Office Chair,Furniture,1,132.15,125.54,CUST1167,Bono,Card,Retail,0.05
2024-07-31,Mouse,Accessories,2,33.4,59.45,CUST1940,Western,Card,Retail,0.11
2024-07-31,Phone Case,Accessories,2,42.53,79.96,CUST1606,Greater Accra,Cash,Retail,0.06
2024-08-01,Keyboard,Accessories,4,115.1,414.36,CUST1688,Northern,Bank Transfer,Retail,0.1
2024-08-01,Laptop,Electronics,5,908.92,4317.37,CUST1046,Greater Accra,Mobile Money,Retail,0.05
2024-08-02,Headphones,Electronics,2,124.34,223.81,CUST1300,Bono,Mobile Money,Retail,0.1
2024-08-02,USB Drive,Accessories,2,24.31,47.16,CUST1619,Bono,Mobile Money,Retail,0.03
2024-08-02,Webcam,Electronics,2,133.46,229.55,CUST1774,Greater Accra,Card,Retail,0.14
2024-08-02,Keyboard,Accessories,11,85.22,843.68,CUST1738,Western,Mobile Money,Wholesale,0.1
2024-08-02,USB Drive,Accessories,4,19.83,69.8,CUST1332,Central,Mobile Money,Retail,0.12
2024-08-02,Smartphone,Electronics,4,903.2,3396.03,CUST1987,Central,Cash,Retail,0.06
2024-08-02,Phone Case,Accessories,2,33.32,66.64,CUST1672,Northern,Card,Retail,0.0
2024-08-02,Webcam,Electronics,1,105.7,97.24,CUST1358,Greater Accra,Card,Retail,0.08
2024-08-03,Mouse,Accessories,3,44.2,127.3,CUST1805,Eastern,Mobile Money,Retail,0.04
2024-08-04,Printer,Electronics,8,452.47,3221.59,CUST1254,Greater Accra,Card,Wholesale,0.11
2024-08-04,Headphones,Electronics,3,160.33,466.56,CUST1244,Bono,Mobile Money,Retail,0.03
2024-08-05,Mouse,Accessories,1,28.08,27.8,CUST1952,Central,Mobile Money,Retail,0.01
2024-08-05,Keyboard,Accessories,1,46.56,44.7,CUST1597,Volta,Cash,Retail,0.04
2024-08-06,USB Drive,Accessories,2,20.25,37.26,CUST1611,Northern,Cash,Retail,0.08
2024-08-07,Headphones,Electronics,4,54.52,205.0,CUST1467,Bono,Bank Transfer,Retail,0.06
2024-08-07,Webcam,Electronics,3,72.13,190.42,CUST1200,Greater Accra,Mobile Money,Retail,0.12
2024-08-07,Mouse,Accessories,3,27.69,72.27,CUST1693,Eastern,Card,Retail,0.13
2024-08-08,Tablet,Electronics,1,421.63,404.76,CUST1961,Greater Accra,Cash,Retail,0.04
2024-08-08,Keyboard,Accessories,2,45.97,89.18,CUST1543,Ashanti,Card,Retail,0.03
2024-08-08,Headphones,Electronics,5,66.83,290.71,CUST1548,Greater Accra,Mobile Money,Wholesale,0.13
2024-08-08,Bookshelf,Furniture,2,230.2,428.17,CUST1297,Bono,Cash,Retail,0.07
2024-08-11,Smartphone,Electronics,3,731.89,2041.97,CUST1274,Greater Accra,Card,Retail,0.07
2024-08-13,Phone Case,Accessories,1,43.92,39.53,CUST1782,Greater Accra,Mobile Money,Retail,0.1
2024-08-14,Bookshelf,Furniture,3,169.11,466.74,CUST1016,Ashanti,Bank Transfer,Retail,0.08
2024-08-15,Tablet,Electronics,2,454.07,899.06,CUST1305,Ashanti,Mobile Money,Retail,0.01
2024-08-15,Laptop,Electronics,2,1472.52,2679.99,CUST1842,Greater Accra,Mobile Money,Retail,0.09
2024-08-16,Headphones,Electronics,3,84.49,238.26,CUST1774,Bono,Mobile Money,Retail,0.06
2024-08-16,Headphones,Electronics,9,58.58,458.68,CUST1901,Greater Accra,Mobile Money,Wholesale,0.13
2024-08-17,Desk Lamp,Furniture,6,66.29,361.94,CUST1454,Volta,Cash,Retail,0.09
2024-08-17,Office Chair,Furniture,1,157.36,136.9,CUST1867,Greater Accra,Mobile Money,Retail,0.13
2024-08-18,Keyboard,Accessories,15,29.81,357.72,CUST1470,Greater Accra,Mobile Money,Wholesale,0.2
2024-08-18,Phone Case,Accessories,1,11.77,10.71,CUST1235,Greater Accra,Card,Retail,0.09
2024-08-19,Webcam,Electronics,10,53.35,480.15,CUST1207,Eastern,Cash,Wholesale,0.1
2024-08-19,USB Drive,Accessories,3,15.06,43.82,CUST1052,Bono,Mobile Money,Retail,0.03
2024-08-19,USB Drive,Accessories,5,17.9,71.6,CUST1821,Western,Cash,Wholesale,0.2
2024-08-20,Laptop,Electronics,1,869.01,842.94,CUST1469,Western,Cash,Retail,0.03
2024-08-20,Desk,Furniture,1,580.38,545.56,CUST1442,Western,Card,Retail,0.06
2024-08-20,Office Chair,Furniture,3,158.56,432.87,CUST1730,Central,Mobile Money,Wholesale,0.09
2024-08-20,Smartphone,Electronics,2,507.04,973.52,CUST1683,Western,Bank Transfer,Retail,0.04
2024-08-21,USB Drive,Accessories,2,33.87,65.03,CUST1683,Greater Accra,Card,Retail,0.04
2024-08-21,Phone Case,Accessories,1,38.73,34.86,CUST1101,Greater Accra,Mobile Money,Retail,0.1
2024-08-21,USB Drive,Accessories,1,22.26,18.92,CUST1324,Greater Accra,Cash,Retail,0.15
2024-08-22,Monitor,Electronics,12,265.77,2774.64,CUST1700,Northern,Bank Transfer,Retail,0.13
2024-08-22,USB Drive,Accessories,5,33.5,154.1,CUST1587,Ashanti,Cash,Retail,0.08
2024-08-22,Keyboard,Accessories,1,106.4,106.4,CUST1250,Ashanti,Mobile Money,Retail,0.0
2024-08-23,Phone Case,Accessories,5,30.97,119.23,CUST1082,Greater Accra,Card,Wholesale,0.23
2024-08-25,Phone Case,Accessories,2,39.05,74.98,CUST1006,Ashanti,Bank Transfer,Retail,0.04
2024-08-25,Keyboard,Accessories,3,113.4,316.39,CUST1074,Greater Accra,Bank Transfer,Retail,0.07
2024-08-26,USB Drive,Accessories,2,36.48,72.23,CUST1157,Greater Accra,Mobile Money,Retail,0.01
2024-08-26,Keyboard,Accessories,5,92.8,417.6,CUST1147,Greater Accra,Cash,Retail,0.1
2024-08-26,Webcam,Electronics,4,147.44,530.78,CUST1044,Greater Accra,Mobile Money,Retail,0.1
2024-08-27,Desk Lamp,Furniture,2,33.05,56.85,CUST1567,Central,Mobile Money,Retail,0.14
2024-08-27,Phone Case,Accessories,2,15.91,31.18,CUST1078,Greater Accra,Card,Retail,0.02
2024-08-27,USB Drive,Accessories,5,20.31,90.38,CUST1066,Greater Accra,Mobile Money,Wholesale,0.11
2024-08-27,Office Chair,Furniture,1,310.73,282.76,CUST1861,Northern,Bank Transfer,Retail,0.09
2024-08-28,Printer,Electronics,1,226.76,222.22,CUST1775,Central,Mobile Money,Retail,0.02
2024-08-28,Desk Lamp,Furniture,1,58.5,53.82,CUST1200,Greater Accra,Mobile Money,Retail,0.08
2024-08-28,Phone Case,Accessories,2,34.01,65.98,CUST1236,Eastern,Mobile Money,Retail,0.03
2024-08-29,USB Drive,Accessories,3,26.76,75.46,CUST1284,Greater Accra,Card,Wholesale,0.06
2024-08-29,Phone Case,Accessories,4,30.74,122.96,CUST1586,Ashanti,Mobile Money,Retail,0.0
2024-08-29,Phone Case,Accessories,1,44.29,38.98,CUST1806,Bono,Mobile Money,Retail,0.12
2024-08-30,Phone Case,Accessories,6,42.66,245.72,CUST1016,Western,Card,Retail,0.04
2024-08-30,Phone Case,Accessories,2,11.92,21.69,CUST1334,Northern,Mobile Money,Retail,0.09
2024-08-31,Desk,Furniture,2,387.58,689.89,CUST1646,Greater Accra,Mobile Money,Retail,0.11
2024-09-01,USB Drive,Accessories,1,15.2,13.68,CUST1797,Western,Card,Retail,0.1
2024-09-01,Phone Case,Accessories,7,41.91,264.03,CUST1816,Northern,Card,Wholesale,0.1
2024-09-02,Mouse,Accessories,7,22.98,159.25,CUST1506,Central,Mobile Money,Retail,0.01
2024-09-02,Desk,Furniture,4,454.91,1783.25,CUST1509,Western,Mobile Money,Retail,0.02
2024-09-02,USB Drive,Accessories,13,29.58,349.93,CUST1046,Western,Bank Transfer,Wholesale,0.09
2024-09-02,Keyboard,Accessories,7,54.53,377.89,CUST1979,Greater Accra,Cash,Retail,0.01
2024-09-03,Phone Case,Accessories,12,40.75,366.75,CUST1275,Central,Cash,Wholesale,0.25
2024-09-04,Tablet,Electronics,3,367.73,1070.09,CUST1660,Western,Bank Transfer,Retail,0.03
2024-09-04,Laptop,Electronics,1,977.51,967.73,CUST1596,Greater Accra,Bank Transfer,Retail,0.01
2024-09-05,Monitor,Electronics,3,403.79,1053.89,CUST1141,Ashanti,Mobile Money,Retail,0.13
2024-09-05,Laptop,Electronics,2,968.18,1781.45,CUST1580,Bono,Mobile Money,Retail,0.08
2024-09-05,Keyboard,Accessories,3,116.65,346.45,CUST1184,Ashanti,Card,Retail,0.01
2024-09-05,Webcam,Electronics,10,99.37,755.21,CUST1764,Western,Mobile Money,Wholesale,0.24
2024-09-05,USB Drive,Accessories,2,35.1,69.5,CUST1948,Greater Accra,Mobile Money,Retail,0.01
2024-09-05,Keyboard,Accessories,13,40.94,452.39,CUST1180,Greater Accra,Card,Wholesale,0.15
2024-09-05,Tablet,Electronics,3,433.71,1197.04,CUST1177,Central,Bank Transfer,Retail,0.08
2024-09-05,Monitor,Electronics,9,317.43,2342.63,CUST1221,Greater Accra,Card,Wholesale,0.18
2024-09-06,Mouse,Accessories,9,46.43,351.01,CUST1398,Greater Accra,Bank Transfer,Wholesale,0.16
2024-09-06,Desk,Furniture,2,477.41,830.69,CUST1383,Northern,Mobile Money,Retail,0.13
2024-09-09,Webcam,Electronics,2,160.55,295.41,CUST1417,Central,Card,Retail,0.08
2024-09-09,Office Chair,Furniture,2,342.98,658.52,CUST1885,Greater Accra,Card,Retail,0.04
2024-09-09,Desk Lamp,Furniture,3,64.32,181.38,CUST1971,Ashanti,Mobile Money,Retail,0.06
2024-09-10,Phone Case,Accessories,4,43.07,149.88,CUST1513,Northern,Bank Transfer,Retail,0.13
2024-09-10,Desk Lamp,Furniture,3,27.87,71.9,CUST1801,Bono,Card,Retail,0.14
2024-09-10,Desk Lamp,Furniture,1,88.91,87.13,CUST1682,Ashanti,Card,Retail,0.02
2024-09-10,Phone Case,Accessories,5,22.75,97.83,CUST1291,Central,Cash,Retail,0.14
2024-09-10,USB Drive,Accessories,4,31.08,108.16,CUST1233,Greater Accra,Bank Transfer,Wholesale,0.13
2024-09-11,Webcam,Electronics,4,154.52,537.73,CUST1920,Greater Accra,Mobile Money,Retail,0.13
2024-09-11,USB Drive,Accessories,2,29.61,55.67,CUST1773,Ashanti,Mobile Money,Retail,0.06
2024-09-11,Laptop,Electronics,5,1071.39,4714.12,CUST1029,Greater Accra,Bank Transfer,Wholesale,0.12
2024-09-11,Mouse,Accessories,8,21.72,168.55,CUST1213,Bono,Cash,Retail,0.03
2024-09-11,Bookshelf,Furniture,7,143.98,917.15,CUST1893,Ashanti,Card,Wholesale,0.09
2024-09-11,Keyboard,Accessories,2,80.71,137.21,CUST1334,Greater Accra,Cash,Retail,0.15
2024-09-12,Keyboard,Accessories,3,88.15,224.78,CUST1708,Eastern,Cash,Retail,0.15
2024-09-12,Mouse,Accessories,2,42.43,84.01,CUST1425,Volta,Cash,Retail,0.01
2024-09-12,Monitor,Electronics,1,320.54,307.72,CUST1038,Greater Accra,Mobile Money,Retail,0.04
2024-09-12,Phone Case,Accessories,12,34.19,356.94,CUST1669,Greater Accra,Cash,Wholesale,0.13
2024-09-13,Phone Case,Accessories,4,41.35,147.21,CUST1552,Greater Accra,Card,Retail,0.11
2024-09-15,Printer,Electronics,4,193.46,673.24,CUST1469,Ashanti,Card,Retail,0.13
2024-09-16,Laptop,Electronics,1,1068.28,1068.28,CUST1533,Ashanti,Mobile Money,Retail,0.0
2024-09-16,Keyboard,Accessories,1,67.88,60.41,CUST1223,Ashanti,Bank Transfer,Retail,0.11
2024-09-16,Mouse,Accessories,6,32.97,195.84,CUST1409,Ashanti,Card,Retail,0.01
2024-09-16,Webcam,Electronics,5,104.95,456.53,CUST1741,Volta,Card,Retail,0.13
2024-09-17,Desk Lamp,Furniture,3,83.81,246.4,CUST1933,Northern,Mobile Money,Retail,0.02
2024-09-17,USB Drive,Accessories,4,22.94,91.76,CUST1401,Central,Mobile Money,Retail,0.0
2024-09-17,Office Chair,Furniture,6,287.15,1585.07,CUST1569,Greater Accra,Card,Retail,0.08
2024-09-17,Laptop,Electronics,3,987.51,2932.9,CUST1749,Bono,Mobile Money,Retail,0.01
2024-09-17,Webcam,Electronics,5,79.9,347.56,CUST1462,Northern,Mobile Money,Retail,0.13
2024-09-18,Keyboard,Accessories,3,118.7,320.49,CUST1897,Greater Accra,Mobile Money,Retail,0.1
2024-09-18,Printer,Electronics,11,154.74,1600.01,CUST1058,Greater Accra,Mobile Money,Retail,0.06
2024-09-18,Smartphone,Electronics,3,564.07,1590.68,CUST1872,Ashanti,Cash,Wholesale,0.06
2024-09-18,Keyboard,Accessories,1,82.07,77.97,CUST1593,Ashanti,Mobile Money,Retail,0.05
2024-09-19,USB Drive,Accessories,4,30.66,112.83,CUST1300,Volta,Cash,Retail,0.08
2024-09-19,Headphones,Electronics,11,119.27,1233.25,CUST1022,Western,Cash,Wholesale,0.06
2024-09-20,Phone Case,Accessories,6,24.74,135.08,CUST1763,Greater Accra,Cash,Retail,0.09
2024-09-20,Desk,Furniture,6,209.64,943.38,CUST1230,Eastern,Mobile Money,Wholesale,0.25
2024-09-21,Printer,Electronics,4,330.0,1254.0,CUST1377,Ashanti,Mobile Money,Retail,0.05
2024-09-21,Smartphone,Electronics,9,954.49,7903.18,CUST1414,Ashanti,Cash,Retail,0.08
2024-09-21,Phone Case,Accessories,5,16.52,71.04,CUST1460,Northern,Mobile Money,Retail,0.14
2024-09-22,Tablet,Electronics,5,232.38,1127.04,CUST1330,Volta,Card,Retail,0.03
2024-09-22,Phone Case,Accessories,7,37.41,240.92,CUST1774,Greater Accra,Mobile Money,Retail,0.08
2024-09-23,Webcam,Electronics,3,177.26,521.14,CUST1445,Volta,Mobile Money,Retail,0.02
2024-09-23,Keyboard,Accessories,1,113.88,103.63,CUST1367,Greater Accra,Card,Retail,0.09
2024-09-24,Tablet,Electronics,3,670.51,1729.92,CUST1546,Greater Accra,Mobile Money,Retail,0.14
2024-09-24,Mouse,Accessories,5,23.07,115.35,CUST1741,Northern,Mobile Money,Retail,0.0
2024-09-24,Desk,Furniture,12,513.62,5485.46,CUST1833,Greater Accra,Card,Wholesale,0.11
2024-09-24,USB Drive,Accessories,7,16.18,89.48,CUST1889,Greater Accra,Cash,Wholesale,0.21
2024-09-24,Keyboard,Accessories,7,90.4,588.5,CUST1600,Greater Accra,Bank Transfer,Retail,0.07
2024-09-24,Mouse,Accessories,2,27.42,47.71,CUST1672,Bono,Card,Retail,0.13
2024-09-25,Bookshelf,Furniture,13,212.31,2208.02,CUST1026,Northern,Bank Transfer,Wholesale,0.2
2024-09-26,Phone Case,Accessories,7,30.87,203.12,CUST1614,Northern,Card,Retail,0.06
2024-09-26,Phone Case,Accessories,2,25.35,47.15,CUST1842,Greater Accra,Card,Retail,0.07
2024-09-26,Desk Lamp,Furniture,2,27.38,52.57,CUST1584,Greater Accra,Mobile Money,Retail,0.04
2024-09-26,Mouse,Accessories,3,31.02,89.34,CUST1354,Greater Accra,Card,Retail,0.04
2024-09-26,Printer,Electronics,5,447.66,1857.79,CUST1174,Bono,Cash,Wholesale,0.17
2024-09-27,Phone Case,Accessories,2,44.7,81.35,CUST1671,Western,Card,Retail,0.09
2024-09-27,Keyboard,Accessories,3,26.46,79.38,CUST1762,Greater Accra,Bank Transfer,Retail,0.0
2024-09-27,Desk Lamp,Furniture,12,25.65,292.41,CUST1216,Bono,Cash,Wholesale,0.05
2024-09-27,Smartphone,Electronics,2,323.92,557.14,CUST1828,Greater Accra,Bank Transfer,Retail,0.14
2024-09-27,Desk Lamp,Furniture,4,71.84,255.75,CUST1176,Greater Accra,Card,Retail,0.11
2024-09-27,Desk,Furniture,2,364.58,729.16,CUST1287,Greater Accra,Mobile Money,Retail,0.0
2024-09-28,Office Chair,Furniture,3,289.86,860.88,CUST1771,Greater Accra,Bank Transfer,Retail,0.01
2024-09-28,Desk,Furniture,10,197.89,1523.75,CUST1216,Eastern,Cash,Wholesale,0.23
2024-09-28,Printer,Electronics,1,469.57,450.79,CUST1277,Eastern,Cash,Retail,0.04
2024-09-29,Headphones,Electronics,4,40.58,146.09,CUST1753,Western,Cash,Retail,0.1
2024-09-30,Desk Lamp,Furniture,8,51.06,322.7,CUST1242,Ashanti,Mobile Money,Wholesale,0.21
2024-09-30,Desk Lamp,Furniture,1,71.66,68.79,CUST1512,Eastern,Card,Retail,0.04
2024-09-30,Office Chair,Furniture,5,279.48,1201.76,CUST1364,Ashanti,Card,Wholesale,0.14
2024-10-01,Monitor,Electronics,13,290.36,3057.49,CUST1409,Ashanti,Bank Transfer,Wholesale,0.19
2024-10-01,USB Drive,Accessories,2,24.63,41.87,CUST1202,Central,Card,Retail,0.15
2024-10-01,Office Chair,Furniture,3,238.03,614.12,CUST1409,Bono,Card,Retail,0.14
2024-10-01,Laptop,Electronics,1,1496.05,1331.48,CUST1861,Greater Accra,Mobile Money,Retail,0.11
2024-10-01,Phone Case,Accessories,1,42.72,37.59,CUST1038,Eastern,Card,Retail,0.12
2024-10-02,Phone Case,Accessories,2,16.61,28.57,CUST1154,Greater Accra,Bank Transfer,Retail,0.14
2024-10-02,Headphones,Electronics,1,158.05,148.57,CUST1223,Central,Mobile Money,Retail,0.06
2024-10-02,Tablet,Electronics,6,430.93,2430.45,CUST1474,Greater Accra,Mobile Money,Wholesale,0.06
2024-10-02,Mouse,Accessories,1,27.49,25.84,CUST1894,Greater Accra,Cash,Retail,0.06
2024-10-02,USB Drive,Accessories,5,36.03,154.93,CUST1036,Greater Accra,Card,Retail,0.14
2024-10-02,Keyboard,Accessories,8,57.08,406.41,CUST1778,Greater Accra,Bank Transfer,Retail,0.11
2024-10-02,Bookshelf,Furniture,11,123.25,1206.62,CUST1133,Bono,Cash,Wholesale,0.11
2024-10-03,Desk Lamp,Furniture,4,82.06,321.68,CUST1693,Western,Mobile Money,Retail,0.02
2024-10-03,USB Drive,Accessories,3,17.27,51.29,CUST1645,Northern,Mobile Money,Retail,0.01
2024-10-03,Desk Lamp,Furniture,2,40.65,80.49,CUST1330,Greater Accra,Mobile Money,Retail,0.01
2024-10-03,USB Drive,Accessories,8,20.8,131.46,CUST1046,Volta,Mobile Money,Wholesale,0.21
2024-10-03,Keyboard,Accessories,2,79.81,145.25,CUST1859,Eastern,Mobile Money,Retail,0.09
2024-10-04,Mouse,Accessories,2,49.83,92.68,CUST1076,Central,Mobile Money,Retail,0.07
2024-10-04,Mouse,Accessories,4,23.08,81.24,CUST1222,Northern,Bank Transfer,Retail,0.12
2024-10-04,Phone Case,Accessories,4,37.82,149.77,CUST1915,Central,Mobile Money,Retail,0.01
2024-10-04,Monitor,Electronics,5,263.23,1316.15,CUST1556,Greater Accra,Cash,Retail,0.0
2024-10-05,Phone Case,Accessories,2,37.79,74.07,CUST1656,Greater Accra,Mobile Money,Retail,0.02
2024-10-05,Headphones,Electronics,2,121.21,215.75,CUST1102,Greater Accra,Card,Retail,0.11
2024-10-06,Tablet,Electronics,3,444.85,1227.79,CUST1424,Central,Cash,Retail,0.08
2024-10-07,Laptop,Electronics,3,999.95,2939.85,CUST1423,Western,Mobile Money,Retail,0.02
2024-10-07,Monitor,Electronics,5,204.55,859.11,CUST1888,Bono,Cash,Wholesale,0.16
2024-10-07,Keyboard,Accessories,1,37.72,32.44,CUST1344,Greater Accra,Cash,Retail,0.14
2024-10-07,Keyboard,Accessories,1,80.63,78.21,CUST1865,Ashanti,Cash,Retail,0.03
2024-10-08,Monitor,Electronics,3,383.36,1058.07,CUST1712,Ashanti,Mobile Money,Retail,0.08
2024-10-09,Monitor,Electronics,8,311.18,2464.55,CUST1805,Greater Accra,Cash,Retail,0.01
2024-10-09,Mouse,Accessories,6,32.34,164.93,CUST1017,Northern,Mobile Money,Retail,0.15
2024-10-09,USB Drive,Accessories,1,21.67,20.15,CUST1182,Ashanti,Cash,Retail,0.07
2024-10-09,Desk,Furniture,3,505.58,1349.9,CUST1358,Greater Accra,Card,Retail,0.11
2024-10-09,Headphones,Electronics,4,63.28,217.68,CUST1355,Ashanti,Card,Retail,0.14
2024-10-10,Webcam,Electronics,1,108.05,99.41,CUST1387,Eastern,Mobile Money,Retail,0.08
2024-10-10,Webcam,Electronics,1,85.18,75.81,CUST1094,Western,Bank Transfer,Retail,0.11
2024-10-10,Smartphone,Electronics,2,939.62,1691.32,CUST1927,Eastern,Bank Transfer,Retail,0.1
2024-10-11,Phone Case,Accessories,6,37.64,189.71,CUST1113,Bono,Card,Wholesale,0.16
2024-10-11,Desk,Furniture,2,461.92,831.46,CUST1736,Ashanti,Card,Retail,0.1
2024-10-11,Office Chair,Furniture,1,126.61,115.22,CUST1084,Greater Accra,Card,Retail,0.09
2024-10-11,Office Chair,Furniture,1,332.74,306.12,CUST1364,Ashanti,Cash,Retail,0.08
2024-10-11,Headphones,Electronics,4,55.69,202.71,CUST1176,Greater Accra,Mobile Money,Retail,0.09
2024-10-12,Desk,Furniture,9,534.95,4236.8,CUST1886,Greater Accra,Mobile Money,Wholesale,0.12
2024-10-12,USB Drive,Accessories,4,20.38,76.63,CUST1464,Ashanti,Cash,Retail,0.06
2024-10-12,Desk Lamp,Furniture,3,50.59,133.56,CUST1922,Ashanti,Mobile Money,Retail,0.12
2024-10-12,Desk Lamp,Furniture,5,35.13,154.57,CUST1702,Central,Card,Retail,0.12
2024-10-12,Phone Case,Accessories,1,18.74,16.12,CUST1911,Eastern,Card,Retail,0.14
2024-10-13,Keyboard,Accessories,5,45.65,200.86,CUST1297,Greater Accra,Bank Transfer,Retail,0.12
2024-10-14,Printer,Electronics,7,545.25,2900.73,CUST1745,Western,Mobile Money,Wholesale,0.24
2024-10-15,Headphones,Electronics,6,50.99,284.52,CUST1274,Ashanti,Mobile Money,Wholesale,0.07
2024-10-16,Bookshelf,Furniture,1,287.01,264.05,CUST1764,Volta,Mobile Money,Retail,0.08
2024-10-16,Desk Lamp,Furniture,6,63.59,354.83,CUST1158,Western,Mobile Money,Wholesale,0.07
2024-10-16,Monitor,Electronics,1,215.83,200.72,CUST1501,Greater Accra,Card,Retail,0.07
2024-10-17,Webcam,Electronics,1,168.07,159.67,CUST1419,Ashanti,Mobile Money,Retail,0.05
2024-10-17,Smartphone,Electronics,3,922.59,2657.06,CUST1161,Western,Card,Retail,0.04
2024-10-17,Headphones,Electronics,5,128.38,590.55,CUST1083,Greater Accra,Bank Transfer,Retail,0.08
2024-10-17,Mouse,Accessories,1,36.28,31.93,CUST1245,Northern,Cash,Retail,0.12
2024-10-18,Office Chair,Furniture,3,323.81,942.29,CUST1801,Greater Accra,Card,Retail,0.03
2024-10-19,Desk Lamp,Furniture,4,77.37,294.01,CUST1756,Western,Card,Retail,0.05
2024-10-20,Keyboard,Accessories,1,96.49,83.95,CUST1509,Bono,Cash,Retail,0.13
2024-10-20,USB Drive,Accessories,3,36.51,96.39,CUST1407,Greater Accra,Mobile Money,Retail,0.12
2024-10-21,Keyboard,Accessories,10,48.47,412.0,CUST1972,Western,Mobile Money,Retail,0.15
2024-10-21,Phone Case,Accessories,6,30.6,159.73,CUST1864,Ashanti,Mobile Money,Wholesale,0.13
2024-10-22,USB Drive,Accessories,7,17.24,112.23,CUST2000,Central,Mobile Money,Retail,0.07
2024-10-22,Webcam,Electronics,3,74.88,222.39,CUST1983,Greater Accra,Mobile Money,Retail,0.01
2024-10-22,Keyboard,Accessories,2,56.38,100.36,CUST1238,Greater Accra,Mobile Money,Retail,0.11
2024-10-22,Headphones,Electronics,4,81.52,306.52,CUST1044,Greater Accra,Mobile Money,Retail,0.06
2024-10-23,Desk Lamp,Furniture,2,84.07,164.78,CUST1577,Western,Bank Transfer,Retail,0.02
2024-10-23,Tablet,Electronics,12,631.05,6663.89,CUST1179,Greater Accra,Bank Transfer,Retail,0.12
2024-10-24,Laptop,Electronics,4,1452.81,5404.45,CUST1257,Northern,Card,Retail,0.07
2024-10-24,Mouse,Accessories,4,48.52,182.44,CUST1280,Northern,Bank Transfer,Retail,0.06
2024-10-25,Office Chair,Furniture,9,146.38,1093.46,CUST1498,Greater Accra,Bank Transfer,Wholesale,0.17
2024-10-25,Bookshelf,Furniture,2,249.34,448.81,CUST1419,Western,Mobile Money,Retail,0.1
2024-10-25,Keyboard,Accessories,1,25.94,23.61,CUST1744,Bono,Bank Transfer,Retail,0.09
2024-10-25,Desk,Furniture,7,316.64,2061.33,CUST1276,Ashanti,Card,Wholesale,0.07
2024-10-26,Mouse,Accessories,8,24.03,180.71,CUST1237,Bono,Card,Wholesale,0.06
2024-10-26,Smartphone,Electronics,7,626.41,4253.32,CUST1040,Greater Accra,Card,Retail,0.03
2024-10-27,Keyboard,Accessories,2,37.74,70.95,CUST1372,Volta,Cash,Wholesale,0.06
2024-10-28,Desk Lamp,Furniture,1,87.08,83.6,CUST1794,Eastern,Mobile Money,Retail,0.04
2024-10-28,Webcam,Electronics,6,57.29,312.8,CUST1759,Greater Accra,Mobile Money,Retail,0.09
2024-10-28,Desk,Furniture,8,435.95,3243.47,CUST1298,Greater Accra,Mobile Money,Retail,0.07
2024-10-29,Webcam,Electronics,2,110.96,210.82,CUST1684,Eastern,Mobile Money,Retail,0.05
2024-10-30,Keyboard,Accessories,9,59.26,458.67,CUST1825,Ashanti,Bank Transfer,Retail,0.14
2024-10-30,Desk Lamp,Furniture,1,73.07,67.96,CUST1182,Greater Accra,Mobile Money,Retail,0.07
2024-10-30,Printer,Electronics,1,150.58,143.05,CUST1198,Greater Accra,Cash,Retail,0.05
2024-10-31,Smartphone,Electronics,4,1152.17,3963.46,CUST1687,Central,Cash,Wholesale,0.14
2024-10-31,Phone Case,Accessories,8,24.41,167.94,CUST1811,Greater Accra,Mobile Money,Wholesale,0.14
2024-10-31,USB Drive,Accessories,2,35.55,67.54,CUST1931,Greater Accra,Cash,Retail,0.05
2024-10-31,Office Chair,Furniture,4,272.4,849.89,CUST1917,Bono,Card,Wholesale,0.22
2024-10-31,Mouse,Accessories,2,45.35,88.89,CUST1207,Greater Accra,Mobile Money,Retail,0.02
2024-11-01,Phone Case,Accessories,5,25.69,128.45,CUST1055,Ashanti,Card,Retail,0.0
2024-11-01,Headphones,Electronics,1,49.89,42.41,CUST1782,Volta,Mobile Money,Retail,0.15
2024-11-01,Tablet,Electronics,1,578.3,572.52,CUST1058,Greater Accra,Mobile Money,Retail,0.01
2024-11-02,Mouse,Accessories,1,21.36,19.22,CUST1679,Greater Accra,Cash,Retail,0.1
2024-11-02,Desk Lamp,Furniture,4,54.2,205.96,CUST1173,Western,Card,Retail,0.05
2024-11-03,Monitor,Electronics,6,298.99,1524.85,CUST1942,Western,Card,Wholesale,0.15
2024-11-03,Desk Lamp,Furniture,2,64.4,122.36,CUST1610,Central,Card,Retail,0.05
2024-11-04,Phone Case,Accessories,6,44.41,234.48,CUST1895,Volta,Cash,Retail,0.12
2024-11-04,Phone Case,Accessories,7,38.15,237.67,CUST1026,Greater Accra,Cash,Retail,0.11
2024-11-04,Keyboard,Accessories,1,44.48,39.59,CUST1534,Greater Accra,Cash,Retail,0.11
2024-11-04,Desk Lamp,Furniture,3,46.36,132.13,CUST1667,Greater Accra,Cash,Retail,0.05
2024-11-04,Keyboard,Accessories,3,38.58,104.17,CUST1580,Eastern,Mobile Money,Retail,0.1
2024-11-05,Phone Case,Accessories,2,15.76,29.63,CUST1179,Greater Accra,Mobile Money,Retail,0.06
2024-11-05,Monitor,Electronics,4,334.89,1285.98,CUST1466,Western,Bank Transfer,Retail,0.04
2024-11-05,Phone Case,Accessories,1,14.55,14.11,CUST1238,Central,Card,Retail,0.03
2024-11-05,Webcam,Electronics,10,65.07,533.57,CUST1599,Ashanti,Cash,Wholesale,0.18
2024-11-05,USB Drive,Accessories,3,13.86,40.75,CUST1973,Volta,Mobile Money,Retail,0.02
2024-11-05,Keyboard,Accessories,6,66.58,343.55,CUST1010,Greater Accra,Card,Retail,0.14
2024-11-06,USB Drive,Accessories,4,20.91,72.77,CUST1079,Greater Accra,Mobile Money,Retail,0.13
2024-11-06,Phone Case,Accessories,1,21.7,19.1,CUST1868,Western,Cash,Retail,0.12
2024-11-06,Smartphone,Electronics,7,1006.01,5351.97,CUST1120,Greater Accra,Mobile Money,Wholesale,0.24
2024-11-06,Smartphone,Electronics,11,693.7,6715.02,CUST1891,Greater Accra,Mobile Money,Retail,0.12
2024-11-06,Printer,Electronics,5,434.83,2130.67,CUST1218,Ashanti,Cash,Retail,0.02
2024-11-07,Mouse,Accessories,1,39.08,33.61,CUST1669,Greater Accra,Card,Retail,0.14
2024-11-07,Mouse,Accessories,2,19.9,38.61,CUST1392,Central,Mobile Money,Retail,0.03
2024-11-07,Phone Case,Accessories,1,14.8,13.17,CUST1614,Central,Cash,Retail,0.11
2024-11-07,Keyboard,Accessories,6,80.62,449.86,CUST1482,Ashanti,Mobile Money,Retail,0.07
2024-11-07,Phone Case,Accessories,2,21.84,41.93,CUST1388,Volta,Mobile Money,Retail,0.04
2024-11-07,Phone Case,Accessories,11,36.83,344.36,CUST1259,Greater Accra,Card,Wholesale,0.15
2024-11-07,Phone Case,Accessories,1,44.19,43.31,CUST1874,Greater Accra,Mobile Money,Retail,0.02
2024-11-08,Phone Case,Accessories,7,44.05,265.18,CUST1185,Eastern,Mobile Money,Retail,0.14
2024-11-08,USB Drive,Accessories,7,28.73,178.99,CUST1319,Ashanti,Card,Retail,0.11
2024-11-08,Webcam,Electronics,6,67.12,374.53,CUST1397,Ashanti,Cash,Retail,0.07
2024-11-08,Mouse,Accessories,1,33.83,33.49,CUST1562,Ashanti,Bank Transfer,Retail,0.01
2024-11-08,Keyboard,Accessories,2,95.99,182.38,CUST1313,Central,Card,Retail,0.05
2024-11-09,Mouse,Accessories,1,21.41,20.13,CUST1272,Central,Bank Transfer,Retail,0.06
2024-11-11,Mouse,Accessories,2,44.44,79.1,CUST1121,Greater Accra,Mobile Money,Retail,0.11
2024-11-11,Monitor,Electronics,11,456.1,4615.73,CUST1462,Eastern,Bank Transfer,Wholesale,0.08
2024-11-11,Office Chair,Furniture,2,124.65,216.89,CUST1524,Eastern,Cash,Retail,0.13
2024-11-11,Desk Lamp,Furniture,1,82.83,77.86,CUST1735,Western,Mobile Money,Retail,0.06
2024-11-11,Phone Case,Accessories,1,36.83,33.88,CUST1316,Ashanti,Card,Retail,0.08
2024-11-12,Tablet,Electronics,1,308.67,302.5,CUST1476,Ashanti,Card,Retail,0.02
2024-11-13,Desk,Furniture,3,235.15,620.8,CUST1657,Greater Accra,Card,Retail,0.12
2024-11-13,Keyboard,Accessories,4,89.64,337.05,CUST1494,Greater Accra,Mobile Money,Retail,0.06
2024-11-13,Headphones,Electronics,3,103.08,287.59,CUST1999,Greater Accra,Mobile Money,Retail,0.07
2024-11-13,Smartphone,Electronics,4,498.2,1833.38,CUST1951,Central,Mobile Money,Retail,0.08
2024-11-13,Smartphone,Electronics,4,1151.81,4376.88,CUST1421,Greater Accra,Bank Transfer,Retail,0.05
2024-11-14,Headphones,Electronics,5,109.0,436.0,CUST1493,Greater Accra,Mobile Money,Wholesale,0.2
2024-11-14,Monitor,Electronics,4,202.3,631.18,CUST1330,Ashanti,Card,Wholesale,0.22
2024-11-14,Desk Lamp,Furniture,6,38.13,219.63,CUST1361,Ashanti,Cash,Retail,0.04
2024-11-14,Desk,Furniture,2,444.45,817.79,CUST1962,Central,Card,Retail,0.08
2024-11-15,Keyboard,Accessories,7,93.09,625.56,CUST1467,Greater Accra,Cash,Retail,0.04
2024-11-16,Mouse,Accessories,2,15.71,28.59,CUST1762,Northern,Cash,Retail,0.09
2024-11-16,Headphones,Electronics,9,158.62,1413.3,CUST1021,Western,Bank Transfer,Retail,0.01
2024-11-16,Phone Case,Accessories,3,16.58,49.74,CUST1306,Greater Accra,Mobile Money,Retail,0.0
2024-11-17,Laptop,Electronics,2,1213.57,2111.61,CUST1144,Greater Accra,Mobile Money,Retail,0.13
2024-11-17,Phone Case,Accessories,2,39.49,74.24,CUST1008,Eastern,Cash,Retail,0.06
2024-11-18,Keyboard,Accessories,2,38.86,74.61,CUST1972,Eastern,Mobile Money,Retail,0.04
2024-11-18,Phone Case,Accessories,1,26.48,23.3,CUST1375,Ashanti,Mobile Money,Retail,0.12
2024-11-18,Tablet,Electronics,2,212.3,407.62,CUST1715,Volta,Mobile Money,Retail,0.04
2024-11-18,Printer,Electronics,6,215.88,1139.85,CUST1866,Central,Cash,Retail,0.12
2024-11-18,Bookshelf,Furniture,4,291.81,1132.22,CUST1533,Ashanti,Bank Transfer,Retail,0.03
2024-11-19,Keyboard,Accessories,1,107.58,103.28,CUST1837,Eastern,Card,Retail,0.04
2024-11-19,Bookshelf,Furniture,7,182.56,1239.58,CUST1421,Western,Cash,Retail,0.03
2024-11-19,USB Drive,Accessories,11,15.59,154.34,CUST1580,Greater Accra,Cash,Wholesale,0.1
2024-11-20,Desk Lamp,Furniture,14,73.1,849.42,CUST1468,Western,Bank Transfer,Wholesale,0.17
2024-11-20,Phone Case,Accessories,1,36.06,27.41,CUST1958,Greater Accra,Mobile Money,Wholesale,0.24
2024-11-20,Phone Case,Accessories,1,16.4,14.27,CUST1346,Western,Mobile Money,Retail,0.13
2024-11-20,Keyboard,Accessories,2,57.27,107.67,CUST1892,Eastern,Mobile Money,Retail,0.06
2024-11-21,Headphones,Electronics,5,117.01,573.35,CUST1663,Eastern,Cash,Retail,0.02
2024-11-21,Smartphone,Electronics,5,907.92,4176.43,CUST1333,Ashanti,Card,Retail,0.08
2024-11-21,Headphones,Electronics,9,105.5,892.53,CUST1558,Greater Accra,Mobile Money,Wholesale,0.06
2024-11-22,Phone Case,Accessories,1,13.06,13.06,CUST1535,Greater Accra,Mobile Money,Retail,0.0
2024-11-22,Desk Lamp,Furniture,4,60.67,225.69,CUST1355,Greater Accra,Mobile Money,Retail,0.07
2024-11-22,Keyboard,Accessories,2,76.61,133.3,CUST1844,Eastern,Cash,Retail,0.13
2024-11-22,Webcam,Electronics,5,75.73,363.5,CUST1748,Northern,Card,Retail,0.04
2024-11-22,Phone Case,Accessories,7,16.15,93.83,CUST1854,Volta,Cash,Wholesale,0.17
2024-11-22,Smartphone,Electronics,10,949.6,7691.76,CUST1338,Central,Mobile Money,Wholesale,0.19
2024-11-22,Headphones,Electronics,2,41.06,80.48,CUST1709,Greater Accra,Cash,Retail,0.02
2024-11-23,Mouse,Accessories,2,49.06,88.31,CUST1503,Ashanti,Bank Transfer,Retail,0.1
2024-11-23,Keyboard,Accessories,3,101.88,302.58,CUST1374,Ashanti,Cash,Retail,0.01
2024-11-23,Laptop,Electronics,6,1341.5,7727.04,CUST1025,Western,Mobile Money,Retail,0.04
2024-11-23,Keyboard,Accessories,15,53.77,701.7,CUST1717,Central,Bank Transfer,Wholesale,0.13
2024-11-23,Headphones,Electronics,4,157.93,587.5,CUST1162,Western,Bank Transfer,Retail,0.07
2024-11-25,Webcam,Electronics,6,111.61,515.64,CUST1850,Greater Accra,Mobile Money,Wholesale,0.23
2024-11-25,USB Drive,Accessories,2,29.28,55.05,CUST1012,Greater Accra,Mobile Money,Retail,0.06
2024-11-25,Phone Case,Accessories,3,22.45,57.25,CUST1576,Central,Mobile Money,Retail,0.15
2024-11-25,Keyboard,Accessories,3,26.29,67.83,CUST1185,Greater Accra,Mobile Money,Wholesale,0.14
2024-11-25,Mouse,Accessories,14,33.61,385.84,CUST1464,Greater Accra,Card,Wholesale,0.18
2024-11-26,Smartphone,Electronics,2,469.88,920.96,CUST1967,Bono,Card,Retail,0.02
2024-11-26,Mouse,Accessories,2,20.33,38.22,CUST1020,Bono,Mobile Money,Retail,0.06
2024-11-27,Office Chair,Furniture,4,257.72,989.64,CUST1405,Bono,Bank Transfer,Retail,0.04
2024-11-27,Tablet,Electronics,4,566.67,2040.01,CUST1486,Greater Accra,Mobile Money,Retail,0.1
2024-11-27,USB Drive,Accessories,5,38.88,174.96,CUST1248,Ashanti,Card,Retail,0.1
2024-11-27,Desk Lamp,Furniture,2,26.24,51.96,CUST1725,Bono,Cash,Retail,0.01
2024-11-27,Tablet,Electronics,8,347.23,2444.5,CUST1495,Bono,Mobile Money,Wholesale,0.12
2024-11-27,Desk Lamp,Furniture,5,37.61,186.17,CUST1362,Central,Mobile Money,Retail,0.01
2024-11-27,Mouse,Accessories,2,27.13,51.55,CUST1892,Western,Mobile Money,Retail,0.05
2024-11-28,USB Drive,Accessories,3,15.71,43.36,CUST1578,Ashanti,Cash,Retail,0.08
2024-11-28,Desk Lamp,Furniture,1,80.86,71.97,CUST1016,Greater Accra,Mobile Money,Retail,0.11
2024-11-28,Phone Case,Accessories,3,38.22,110.07,CUST1516,Greater Accra,Mobile Money,Retail,0.04
2024-11-28,Laptop,Electronics,6,928.36,5291.65,CUST1747,Greater Accra,Mobile Money,Retail,0.05
2024-11-29,Webcam,Electronics,3,145.12,431.01,CUST1432,Greater Accra,Cash,Retail,0.01
2024-11-29,Phone Case,Accessories,1,44.64,38.39,CUST1088,Greater Accra,Bank Transfer,Retail,0.14
2024-11-29,Desk Lamp,Furniture,6,27.94,132.44,CUST1214,Ashanti,Mobile Money,Wholesale,0.21
2024-11-29,Monitor,Electronics,2,290.88,523.58,CUST1496,Greater Accra,Bank Transfer,Retail,0.1
2024-11-30,Headphones,Electronics,4,47.14,171.59,CUST1552,Greater Accra,Mobile Money,Retail,0.09
2024-11-30,Desk,Furniture,9,460.65,3233.76,CUST1072,Western,Card,Wholesale,0.22
2024-11-30,USB Drive,Accessories,2,39.73,73.1,CUST1987,Northern,Mobile Money,Retail,0.08
2024-12-01,Office Chair,Furniture,4,165.36,608.52,CUST1748,Greater Accra,Mobile Money,Retail,0.08
2024-12-01,Mouse,Accessories,5,39.11,191.64,CUST1190,Greater Accra,Mobile Money,Retail,0.02
2024-12-01,Phone Case,Accessories,4,32.07,115.45,CUST1232,Greater Accra,Cash,Retail,0.1
2024-12-01,Webcam,Electronics,1,173.53,157.91,CUST1205,Greater Accra,Cash,Retail,0.09
2024-12-01,Smartphone,Electronics,11,1032.71,10451.03,CUST1073,Eastern,Mobile Money,Retail,0.08
2024-12-02,Laptop,Electronics,7,1142.42,6237.61,CUST1709,Eastern,Mobile Money,Wholesale,0.22
2024-12-02,Desk Lamp,Furniture,2,88.08,169.11,CUST1593,Eastern,Mobile Money,Retail,0.04
2024-12-02,Office Chair,Furniture,3,335.19,905.01,CUST1752,Bono,Mobile Money,Retail,0.1
2024-12-03,Smartphone,Electronics,1,451.41,397.24,CUST1275,Eastern,Cash,Retail,0.12
2024-12-03,Desk Lamp,Furniture,8,32.2,195.78,CUST1224,Eastern,Mobile Money,Wholesale,0.24
2024-12-03,Keyboard,Accessories,7,117.0,647.01,CUST1966,Bono,Mobile Money,Wholesale,0.21
2024-12-03,Webcam,Electronics,2,83.43,155.18,CUST1119,Eastern,Mobile Money,Retail,0.07
2024-12-03,Tablet,Electronics,1,605.11,562.75,CUST1140,Greater Accra,Mobile Money,Retail,0.07
2024-12-03,Phone Case,Accessories,9,39.27,286.28,CUST1648,Greater Accra,Card,Wholesale,0.19
2024-12-03,USB Drive,Accessories,2,37.58,75.16,CUST1429,Central,Mobile Money,Retail,0.0
2024-12-04,Webcam,Electronics,1,155.57,152.46,CUST1812,Greater Accra,Cash,Retail,0.02
2024-12-04,USB Drive,Accessories,2,20.13,38.25,CUST1126,Western,Mobile Money,Retail,0.05
2024-12-04,Mouse,Accessories,1,37.21,37.21,CUST1509,Bono,Card,Retail,0.0
2024-12-04,Smartphone,Electronics,1,1064.77,937.0,CUST1719,Greater Accra,Cash,Retail,0.12
2024-12-04,Desk Lamp,Furniture,1,52.28,51.23,CUST1381,Western,Card,Retail,0.02
2024-12-04,Monitor,Electronics,2,336.33,571.76,CUST1644,Greater Accra,Card,Retail,0.15
2024-12-04,Keyboard,Accessories,3,82.1,224.13,CUST1399,Greater Accra,Cash,Retail,0.09
2024-12-04,Mouse,Accessories,2,19.25,35.8,CUST1782,Greater Accra,Card,Retail,0.07
2024-12-04,Keyboard,Accessories,2,73.81,138.76,CUST1236,Greater Accra,Card,Retail,0.06
2024-12-05,Monitor,Electronics,2,460.03,837.25,CUST1682,Ashanti,Card,Retail,0.09
2024-12-05,Keyboard,Accessories,1,94.1,79.98,CUST1558,Ashanti,Card,Retail,0.15
2024-12-05,Smartphone,Electronics,4,354.88,1249.18,CUST1365,Eastern,Card,Retail,0.12
2024-12-05,Mouse,Accessories,2,47.27,92.65,CUST1101,Bono,Card,Retail,0.02
2024-12-05,Keyboard,Accessories,2,74.1,139.31,CUST1135,Bono,Mobile Money,Wholesale,0.06
2024-12-05,Bookshelf,Furniture,3,150.83,434.39,CUST1516,Central,Mobile Money,Retail,0.04
2024-12-05,Monitor,Electronics,4,407.06,1449.13,CUST1004,Eastern,Mobile Money,Retail,0.11
2024-12-05,Phone Case,Accessories,11,24.3,235.22,CUST1992,Central,Cash,Wholesale,0.12
2024-12-05,USB Drive,Accessories,1,34.11,30.7,CUST1594,Volta,Card,Retail,0.1
2024-12-05,Keyboard,Accessories,7,70.77,445.85,CUST1019,Bono,Mobile Money,Wholesale,0.1
2024-12-06,Smartphone,Electronics,2,981.38,1766.48,CUST1225,Greater Accra,Mobile Money,Retail,0.1
2024-12-06,Desk,Furniture,5,199.72,988.61,CUST1183,Bono,Mobile Money,Retail,0.01
2024-12-06,USB Drive,Accessories,6,38.84,223.72,CUST1823,Ashanti,Mobile Money,Retail,0.04
2024-12-06,Phone Case,Accessories,1,10.31,10.1,CUST1819,Greater Accra,Mobile Money,Retail,0.02
2024-12-06,Smartphone,Electronics,2,943.48,1868.09,CUST1679,Greater Accra,Mobile Money,Retail,0.01
2024-12-06,Smartphone,Electronics,2,440.55,775.37,CUST1921,Greater Accra,Card,Retail,0.12
2024-12-06,Keyboard,Accessories,7,107.53,662.38,CUST1193,Central,Card,Retail,0.12
2024-12-06,Phone Case,Accessories,3,27.33,79.53,CUST1941,Greater Accra,Card,Retail,0.03
2024-12-06,Mouse,Accessories,2,37.0,68.82,CUST1201,Greater Accra,Card,Retail,0.07
2024-12-06,Office Chair,Furniture,1,259.97,239.17,CUST1648,Central,Card,Retail,0.08
2024-12-06,Office Chair,Furniture,5,179.37,860.98,CUST1787,Central,Mobile Money,Retail,0.04
2024-12-06,USB Drive,Accessories,1,29.41,28.53,CUST1573,Northern,Mobile Money,Retail,0.03
2024-12-06,Phone Case,Accessories,5,24.29,115.38,CUST1535,Western,Bank Transfer,Retail,0.05
2024-12-06,Desk Lamp,Furniture,4,59.84,213.03,CUST1527,Bono,Cash,Retail,0.11
2024-12-06,Webcam,Electronics,2,164.2,318.55,CUST1520,Northern,Cash,Retail,0.03
2024-12-07,Tablet,Electronics,1,615.44,566.2,CUST1383,Greater Accra,Card,Retail,0.08
2024-12-07,USB Drive,Accessories,1,16.75,14.74,CUST1262,Greater Accra,Card,Retail,0.12
2024-12-07,Tablet,Electronics,1,617.81,562.21,CUST1452,Greater Accra,Cash,Retail,0.09
2024-12-07,Printer,Electronics,8,399.9,2591.35,CUST1577,Ashanti,Bank Transfer,Wholesale,0.19
2024-12-07,Smartphone,Electronics,8,917.58,5872.51,CUST1362,Ashanti,Mobile Money,Wholesale,0.2
2024-12-08,Headphones,Electronics,2,129.76,241.35,CUST1213,Greater Accra,Bank Transfer,Retail,0.07
2024-12-08,Headphones,Electronics,4,62.45,247.3,CUST1487,Greater Accra,Card,Retail,0.01
2024-12-08,Desk,Furniture,2,565.46,972.59,CUST1476,Western,Cash,Wholesale,0.14
2024-12-08,Desk Lamp,Furniture,6,85.31,389.01,CUST1332,Bono,Bank Transfer,Wholesale,0.24
2024-12-08,Bookshelf,Furniture,1,267.42,254.05,CUST1340,Eastern,Mobile Money,Retail,0.05
2024-12-09,Phone Case,Accessories,4,27.16,106.47,CUST1711,Volta,Mobile Money,Retail,0.02
2024-12-09,Phone Case,Accessories,2,35.09,61.06,CUST1630,Ashanti,Cash,Retail,0.13
2024-12-09,Webcam,Electronics,4,106.23,369.68,CUST1668,Volta,Mobile Money,Retail,0.13
2024-12-09,Webcam,Electronics,1,129.19,118.85,CUST1808,Ashanti,Mobile Money,Retail,0.08
2024-12-09,Phone Case,Accessories,1,30.24,29.94,CUST1280,Ashanti,Mobile Money,Retail,0.01
2024-12-10,Smartphone,Electronics,1,505.32,439.63,CUST1420,Eastern,Mobile Money,Retail,0.13
2024-12-10,Tablet,Electronics,4,675.3,2539.13,CUST1248,Eastern,Mobile Money,Retail,0.06
2024-12-10,Monitor,Electronics,1,399.33,391.34,CUST1240,Greater Accra,Mobile Money,Retail,0.02
2024-12-10,Phone Case,Accessories,1,33.97,32.61,CUST1693,Ashanti,Card,Retail,0.04
2024-12-10,Desk Lamp,Furniture,15,86.9,1264.39,CUST1249,Northern,Card,Retail,0.03
2024-12-10,Phone Case,Accessories,1,27.0,24.84,CUST1352,Ashanti,Bank Transfer,Retail,0.08
2024-12-10,Mouse,Accessories,4,39.29,152.45,CUST1200,Greater Accra,Mobile Money,Retail,0.03
2024-12-10,Webcam,Electronics,4,102.78,333.01,CUST1225,Greater Accra,Mobile Money,Wholesale,0.19
2024-12-11,Phone Case,Accessories,8,30.89,197.7,CUST1585,Central,Mobile Money,Wholesale,0.2
2024-12-11,Smartphone,Electronics,5,1195.91,5560.98,CUST1615,Ashanti,Card,Retail,0.07
2024-12-11,Phone Case,Accessories,2,30.02,57.04,CUST1413,Greater Accra,Card,Retail,0.05
2024-12-11,USB Drive,Accessories,2,22.52,38.73,CUST1945,Greater Accra,Card,Retail,0.14
2024-12-11,Mouse,Accessories,9,34.91,276.49,CUST1784,Greater Accra,Mobile Money,Wholesale,0.12
2024-12-11,Office Chair,Furniture,13,140.81,1372.9,CUST1542,Ashanti,Mobile Money,Wholesale,0.25
2024-12-11,Headphones,Electronics,8,103.65,779.45,CUST1353,Eastern,Mobile Money,Retail,0.06
2024-12-11,Phone Case,Accessories,4,16.68,64.05,CUST1569,Western,Card,Retail,0.04
2024-12-12,Office Chair,Furniture,2,209.35,381.02,CUST1331,Greater Accra,Cash,Retail,0.09
2024-12-12,Office Chair,Furniture,2,219.44,425.71,CUST1133,Western,Cash,Retail,0.03
2024-12-12,Smartphone,Electronics,1,1087.48,1011.36,CUST1707,Greater Accra,Mobile Money,Retail,0.07
2024-12-12,Phone Case,Accessories,2,21.53,38.75,CUST1374,Greater Accra,Cash,Retail,0.1
2024-12-12,Desk,Furniture,1,255.25,245.04,CUST1878,Bono,Mobile Money,Retail,0.04
2024-12-12,Headphones,Electronics,14,110.96,1258.29,CUST1898,Greater Accra,Card,Wholesale,0.19
2024-12-12,Office Chair,Furniture,5,191.55,929.02,CUST1047,Ashanti,Mobile Money,Retail,0.03
2024-12-13,Phone Case,Accessories,1,40.94,38.48,CUST1509,Ashanti,Cash,Retail,0.06
2024-12-13,Smartphone,Electronics,9,578.71,4375.05,CUST1358,Greater Accra,Card,Wholesale,0.16
2024-12-13,Phone Case,Accessories,1,38.58,35.49,CUST1844,Greater Accra,Mobile Money,Retail,0.08
2024-12-13,Phone Case,Accessories,4,43.89,159.76,CUST1929,Greater Accra,Card,Retail,0.09
2024-12-13,Webcam,Electronics,12,145.77,1644.29,CUST1907,Ashanti,Card,Retail,0.06
2024-12-13,Headphones,Electronics,10,79.11,711.99,CUST1550,Greater Accra,Mobile Money,Wholesale,0.1
2024-12-13,Headphones,Electronics,2,113.17,205.97,CUST1193,Greater Accra,Cash,Retail,0.09
2024-12-13,Laptop,Electronics,5,1333.34,6066.7,CUST1058,Greater Accra,Mobile Money,Retail,0.09
2024-12-14,Tablet,Electronics,2,449.87,818.76,CUST1747,Northern,Cash,Retail,0.09
2024-12-14,Phone Case,Accessories,2,34.99,61.58,CUST1730,Eastern,Bank Transfer,Retail,0.12
2024-12-14,USB Drive,Accessories,4,15.17,55.22,CUST1124,Western,Mobile Money,Retail,0.09
2024-12-14,Mouse,Accessories,2,49.91,93.83,CUST1210,Eastern,Cash,Retail,0.06
2024-12-14,Bookshelf,Furniture,2,223.73,398.24,CUST1475,Bono,Mobile Money,Retail,0.11
2024-12-15,Headphones,Electronics,2,73.26,139.19,CUST1318,Western,Mobile Money,Retail,0.05
2024-12-15,Laptop,Electronics,2,1089.65,2026.75,CUST1558,Greater Accra,Card,Retail,0.07
2024-12-15,Smartphone,Electronics,5,1181.74,5436.0,CUST1039,Western,Cash,Wholesale,0.08
2024-12-16,Office Chair,Furniture,2,175.92,306.1,CUST1444,Ashanti,Card,Retail,0.13
2024-12-16,Phone Case,Accessories,4,31.54,126.16,CUST1073,Ashanti,Card,Retail,0.0
2024-12-16,Mouse,Accessories,1,48.52,47.55,CUST1045,Central,Bank Transfer,Retail,0.02
2024-12-16,Keyboard,Accessories,3,95.33,251.67,CUST1562,Western,Mobile Money,Retail,0.12
2024-12-17,Office Chair,Furniture,2,211.21,388.63,CUST1741,Greater Accra,Card,Retail,0.08
2024-12-17,USB Drive,Accessories,1,39.4,37.43,CUST1728,Central,Card,Retail,0.05
2024-12-17,Webcam,Electronics,1,53.72,45.12,CUST1292,Volta,Bank Transfer,Wholesale,0.16
2024-12-17,Desk,Furniture,10,375.18,2963.92,CUST1987,Eastern,Cash,Wholesale,0.21
2024-12-17,Office Chair,Furniture,1,335.26,315.14,CUST1628,Greater Accra,Cash,Retail,0.06
2024-12-17,Headphones,Electronics,1,98.7,96.73,CUST1599,Greater Accra,Cash,Retail,0.02
2024-12-17,Desk Lamp,Furniture,1,78.35,72.08,CUST1977,Ashanti,Card,Retail,0.08
2024-12-17,USB Drive,Accessories,5,38.5,169.4,CUST1623,Western,Bank Transfer,Retail,0.12
2024-12-17,Tablet,Electronics,7,302.96,1887.44,CUST1144,Central,Mobile Money,Wholesale,0.11
2024-12-18,Headphones,Electronics,10,66.59,506.08,CUST1016,Northern,Mobile Money,Wholesale,0.24
2024-12-18,Laptop,Electronics,3,1344.38,3629.83,CUST1895,Ashanti,Cash,Retail,0.1
2024-12-18,Mouse,Accessories,3,21.06,57.49,CUST1281,Bono,Mobile Money,Retail,0.09
2024-12-18,Keyboard,Accessories,3,29.96,88.08,CUST1407,Ashanti,Mobile Money,Retail,0.02
2024-12-18,Keyboard,Accessories,3,46.22,122.02,CUST1689,Volta,Card,Retail,0.12
2024-12-18,USB Drive,Accessories,2,14.79,26.92,CUST1453,Western,Card,Retail,0.09
2024-12-18,Phone Case,Accessories,6,19.35,96.36,CUST1637,Greater Accra,Card,Wholesale,0.17
2024-12-19,Phone Case,Accessories,3,43.45,119.92,CUST1258,Ashanti,Bank Transfer,Wholesale,0.08
2024-12-19,Mouse,Accessories,2,39.4,70.92,CUST1514,Northern,Bank Transfer,Retail,0.1
2024-12-19,Mouse,Accessories,12,37.5,445.5,CUST1696,Greater Accra,Card,Retail,0.01
2024-12-19,USB Drive,Accessories,1,14.78,13.15,CUST1450,Greater Accra,Mobile Money,Retail,0.11
2024-12-19,USB Drive,Accessories,3,24.15,65.2,CUST1330,Greater Accra,Mobile Money,Retail,0.1
2024-12-19,Webcam,Electronics,4,176.3,620.58,CUST1285,Central,Card,Retail,0.12
2024-12-19,Smartphone,Electronics,11,442.86,3897.17,CUST1531,Greater Accra,Card,Wholesale,0.2
2024-12-19,Keyboard,Accessories,1,43.23,41.07,CUST1705,Bono,Cash,Retail,0.05
2024-12-19,Desk,Furniture,2,508.43,996.52,CUST1240,Greater Accra,Mobile Money,Retail,0.02
2024-12-19,Desk,Furniture,4,462.75,1832.49,CUST1073,Northern,Mobile Money,Retail,0.01
2024-12-19,USB Drive,Accessories,4,16.54,65.5,CUST1535,Bono,Cash,Retail,0.01
2024-12-19,Laptop,Electronics,2,1339.66,2411.39,CUST1831,Bono,Mobile Money,Retail,0.1
2024-12-19,Monitor,Electronics,3,233.05,580.29,CUST1744,Eastern,Bank Transfer,Wholesale,0.17
2024-12-19,Phone Case,Accessories,4,34.93,120.16,CUST1477,Greater Accra,Card,Retail,0.14
2024-12-20,Mouse,Accessories,1,49.73,47.74,CUST1135,Greater Accra,Cash,Retail,0.04
2024-12-20,Headphones,Electronics,1,134.2,126.15,CUST1344,Greater Accra,Mobile Money,Retail,0.06
2024-12-20,Smartphone,Electronics,9,409.5,3243.24,CUST1101,Ashanti,Mobile Money,Wholesale,0.12
2024-12-20,Tablet,Electronics,7,563.65,3038.07,CUST1484,Greater Accra,Cash,Wholesale,0.23
2024-12-20,Headphones,Electronics,9,103.84,850.45,CUST1410,Ashanti,Mobile Money,Wholesale,0.09
2024-12-20,Desk,Furniture,9,308.51,2526.7,CUST1598,Eastern,Cash,Retail,0.09
2024-12-20,Mouse,Accessories,2,33.66,62.61,CUST1879,Ashanti,Cash,Retail,0.07
2024-12-21,Office Chair,Furniture,3,289.67,816.87,CUST1963,Northern,Mobile Money,Retail,0.06
2024-12-21,Tablet,Electronics,1,548.45,521.03,CUST1959,Greater Accra,Mobile Money,Retail,0.05
2024-12-21,Desk,Furniture,3,403.78,1187.11,CUST1142,Western,Mobile Money,Retail,0.02
2024-12-22,Desk Lamp,Furniture,2,75.58,142.09,CUST1100,Greater Accra,Mobile Money,Retail,0.06
2024-12-22,Keyboard,Accessories,2,67.3,131.91,CUST1246,Western,Mobile Money,Retail,0.02
2024-12-23,Phone Case,Accessories,3,44.24,118.12,CUST1288,Western,Cash,Retail,0.11
2024-12-23,USB Drive,Accessories,5,31.97,151.86,CUST1646,Ashanti,Mobile Money,Retail,0.05
2024-12-23,Keyboard,Accessories,6,65.47,302.47,CUST1188,Bono,Cash,Wholesale,0.23
2024-12-23,Desk Lamp,Furniture,2,25.48,46.37,CUST1637,Greater Accra,Mobile Money,Retail,0.09
2024-12-23,Desk Lamp,Furniture,1,39.56,34.81,CUST1395,Greater Accra,Cash,Retail,0.12
2024-12-23,Monitor,Electronics,10,484.17,4502.78,CUST1140,Ashanti,Mobile Money,Retail,0.07
2024-12-23,Printer,Electronics,2,457.18,841.21,CUST1997,Greater Accra,Cash,Retail,0.08
2024-12-23,Keyboard,Accessories,4,115.52,438.98,CUST1815,Ashanti,Card,Retail,0.05
2024-12-23,Bookshelf,Furniture,4,289.45,1157.8,CUST1581,Greater Accra,Cash,Retail,0.0
2024-12-24,Keyboard,Accessories,5,90.1,427.97,CUST1864,Ashanti,Mobile Money,Retail,0.05
2024-12-24,USB Drive,Accessories,2,25.58,50.65,CUST1863,Ashanti,Mobile Money,Retail,0.01
2024-12-24,Monitor,Electronics,3,286.93,852.18,CUST1763,Eastern,Bank Transfer,Retail,0.01
2024-12-24,Phone Case,Accessories,1,40.8,37.54,CUST1960,Central,Cash,Retail,0.08
2024-12-24,Webcam,Electronics,1,161.6,155.14,CUST1328,Greater Accra,Mobile Money,Retail,0.04
2024-12-25,Smartphone,Electronics,2,382.77,742.57,CUST1766,Ashanti,Mobile Money,Retail,0.03
2024-12-25,Headphones,Electronics,2,64.59,112.39,CUST1546,Greater Accra,Cash,Retail,0.13
2024-12-25,Laptop,Electronics,1,1037.91,965.26,CUST1644,Greater Accra,Cash,Retail,0.07
2024-12-25,Keyboard,Accessories,2,106.22,189.07,CUST1342,Eastern,Mobile Money,Retail,0.11
2024-12-25,Phone Case,Accessories,1,30.19,27.47,CUST1476,Greater Accra,Card,Retail,0.09
2024-12-25,Keyboard,Accessories,1,112.89,102.73,CUST1960,Eastern,Bank Transfer,Retail,0.09
2024-12-26,Keyboard,Accessories,6,68.85,313.96,CUST1027,Greater Accra,Card,Wholesale,0.24
2024-12-26,Laptop,Electronics,2,845.8,1607.02,CUST1841,Greater Accra,Card,Retail,0.05
2024-12-26,Phone Case,Accessories,4,36.77,135.31,CUST1613,Central,Mobile Money,Retail,0.08
2024-12-26,Office Chair,Furniture,2,230.89,461.78,CUST1616,Bono,Card,Retail,0.0
2024-12-26,Bookshelf,Furniture,2,245.47,427.12,CUST1559,Volta,Mobile Money,Retail,0.13
2024-12-26,Webcam,Electronics,3,178.5,524.79,CUST1668,Greater Accra,Cash,Retail,0.02
2024-12-26,Phone Case,Accessories,4,31.88,123.69,CUST1645,Ashanti,Mobile Money,Retail,0.03
2024-12-27,Monitor,Electronics,4,328.54,1195.89,CUST1626,Greater Accra,Card,Retail,0.09
2024-12-27,Phone Case,Accessories,1,28.67,27.24,CUST1347,Ashanti,Mobile Money,Retail,0.05
2024-12-27,Laptop,Electronics,4,1359.08,5001.41,CUST1518,Greater Accra,Mobile Money,Wholesale,0.08
2024-12-27,USB Drive,Accessories,5,10.65,47.93,CUST1315,Greater Accra,Card,Retail,0.1
2024-12-27,Webcam,Electronics,1,171.52,154.37,CUST1559,Ashanti,Card,Retail,0.1
2024-12-27,USB Drive,Accessories,2,14.59,28.01,CUST1823,Northern,Cash,Retail,0.04
2024-12-27,Mouse,Accessories,1,36.32,31.96,CUST1398,Eastern,Card,Retail,0.12
2024-12-27,Phone Case,Accessories,3,14.35,36.59,CUST1349,Volta,Mobile Money,Retail,0.15
2024-12-28,Printer,Electronics,1,434.62,369.43,CUST1645,Greater Accra,Mobile Money,Retail,0.15
2024-12-28,Smartphone,Electronics,5,601.6,2827.52,CUST1868,Central,Cash,Wholesale,0.06
2024-12-28,Phone Case,Accessories,7,24.64,137.98,CUST1475,Bono,Card,Wholesale,0.2
2024-12-29,USB Drive,Accessories,1,23.76,22.81,CUST1489,Greater Accra,Mobile Money,Retail,0.04
2024-12-29,Headphones,Electronics,1,155.48,153.93,CUST1412,Central,Mobile Money,Retail,0.01
2024-12-29,Keyboard,Accessories,2,26.17,46.06,CUST1611,Greater Accra,Mobile Money,Retail,0.12
2024-12-29,Mouse,Accessories,6,20.89,97.77,CUST1657,Greater Accra,Mobile Money,Wholesale,0.22
2024-12-29,Phone Case,Accessories,3,23.86,63.71,CUST1344,Central,Mobile Money,Retail,0.11
2024-12-29,Monitor,Electronics,4,288.68,993.06,CUST1970,Greater Accra,Cash,Retail,0.14
2024-12-30,Tablet,Electronics,7,536.68,3493.79,CUST1143,Western,Mobile Money,Wholesale,0.07
2024-12-30,Printer,Electronics,6,270.45,1460.43,CUST1787,Northern,Bank Transfer,Retail,0.1
2024-12-30,Mouse,Accessories,2,20.84,40.43,CUST1421,Eastern,Mobile Money,Retail,0.03
2024-12-30,Mouse,Accessories,2,30.05,56.49,CUST1740,Central,Mobile Money,Retail,0.06
2024-12-30,Headphones,Electronics,2,49.53,93.12,CUST1127,Central,Card,Retail,0.06
2024-12-30,USB Drive,Accessories,6,34.31,185.27,CUST1585,Eastern,Mobile Money,Retail,0.1
2024-12-30,Keyboard,Accessories,1,119.99,118.79,CUST1759,Greater Accra,Mobile Money,Retail,0.01
2024-12-31,Keyboard,Accessories,4,93.23,350.54,CUST1536,Western,Card,Retail,0.06
2024-12-31,USB Drive,Accessories,2,36.79,64.01,CUST1564,Greater Accra,Card,Retail,0.13
2024-12-31,USB Drive,Accessories,2,21.6,42.34,CUST1148,Ashanti,Cash,Retail,0.02
2025-01-01,Laptop,Electronics,2,1361.2,2341.26,CUST1680,Greater Accra,Card,Retail,0.14
2025-01-01,USB Drive,Accessories,12,28.08,320.11,CUST1807,Central,Card,Wholesale,0.05
2025-01-01,Office Chair,Furniture,5,264.48,1309.18,CUST1865,Ashanti,Mobile Money,Retail,0.01
2025-01-01,Webcam,Electronics,2,48.15,86.67,CUST1484,Greater Accra,Mobile Money,Retail,0.1
2025-01-02,Desk Lamp,Furniture,4,41.14,156.33,CUST1563,Northern,Mobile Money,Retail,0.05
2025-01-02,Phone Case,Accessories,5,19.59,86.2,CUST1410,Greater Accra,Mobile Money,Retail,0.12
2025-01-02,Phone Case,Accessories,9,36.58,286.42,CUST1896,Eastern,Mobile Money,Wholesale,0.13
2025-01-02,Phone Case,Accessories,7,19.84,104.16,CUST1900,Greater Accra,Card,Wholesale,0.25
2025-01-03,Office Chair,Furniture,3,225.56,521.04,CUST1120,Northern,Card,Wholesale,0.23
2025-01-04,Phone Case,Accessories,1,24.54,23.31,CUST1520,Volta,Bank Transfer,Retail,0.05
2025-01-04,Monitor,Electronics,8,232.31,1839.9,CUST1746,Ashanti,Bank Transfer,Retail,0.01
2025-01-06,Smartphone,Electronics,4,870.73,3273.94,CUST1667,Ashanti,Mobile Money,Retail,0.06
2025-01-06,Desk Lamp,Furniture,1,35.43,28.7,CUST1547,Western,Card,Wholesale,0.19
2025-01-07,Keyboard,Accessories,2,82.03,150.94,CUST1723,Ashanti,Cash,Retail,0.08
2025-01-07,Headphones,Electronics,2,94.67,160.94,CUST1348,Greater Accra,Mobile Money,Retail,0.15
2025-01-07,USB Drive,Accessories,1,28.42,25.86,CUST1457,Central,Card,Retail,0.09
2025-01-07,Tablet,Electronics,2,439.39,746.96,CUST1200,Ashanti,Bank Transfer,Retail,0.15
2025-01-08,Laptop,Electronics,4,801.21,3172.79,CUST1393,Greater Accra,Card,Retail,0.01
2025-01-08,Desk Lamp,Furniture,2,47.38,84.34,CUST1058,Western,Cash,Retail,0.11
2025-01-08,USB Drive,Accessories,2,16.82,31.62,CUST1413,Greater Accra,Mobile Money,Retail,0.06
2025-01-08,Headphones,Electronics,3,112.65,327.81,CUST1253,Greater Accra,Card,Retail,0.03
2025-01-08,Phone Case,Accessories,1,20.81,19.35,CUST1620,Greater Accra,Cash,Retail,0.07
2025-01-09,Monitor,Electronics,3,393.83,1075.16,CUST1325,Eastern,Bank Transfer,Retail,0.09
2025-01-09,USB Drive,Accessories,8,38.2,275.04,CUST1512,Greater Accra,Mobile Money,Wholesale,0.1
2025-01-09,Mouse,Accessories,3,34.98,92.35,CUST1201,Greater Accra,Mobile Money,Retail,0.12
2025-01-09,Printer,Electronics,1,158.74,155.57,CUST1328,Greater Accra,Card,Retail,0.02
2025-01-10,Desk,Furniture,8,378.26,2511.65,CUST1418,Greater Accra,Mobile Money,Wholesale,0.17
2025-01-10,Phone Case,Accessories,1,16.98,16.3,CUST1333,Greater Accra,Bank Transfer,Retail,0.04
2025-01-10,Printer,Electronics,1,296.57,260.98,CUST1834,Central,Mobile Money,Retail,0.12
2025-01-10,Mouse,Accessories,1,17.22,15.5,CUST1205,Ashanti,Mobile Money,Retail,0.1
2025-01-10,Monitor,Electronics,8,315.35,2043.47,CUST1181,Greater Accra,Mobile Money,Wholesale,0.19
2025-01-10,USB Drive,Accessories,7,38.1,237.36,CUST1032,Central,Card,Retail,0.11
2025-01-11,Printer,Electronics,1,520.34,509.93,CUST1823,Western,Mobile Money,Retail,0.02
2025-01-12,Desk Lamp,Furniture,2,74.67,143.37,CUST1588,Northern,Cash,Retail,0.04
2025-01-12,Headphones,Electronics,2,163.67,314.25,CUST1026,Volta,Card,Retail,0.04
2025-01-13,Mouse,Accessories,8,27.01,175.02,CUST1707,Greater Accra,Cash,Wholesale,0.19
2025-01-14,Smartphone,Electronics,2,950.7,1901.4,CUST1844,Greater Accra,Bank Transfer,Retail,0.0
2025-01-14,Mouse,Accessories,1,32.96,29.0,CUST1435,Greater Accra,Cash,Retail,0.12
2025-01-14,Phone Case,Accessories,3,35.79,103.08,CUST1348,Ashanti,Mobile Money,Retail,0.04
2025-01-16,USB Drive,Accessories,1,29.0,28.71,CUST1817,Greater Accra,Cash,Retail,0.01
2025-01-17,Webcam,Electronics,2,107.64,204.52,CUST1132,Bono,Cash,Retail,0.05
2025-01-17,USB Drive,Accessories,3,19.37,49.97,CUST1101,Western,Card,Retail,0.14
2025-01-17,USB Drive,Accessories,3,25.7,67.85,CUST1811,Greater Accra,Mobile Money,Retail,0.12
2025-01-18,USB Drive,Accessories,1,24.0,22.8,CUST1311,Eastern,Cash,Retail,0.05
2025-01-18,Webcam,Electronics,1,153.83,147.68,CUST1134,Northern,Cash,Retail,0.04
2025-01-19,Bookshelf,Furniture,3,120.31,332.06,CUST1729,Volta,Bank Transfer,Retail,0.08
2025-01-19,USB Drive,Accessories,2,13.89,27.5,CUST1584,Northern,Mobile Money,Retail,0.01
2025-01-20,Tablet,Electronics,3,559.44,1661.54,CUST1307,Ashanti,Card,Retail,0.01
2025-01-20,Phone Case,Accessories,10,29.49,256.56,CUST1973,Greater Accra,Card,Retail,0.13
2025-01-21,Office Chair,Furniture,6,317.31,1732.51,CUST1380,Greater Accra,Mobile Money,Retail,0.09
2025-01-21,Office Chair,Furniture,2,326.23,587.21,CUST1050,Greater Accra,Cash,Retail,0.1
2025-01-21,Mouse,Accessories,1,22.15,21.93,CUST1219,Eastern,Cash,Retail,0.01
2025-01-22,Desk Lamp,Furniture,12,83.92,936.55,CUST1828,Volta,Card,Retail,0.07
2025-01-22,Laptop,Electronics,3,898.95,2696.85,CUST1467,Greater Accra,Mobile Money,Retail,0.0
2025-01-23,Desk Lamp,Furniture,3,42.35,118.16,CUST1092,Greater Accra,Card,Retail,0.07
2025-01-23,Mouse,Accessories,8,24.09,173.45,CUST1909,Western,Card,Retail,0.1
2025-01-23,USB Drive,Accessories,5,15.15,65.14,CUST1240,Central,Card,Retail,0.14
2025-01-23,Tablet,Electronics,1,484.38,465.0,CUST1878,Western,Mobile Money,Retail,0.04
2025-01-23,Desk Lamp,Furniture,13,66.04,755.5,CUST1840,Greater Accra,Bank Transfer,Wholesale,0.12
2025-01-23,Phone Case,Accessories,8,17.45,127.04,CUST1620,Ashanti,Mobile Money,Wholesale,0.09
2025-01-24,Desk Lamp,Furniture,3,87.69,255.18,CUST1052,Western,Card,Retail,0.03
2025-01-24,Desk Lamp,Furniture,4,28.07,96.56,CUST1057,Greater Accra,Bank Transfer,Retail,0.14
2025-01-24,Headphones,Electronics,5,46.83,203.71,CUST1682,Central,Card,Retail,0.13
2025-01-28,Monitor,Electronics,3,296.16,772.98,CUST1930,Ashanti,Mobile Money,Retail,0.13
2025-01-28,USB Drive,Accessories,11,17.8,166.43,CUST1337,Greater Accra,Bank Transfer,Wholesale,0.15
2025-01-28,Headphones,Electronics,4,49.89,189.58,CUST1875,Greater Accra,Bank Transfer,Retail,0.05
2025-01-28,Smartphone,Electronics,1,961.38,855.63,CUST1644,Greater Accra,Card,Retail,0.11
2025-01-29,Keyboard,Accessories,1,92.66,80.61,CUST1430,Central,Cash,Retail,0.13
2025-01-29,Phone Case,Accessories,4,33.09,115.15,CUST1584,Greater Accra,Mobile Money,Retail,0.13
2025-01-29,Keyboard,Accessories,3,81.83,220.94,CUST1596,Volta,Cash,Retail,0.1
2025-01-29,Headphones,Electronics,2,59.52,114.28,CUST1341,Central,Card,Retail,0.04
2025-01-29,Laptop,Electronics,2,1398.33,2656.83,CUST1135,Greater Accra,Cash,Retail,0.05
2025-01-29,Webcam,Electronics,2,143.89,270.51,CUST1405,Western,Mobile Money,Retail,0.06
2025-01-29,Keyboard,Accessories,5,48.11,223.71,CUST1731,Ashanti,Cash,Retail,0.07
2025-01-30,Keyboard,Accessories,2,72.55,126.24,CUST1439,Ashanti,Mobile Money,Retail,0.13
2025-01-30,Keyboard,Accessories,2,39.73,68.34,CUST1867,Greater Accra,Mobile Money,Retail,0.14
2025-01-31,Desk,Furniture,8,255.26,2021.66,CUST1904,Greater Accra,Cash,Retail,0.01
2025-01-31,Webcam,Electronics,3,92.33,235.44,CUST1885,Greater Accra,Cash,Retail,0.15
2025-01-31,Headphones,Electronics,7,50.28,337.88,CUST1254,Ashanti,Bank Transfer,Retail,0.04
2025-01-31,Desk Lamp,Furniture,2,47.86,86.15,CUST1513,Eastern,Mobile Money,Retail,0.1
2025-01-31,Phone Case,Accessories,3,16.87,47.07,CUST1501,Eastern,Bank Transfer,Retail,0.07
2025-02-02,USB Drive,Accessories,4,22.78,79.27,CUST1166,Greater Accra,Mobile Money,Retail,0.13
2025-02-02,USB Drive,Accessories,10,18.67,175.5,CUST1543,Northern,Cash,Wholesale,0.06
2025-02-02,Desk Lamp,Furniture,1,34.03,33.01,CUST1006,Ashanti,Mobile Money,Retail,0.03
2025-02-03,Monitor,Electronics,2,241.16,443.73,CUST1919,Greater Accra,Mobile Money,Retail,0.08
2025-02-03,Keyboard,Accessories,8,108.06,691.58,CUST1125,Northern,Mobile Money,Wholesale,0.2
2025-02-03,Keyboard,Accessories,12,116.69,1260.25,CUST1402,Ashanti,Card,Retail,0.1
2025-02-03,Office Chair,Furniture,3,203.04,456.84,CUST1032,Eastern,Mobile Money,Wholesale,0.25
2025-02-04,Phone Case,Accessories,3,25.25,72.72,CUST1554,Western,Card,Retail,0.04
2025-02-04,Tablet,Electronics,4,677.42,2330.32,CUST1085,Greater Accra,Card,Retail,0.14
2025-02-04,USB Drive,Accessories,3,18.15,52.82,CUST1225,Eastern,Cash,Retail,0.03
2025-02-04,Phone Case,Accessories,3,41.13,119.69,CUST1226,Western,Bank Transfer,Retail,0.03
2025-02-05,USB Drive,Accessories,8,37.81,269.21,CUST1222,Central,Mobile Money,Wholesale,0.11
2025-02-05,Keyboard,Accessories,9,101.61,813.9,CUST1017,Greater Accra,Card,Wholesale,0.11
2025-02-05,Desk,Furniture,11,254.2,2572.5,CUST1258,Greater Accra,Card,Wholesale,0.08
2025-02-05,Phone Case,Accessories,1,14.0,13.58,CUST1758,Eastern,Cash,Retail,0.03
2025-02-06,Laptop,Electronics,8,940.66,6772.75,CUST1475,Bono,Card,Retail,0.1
2025-02-06,Webcam,Electronics,1,57.39,48.78,CUST1875,Western,Mobile Money,Retail,0.15
2025-02-06,Bookshelf,Furniture,1,105.0,100.8,CUST1622,Eastern,Card,Retail,0.04
2025-02-07,Mouse,Accessories,3,44.76,127.57,CUST1407,Ashanti,Mobile Money,Retail,0.05
2025-02-07,Desk,Furniture,1,490.88,481.06,CUST1078,Volta,Mobile Money,Retail,0.02
2025-02-08,USB Drive,Accessories,3,26.43,68.19,CUST1363,Central,Cash,Retail,0.14
2025-02-08,Phone Case,Accessories,2,23.75,43.23,CUST1831,Greater Accra,Mobile Money,Retail,0.09
2025-02-08,Bookshelf,Furniture,2,285.98,520.48,CUST1096,Western,Mobile Money,Retail,0.09
2025-02-09,Headphones,Electronics,2,176.11,341.65,CUST1948,Northern,Mobile Money,Retail,0.03
2025-02-09,Mouse,Accessories,4,47.66,179.2,CUST1879,Western,Cash,Retail,0.06
2025-02-10,Webcam,Electronics,2,47.51,83.62,CUST1353,Northern,Mobile Money,Retail,0.12
2025-02-10,Desk Lamp,Furniture,1,69.73,62.06,CUST1377,Eastern,Mobile Money,Retail,0.11
2025-02-10,Phone Case,Accessories,1,12.21,11.48,CUST1641,Central,Card,Retail,0.06
2025-02-10,Bookshelf,Furniture,2,162.64,286.25,CUST1614,Western,Card,Retail,0.12
2025-02-11,Desk,Furniture,2,594.94,1130.39,CUST1857,Greater Accra,Card,Retail,0.05
2025-02-11,Webcam,Electronics,6,134.5,710.16,CUST1996,Greater Accra,Mobile Money,Retail,0.12
2025-02-11,Tablet,Electronics,3,579.28,1616.19,CUST1244,Greater Accra,Cash,Retail,0.07
2025-02-12,Bookshelf,Furniture,10,204.92,1577.88,CUST1940,Western,Card,Wholesale,0.23
2025-02-12,USB Drive,Accessories,10,19.94,153.54,CUST1858,Ashanti,Card,Wholesale,0.23
2025-02-13,Headphones,Electronics,1,70.82,63.74,CUST1451,Greater Accra,Bank Transfer,Retail,0.1
2025-02-13,Desk,Furniture,3,187.11,482.74,CUST1184,Eastern,Cash,Retail,0.14
2025-02-14,Phone Case,Accessories,4,31.41,121.87,CUST1230,Ashanti,Mobile Money,Retail,0.03
2025-02-14,Headphones,Electronics,5,69.19,300.98,CUST1320,Greater Accra,Mobile Money,Retail,0.13
2025-02-14,Monitor,Electronics,4,410.91,1610.77,CUST1051,Greater Accra,Card,Retail,0.02
2025-02-14,Keyboard,Accessories,5,42.02,189.09,CUST1121,Greater Accra,Cash,Retail,0.1
2025-02-14,Smartphone,Electronics,8,1008.81,7102.02,CUST1683,Ashanti,Mobile Money,Wholesale,0.12
2025-02-14,Phone Case,Accessories,5,22.39,96.28,CUST1892,Greater Accra,Card,Retail,0.14
2025-02-15,Mouse,Accessories,1,19.97,17.77,CUST1526,Northern,Card,Retail,0.11
2025-02-15,Smartphone,Electronics,1,914.73,859.85,CUST1401,Greater Accra,Cash,Retail,0.06
2025-02-16,Mouse,Accessories,5,23.63,102.79,CUST1437,Greater Accra,Card,Retail,0.13
2025-02-17,Desk Lamp,Furniture,1,26.0,22.36,CUST1011,Greater Accra,Mobile Money,Retail,0.14
2025-02-17,Phone Case,Accessories,4,17.78,59.74,CUST1460,Greater Accra,Mobile Money,Wholesale,0.16
2025-02-17,USB Drive,Accessories,6,35.29,182.1,CUST1093,Ashanti,Cash,Retail,0.14
2025-02-17,Tablet,Electronics,2,341.56,628.47,CUST1850,Western,Card,Retail,0.08
2025-02-18,Tablet,Electronics,3,523.03,1443.56,CUST1293,Greater Accra,Card,Retail,0.08
2025-02-19,Webcam,Electronics,3,59.67,162.9,CUST1113,Western,Cash,Retail,0.09
2025-02-19,Phone Case,Accessories,1,34.92,33.87,CUST1255,Central,Bank Transfer,Retail,0.03
2025-02-20,Mouse,Accessories,1,31.34,30.4,CUST1254,Ashanti,Cash,Retail,0.03
2025-02-20,Monitor,Electronics,3,300.96,830.65,CUST1782,Volta,Mobile Money,Retail,0.08
2025-02-20,USB Drive,Accessories,8,26.66,194.08,CUST1824,Ashanti,Mobile Money,Retail,0.09
2025-02-21,Desk,Furniture,3,516.6,1472.31,CUST1035,Eastern,Mobile Money,Retail,0.05
2025-02-21,Desk Lamp,Furniture,3,26.73,76.18,CUST1992,Volta,Cash,Retail,0.05
2025-02-21,Headphones,Electronics,2,81.44,149.85,CUST1502,Central,Mobile Money,Retail,0.08
2025-02-22,USB Drive,Accessories,1,27.33,24.32,CUST1712,Greater Accra,Mobile Money,Retail,0.11
2025-02-23,Tablet,Electronics,4,315.71,1086.04,CUST1687,Central,Cash,Retail,0.14
2025-02-24,Office Chair,Furniture,4,272.51,1046.44,CUST1437,Volta,Bank Transfer,Retail,0.04
2025-02-24,Phone Case,Accessories,5,24.75,121.27,CUST1737,Western,Mobile Money,Retail,0.02
2025-02-24,Mouse,Accessories,8,32.34,227.67,CUST1340,Greater Accra,Card,Retail,0.12
2025-02-24,Monitor,Electronics,3,368.43,1061.08,CUST1624,Central,Card,Retail,0.04
2025-02-24,Desk Lamp,Furniture,10,45.88,357.86,CUST1026,Volta,Bank Transfer,Wholesale,0.22
2025-02-24,Headphones,Electronics,1,124.4,118.18,CUST1036,Ashanti,Mobile Money,Retail,0.05
2025-02-25,Mouse,Accessories,3,15.55,45.72,CUST1963,Western,Mobile Money,Retail,0.02
2025-02-25,Headphones,Electronics,5,78.67,342.21,CUST1298,Bono,Mobile Money,Retail,0.13
2025-02-25,Headphones,Electronics,2,133.2,245.09,CUST1976,Central,Cash,Retail,0.08
2025-02-25,Keyboard,Accessories,2,104.81,203.33,CUST1760,Volta,Card,Retail,0.03
2025-02-25,Laptop,Electronics,10,1027.08,9654.55,CUST1560,Eastern,Bank Transfer,Retail,0.06
2025-02-25,Mouse,Accessories,6,35.52,210.99,CUST1874,Greater Accra,Mobile Money,Retail,0.01
2025-02-25,Laptop,Electronics,1,1355.1,1246.69,CUST1410,Greater Accra,Mobile Money,Retail,0.08
2025-02-25,Monitor,Electronics,1,455.33,387.03,CUST1470,Northern,Card,Retail,0.15
2025-02-25,Tablet,Electronics,2,617.89,1149.28,CUST1355,Greater Accra,Card,Retail,0.07
2025-02-25,Keyboard,Accessories,2,97.41,183.13,CUST1200,Greater Accra,Bank Transfer,Retail,0.06
2025-02-26,Keyboard,Accessories,7,44.05,280.6,CUST1794,Western,Card,Retail,0.09
2025-02-26,Printer,Electronics,4,226.13,904.52,CUST1309,Greater Accra,Mobile Money,Retail,0.0
2025-02-26,Phone Case,Accessories,3,34.29,99.78,CUST1656,Eastern,Mobile Money,Retail,0.03
2025-02-27,Phone Case,Accessories,1,15.96,13.73,CUST1342,Greater Accra,Mobile Money,Retail,0.14
2025-02-27,Desk Lamp,Furniture,2,77.07,137.18,CUST1770,Volta,Bank Transfer,Retail,0.11
2025-02-28,Mouse,Accessories,10,43.71,410.87,CUST1864,Ashanti,Card,Retail,0.06
2025-02-28,Office Chair,Furniture,3,234.89,683.53,CUST1524,Central,Cash,Retail,0.03
2025-02-28,Tablet,Electronics,4,424.25,1272.75,CUST1005,Bono,Card,Wholesale,0.25
2025-03-01,Phone Case,Accessories,3,19.29,56.13,CUST1353,Western,Cash,Retail,0.03
2025-03-01,Tablet,Electronics,3,561.76,1533.6,CUST1924,Greater Accra,Mobile Money,Retail,0.09
2025-03-01,Printer,Electronics,6,171.33,894.34,CUST1812,Greater Accra,Mobile Money,Retail,0.13
2025-03-02,USB Drive,Accessories,13,38.85,469.7,CUST1389,Central,Card,Wholesale,0.07
2025-03-03,Monitor,Electronics,3,320.11,835.49,CUST1799,Greater Accra,Mobile Money,Retail,0.13
2025-03-03,Mouse,Accessories,4,17.1,63.61,CUST1699,Greater Accra,Bank Transfer,Retail,0.07
2025-03-03,USB Drive,Accessories,3,17.12,46.74,CUST1405,Greater Accra,Card,Retail,0.09
2025-03-04,USB Drive,Accessories,1,13.13,11.16,CUST1897,Ashanti,Mobile Money,Retail,0.15
2025-03-04,Desk Lamp,Furniture,1,83.81,80.46,CUST1449,Bono,Mobile Money,Retail,0.04
2025-03-04,Desk Lamp,Furniture,5,47.89,222.69,CUST1020,Greater Accra,Cash,Retail,0.07
2025-03-05,Keyboard,Accessories,1,97.92,94.0,CUST1535,Volta,Mobile Money,Retail,0.04
2025-03-05,USB Drive,Accessories,1,16.85,15.17,CUST1178,Greater Accra,Cash,Retail,0.1
2025-03-06,Phone Case,Accessories,1,11.97,10.65,CUST1221,Eastern,Mobile Money,Retail,0.11
2025-03-06,Bookshelf,Furniture,4,173.83,556.26,CUST1560,Northern,Mobile Money,Wholesale,0.2
2025-03-06,USB Drive,Accessories,6,21.08,116.36,CUST1275,Volta,Mobile Money,Retail,0.08
2025-03-06,Laptop,Electronics,1,1173.3,1161.57,CUST1454,Bono,Mobile Money,Retail,0.01
2025-03-06,Monitor,Electronics,10,282.07,2510.42,CUST1343,Bono,Mobile Money,Wholesale,0.11
2025-03-07,Desk,Furniture,3,396.8,1059.46,CUST1428,Central,Mobile Money,Retail,0.11
2025-03-07,Mouse,Accessories,1,46.46,41.81,CUST1421,Greater Accra,Cash,Retail,0.1
2025-03-07,USB Drive,Accessories,4,29.19,116.76,CUST1760,Western,Bank Transfer,Retail,0.0
2025-03-07,Phone Case,Accessories,1,19.85,18.26,CUST1906,Bono,Bank Transfer,Retail,0.08
2025-03-07,Printer,Electronics,14,169.19,1776.49,CUST1204,Bono,Bank Transfer,Wholesale,0.25
2025-03-07,Mouse,Accessories,1,40.25,34.21,CUST1744,Greater Accra,Bank Transfer,Retail,0.15
2025-03-08,Tablet,Electronics,3,490.79,1222.07,CUST1247,Eastern,Mobile Money,Wholesale,0.17
2025-03-09,Phone Case,Accessories,4,26.08,99.1,CUST1785,Western,Cash,Retail,0.05
2025-03-09,Phone Case,Accessories,2,32.36,60.84,CUST1689,Western,Card,Retail,0.06
2025-03-10,Phone Case,Accessories,7,27.73,172.76,CUST1475,Greater Accra,Mobile Money,Retail,0.11
2025-03-11,Webcam,Electronics,1,97.0,90.21,CUST1360,Northern,Mobile Money,Retail,0.07
2025-03-11,Mouse,Accessories,6,45.9,267.14,CUST1205,Greater Accra,Mobile Money,Retail,0.03
2025-03-12,Desk Lamp,Furniture,6,65.93,359.98,CUST1842,Northern,Bank Transfer,Retail,0.09
2025-03-12,Office Chair,Furniture,6,291.08,1746.48,CUST1029,Ashanti,Card,Retail,0.0
2025-03-12,Monitor,Electronics,7,410.73,2443.84,CUST1295,Greater Accra,Mobile Money,Wholesale,0.15
2025-03-13,Phone Case,Accessories,2,35.16,62.58,CUST1560,Northern,Mobile Money,Retail,0.11
2025-03-13,Monitor,Electronics,2,187.61,326.44,CUST1368,Ashanti,Card,Retail,0.13
2025-03-13,USB Drive,Accessories,2,26.97,45.85,CUST1487,Western,Mobile Money,Retail,0.15
2025-03-14,Phone Case,Accessories,9,38.75,338.29,CUST1781,Eastern,Cash,Retail,0.03
2025-03-14,Smartphone,Electronics,6,370.84,2091.54,CUST1214,Greater Accra,Mobile Money,Retail,0.06
2025-03-15,Mouse,Accessories,6,15.07,87.71,CUST1891,Volta,Bank Transfer,Retail,0.03
2025-03-15,Office Chair,Furniture,3,209.92,610.87,CUST1127,Greater Accra,Card,Retail,0.03
2025-03-15,Headphones,Electronics,2,121.23,215.79,CUST1873,Volta,Bank Transfer,Retail,0.11
2025-03-16,Monitor,Electronics,3,345.29,890.85,CUST1519,Greater Accra,Mobile Money,Retail,0.14
2025-03-16,USB Drive,Accessories,3,19.72,51.47,CUST1570,Greater Accra,Mobile Money,Retail,0.13
2025-03-16,USB Drive,Accessories,3,39.17,115.16,CUST1386,Central,Bank Transfer,Retail,0.02
2025-03-17,Monitor,Electronics,4,310.4,1216.77,CUST1390,Greater Accra,Cash,Retail,0.02
2025-03-17,Phone Case,Accessories,6,44.62,232.92,CUST1438,Greater Accra,Mobile Money,Retail,0.13
2025-03-18,Desk Lamp,Furniture,1,40.12,38.92,CUST1304,Bono,Card,Retail,0.03
2025-03-18,Desk Lamp,Furniture,1,27.52,24.77,CUST1576,Greater Accra,Mobile Money,Retail,0.1
2025-03-18,Headphones,Electronics,1,134.71,126.63,CUST1077,Ashanti,Bank Transfer,Retail,0.06
2025-03-18,Office Chair,Furniture,3,252.98,652.69,CUST1494,Greater Accra,Card,Retail,0.14
2025-03-18,Mouse,Accessories,9,19.87,137.7,CUST1803,Greater Accra,Cash,Wholesale,0.23
2025-03-18,Mouse,Accessories,8,16.02,108.94,CUST1273,Bono,Mobile Money,Wholesale,0.15
2025-03-19,Monitor,Electronics,3,194.18,547.59,CUST1872,Ashanti,Mobile Money,Retail,0.06
2025-03-20,Bookshelf,Furniture,1,201.78,171.51,CUST1947,Greater Accra,Card,Retail,0.15
2025-03-20,Headphones,Electronics,4,173.8,674.34,CUST1992,Northern,Cash,Retail,0.03
2025-03-20,Smartphone,Electronics,3,677.52,1971.58,CUST1180,Volta,Mobile Money,Retail,0.03
2025-03-20,Office Chair,Furniture,11,159.2,1628.62,CUST1990,Western,Card,Wholesale,0.07
2025-03-20,Monitor,Electronics,1,307.62,307.62,CUST1383,Greater Accra,Mobile Money,Retail,0.0
2025-03-21,USB Drive,Accessories,2,38.26,76.52,CUST1190,Ashanti,Cash,Retail,0.0
2025-03-21,Laptop,Electronics,1,1071.12,1028.28,CUST1322,Central,Card,Retail,0.04
2025-03-21,Smartphone,Electronics,8,1055.67,6925.2,CUST1120,Greater Accra,Mobile Money,Wholesale,0.18
2025-03-21,Smartphone,Electronics,6,394.18,1963.02,CUST1718,Greater Accra,Bank Transfer,Wholesale,0.17
2025-03-23,Laptop,Electronics,6,918.56,4850.0,CUST1288,Central,Card,Retail,0.12
2025-03-23,Mouse,Accessories,1,48.68,38.94,CUST1419,Ashanti,Mobile Money,Wholesale,0.2
2025-03-23,Phone Case,Accessories,9,37.69,312.07,CUST1694,Ashanti,Mobile Money,Retail,0.08
2025-03-24,Phone Case,Accessories,6,12.69,61.67,CUST1361,Central,Cash,Wholesale,0.19
2025-03-24,USB Drive,Accessories,1,32.73,27.82,CUST1523,Greater Accra,Card,Retail,0.15
2025-03-25,Phone Case,Accessories,8,39.82,248.48,CUST1119,Greater Accra,Cash,Wholesale,0.22
2025-03-25,Headphones,Electronics,2,157.84,299.9,CUST1401,Northern,Bank Transfer,Retail,0.05
2025-03-25,Mouse,Accessories,1,36.45,33.53,CUST1658,Greater Accra,Mobile Money,Retail,0.08
2025-03-25,Smartphone,Electronics,2,795.28,1542.84,CUST1233,Greater Accra,Bank Transfer,Retail,0.03
2025-03-26,Keyboard,Accessories,1,117.16,117.16,CUST1699,Greater Accra,Mobile Money,Retail,0.0
2025-03-26,Printer,Electronics,3,183.31,533.43,CUST1880,Greater Accra,Card,Retail,0.03
2025-03-26,Mouse,Accessories,5,20.86,94.91,CUST1006,Ashanti,Mobile Money,Retail,0.09
2025-03-27,Phone Case,Accessories,3,20.97,55.36,CUST1831,Volta,Mobile Money,Retail,0.12
2025-03-27,Phone Case,Accessories,1,25.91,24.61,CUST1588,Northern,Cash,Retail,0.05
2025-03-27,Mouse,Accessories,3,43.22,110.21,CUST1004,Bono,Bank Transfer,Retail,0.15
2025-03-27,Headphones,Electronics,2,105.78,205.21,CUST1198,Greater Accra,Bank Transfer,Retail,0.03
2025-03-27,Headphones,Electronics,1,154.94,136.35,CUST1039,Bono,Mobile Money,Retail,0.12
2025-03-28,Smartphone,Electronics,2,613.2,1103.76,CUST1209,Ashanti,Cash,Retail,0.1
2025-03-28,Smartphone,Electronics,5,419.62,1972.21,CUST1660,Eastern,Card,Retail,0.06
2025-03-30,Mouse,Accessories,1,29.2,28.91,CUST1824,Greater Accra,Mobile Money,Retail,0.01
2025-03-30,Laptop,Electronics,11,1182.13,10532.78,CUST1715,Western,Mobile Money,Wholesale,0.19
2025-03-30,Phone Case,Accessories,6,17.76,98.04,CUST1360,Greater Accra,Bank Transfer,Retail,0.08
2025-03-31,Tablet,Electronics,3,640.88,1691.92,CUST1969,Greater Accra,Cash,Retail,0.12
2025-03-31,Bookshelf,Furniture,11,177.47,1737.43,CUST1315,Eastern,Cash,Retail,0.11
2025-04-01,Keyboard,Accessories,5,66.63,309.83,CUST1093,Greater Accra,Mobile Money,Retail,0.07
2025-04-01,Webcam,Electronics,3,58.26,155.55,CUST1429,Central,Mobile Money,Retail,0.11
2025-04-02,Desk Lamp,Furniture,3,63.48,171.4,CUST1281,Greater Accra,Card,Retail,0.1
2025-04-03,Office Chair,Furniture,9,321.94,2723.61,CUST1067,Volta,Mobile Money,Wholesale,0.06
2025-04-03,Phone Case,Accessories,2,14.69,27.62,CUST1796,Western,Mobile Money,Retail,0.06
2025-04-03,Monitor,Electronics,1,474.92,451.17,CUST1043,Greater Accra,Bank Transfer,Retail,0.05
2025-04-03,Phone Case,Accessories,3,42.8,114.28,CUST1032,Greater Accra,Mobile Money,Retail,0.11
2025-04-04,Keyboard,Accessories,7,37.05,228.23,CUST1143,Northern,Mobile Money,Retail,0.12
2025-04-04,Phone Case,Accessories,12,28.6,308.88,CUST1082,Ashanti,Mobile Money,Wholesale,0.1
2025-04-04,Mouse,Accessories,5,36.21,179.24,CUST1624,Greater Accra,Mobile Money,Retail,0.01
2025-04-05,Phone Case,Accessories,6,40.4,213.31,CUST1539,Greater Accra,Bank Transfer,Retail,0.12
2025-04-05,Phone Case,Accessories,3,24.4,67.34,CUST1309,Bono,Card,Retail,0.08
2025-04-05,Headphones,Electronics,2,118.95,178.43,CUST1604,Greater Accra,Mobile Money,Wholesale,0.25
2025-04-05,Office Chair,Furniture,1,139.31,128.17,CUST1557,Greater Accra,Card,Retail,0.08
2025-04-06,Webcam,Electronics,10,69.5,639.4,CUST1614,Ashanti,Mobile Money,Wholesale,0.08
2025-04-06,Phone Case,Accessories,13,17.48,174.97,CUST1253,Central,Mobile Money,Wholesale,0.23
2025-04-06,Mouse,Accessories,7,38.64,265.07,CUST1081,Eastern,Mobile Money,Retail,0.02
2025-04-07,Laptop,Electronics,1,1002.57,882.26,CUST1838,Eastern,Card,Retail,0.12
2025-04-07,Office Chair,Furniture,2,234.75,431.94,CUST2000,Ashanti,Mobile Money,Retail,0.08
2025-04-07,Keyboard,Accessories,6,45.48,245.59,CUST1876,Ashanti,Card,Retail,0.1
2025-04-07,Mouse,Accessories,1,30.59,27.53,CUST1143,Greater Accra,Mobile Money,Retail,0.1
2025-04-08,Mouse,Accessories,3,17.9,47.79,CUST1756,Greater Accra,Cash,Retail,0.11
2025-04-08,Mouse,Accessories,3,31.91,88.07,CUST1527,Central,Bank Transfer,Retail,0.08
2025-04-09,Headphones,Electronics,9,170.52,1350.52,CUST1283,Eastern,Cash,Wholesale,0.12
2025-04-09,Phone Case,Accessories,1,21.56,18.33,CUST1491,Greater Accra,Mobile Money,Retail,0.15
2025-04-09,Mouse,Accessories,5,34.41,154.84,CUST1158,Volta,Cash,Retail,0.1
2025-04-09,Webcam,Electronics,2,178.1,313.46,CUST1396,Central,Mobile Money,Retail,0.12
2025-04-10,Webcam,Electronics,2,130.66,240.41,CUST1093,Eastern,Bank Transfer,Retail,0.08
2025-04-10,Tablet,Electronics,1,429.54,416.65,CUST1827,Greater Accra,Card,Retail,0.03
2025-04-10,USB Drive,Accessories,6,28.87,168.02,CUST1807,Western,Mobile Money,Retail,0.03
2025-04-11,Webcam,Electronics,3,124.46,324.84,CUST1214,Northern,Mobile Money,Retail,0.13
2025-04-11,Monitor,Electronics,10,434.27,3430.73,CUST1347,Northern,Card,Wholesale,0.21
2025-04-11,Desk Lamp,Furniture,3,29.83,85.91,CUST1044,Greater Accra,Bank Transfer,Retail,0.04
2025-04-11,Office Chair,Furniture,2,222.87,410.08,CUST1564,Ashanti,Cash,Retail,0.08
2025-04-12,Mouse,Accessories,9,38.76,324.42,CUST1862,Ashanti,Cash,Retail,0.07
2025-04-13,Desk Lamp,Furniture,1,53.29,51.16,CUST1507,Greater Accra,Card,Retail,0.04
2025-04-14,Monitor,Electronics,2,213.65,418.75,CUST1930,Ashanti,Mobile Money,Retail,0.02
2025-04-14,Webcam,Electronics,8,136.24,980.93,CUST1758,Greater Accra,Mobile Money,Retail,0.1
2025-04-14,Smartphone,Electronics,5,917.49,3578.21,CUST1453,Greater Accra,Card,Wholesale,0.22
2025-04-15,Mouse,Accessories,1,32.5,30.55,CUST1316,Greater Accra,Mobile Money,Retail,0.06
2025-04-15,Office Chair,Furniture,5,260.41,1276.01,CUST1648,Western,Bank Transfer,Retail,0.02
2025-04-16,Phone Case,Accessories,11,35.85,347.03,CUST1475,Greater Accra,Mobile Money,Retail,0.12
2025-04-17,Desk,Furniture,2,555.52,1055.49,CUST1516,Eastern,Card,Retail,0.05
2025-04-17,Desk Lamp,Furniture,3,61.21,156.09,CUST1250,Ashanti,Cash,Retail,0.15
2025-04-17,Tablet,Electronics,4,261.96,1026.88,CUST1808,Eastern,Cash,Retail,0.02
2025-04-17,Smartphone,Electronics,2,778.02,1384.88,CUST1891,Western,Bank Transfer,Retail,0.11
2025-04-17,Mouse,Accessories,10,22.61,189.92,CUST1384,Ashanti,Mobile Money,Wholesale,0.16
2025-04-17,Desk,Furniture,1,260.06,241.86,CUST1585,Bono,Card,Retail,0.07
2025-04-18,Webcam,Electronics,1,50.35,45.82,CUST1369,Central,Card,Retail,0.09
2025-04-18,Phone Case,Accessories,2,28.18,55.23,CUST1955,Greater Accra,Cash,Retail,0.02
2025-04-18,Mouse,Accessories,1,19.92,18.72,CUST1049,Greater Accra,Mobile Money,Retail,0.06
2025-04-18,Monitor,Electronics,1,275.98,253.9,CUST1658,Central,Cash,Retail,0.08
2025-04-19,Headphones,Electronics,2,58.15,105.83,CUST1343,Greater Accra,Mobile Money,Retail,0.09
2025-04-21,Smartphone,Electronics,2,430.56,852.51,CUST1057,Central,Card,Retail,0.01
2025-04-21,Tablet,Electronics,3,659.23,1681.04,CUST1893,Ashanti,Mobile Money,Retail,0.15
2025-04-21,Mouse,Accessories,3,41.11,120.86,CUST1933,Greater Accra,Cash,Retail,0.02
2025-04-21,Phone Case,Accessories,2,43.73,66.47,CUST1278,Greater Accra,Card,Wholesale,0.24
2025-04-21,Printer,Electronics,3,413.43,1165.87,CUST1198,Ashanti,Cash,Retail,0.06
2025-04-22,Tablet,Electronics,1,217.27,197.72,CUST1281,Ashanti,Mobile Money,Retail,0.09
2025-04-22,Smartphone,Electronics,9,421.04,3562.0,CUST1140,Volta,Mobile Money,Retail,0.06
2025-04-22,Keyboard,Accessories,3,84.4,232.94,CUST1539,Greater Accra,Mobile Money,Retail,0.08
2025-04-23,Office Chair,Furniture,4,170.24,667.34,CUST1258,Volta,Card,Retail,0.02
2025-04-23,Monitor,Electronics,4,202.21,736.04,CUST1010,Eastern,Card,Retail,0.09
2025-04-24,USB Drive,Accessories,9,39.53,341.54,CUST1192,Eastern,Card,Retail,0.04
2025-04-24,Keyboard,Accessories,3,113.22,302.3,CUST1820,Eastern,Mobile Money,Retail,0.11
2025-04-24,Keyboard,Accessories,2,58.5,102.96,CUST1686,Greater Accra,Mobile Money,Retail,0.12
2025-04-24,Keyboard,Accessories,2,58.65,110.26,CUST1900,Northern,Bank Transfer,Retail,0.06
2025-04-24,Tablet,Electronics,1,509.94,504.84,CUST1018,Northern,Card,Retail,0.01
2025-04-24,USB Drive,Accessories,1,19.82,19.03,CUST1646,Ashanti,Card,Retail,0.04
2025-04-25,Office Chair,Furniture,1,332.58,286.02,CUST1772,Greater Accra,Card,Retail,0.14
2025-04-25,Desk Lamp,Furniture,7,87.42,550.75,CUST1751,Ashanti,Mobile Money,Wholesale,0.1
2025-04-25,Printer,Electronics,7,186.7,1150.07,CUST1522,Greater Accra,Bank Transfer,Retail,0.12
2025-04-25,Mouse,Accessories,2,39.37,78.74,CUST1947,Ashanti,Bank Transfer,Retail,0.0
2025-04-26,Printer,Electronics,7,365.58,2482.29,CUST1107,Volta,Card,Retail,0.03
2025-04-26,Office Chair,Furniture,1,315.38,302.76,CUST1757,Bono,Mobile Money,Retail,0.04
2025-04-26,Tablet,Electronics,1,357.13,339.27,CUST1371,Greater Accra,Cash,Retail,0.05
2025-04-27,Phone Case,Accessories,1,31.74,28.57,CUST1037,Western,Mobile Money,Wholesale,0.1
2025-04-27,Desk Lamp,Furniture,4,80.45,321.8,CUST1284,Greater Accra,Mobile Money,Retail,0.0
2025-04-27,Headphones,Electronics,1,114.61,99.71,CUST1028,Greater Accra,Card,Retail,0.13
2025-04-27,USB Drive,Accessories,2,34.54,61.48,CUST1682,Greater Accra,Card,Retail,0.11
2025-04-27,Desk Lamp,Furniture,2,65.68,118.22,CUST1233,Greater Accra,Card,Retail,0.1
2025-04-28,Keyboard,Accessories,2,26.17,49.2,CUST1886,Greater Accra,Cash,Retail,0.06
2025-04-28,Mouse,Accessories,10,37.38,347.63,CUST1706,Ashanti,Mobile Money,Retail,0.07
2025-04-28,Desk Lamp,Furniture,3,88.54,239.06,CUST1565,Volta,Cash,Wholesale,0.1
2025-04-28,USB Drive,Accessories,5,37.07,168.67,CUST1380,Greater Accra,Cash,Wholesale,0.09
2025-04-28,Tablet,Electronics,1,665.47,638.85,CUST1725,Eastern,Card,Retail,0.04
2025-04-28,Phone Case,Accessories,8,22.83,149.76,CUST1380,Greater Accra,Mobile Money,Wholesale,0.18
2025-04-29,Mouse,Accessories,11,37.16,367.88,CUST1699,Ashanti,Mobile Money,Retail,0.1
2025-04-29,Bookshelf,Furniture,3,209.26,539.89,CUST1677,Central,Mobile Money,Retail,0.14
2025-04-29,Office Chair,Furniture,1,195.55,176.0,CUST1439,Greater Accra,Card,Retail,0.1
2025-04-30,Webcam,Electronics,5,148.12,644.32,CUST1671,Eastern,Mobile Money,Retail,0.13
2025-04-30,Phone Case,Accessories,12,44.42,447.75,CUST1228,Ashanti,Cash,Wholesale,0.16
2025-04-30,Keyboard,Accessories,1,68.69,68.0,CUST1832,Greater Accra,Mobile Money,Retail,0.01
2025-05-01,Desk Lamp,Furniture,3,54.71,151.0,CUST1174,Ashanti,Cash,Retail,0.08
2025-05-01,Webcam,Electronics,2,139.02,264.14,CUST1878,Northern,Bank Transfer,Retail,0.05
2025-05-02,Office Chair,Furniture,3,290.04,817.91,CUST1908,Greater Accra,Mobile Money,Retail,0.06
2025-05-02,Smartphone,Electronics,10,696.03,6403.48,CUST1820,Greater Accra,Mobile Money,Retail,0.08
2025-05-03,Phone Case,Accessories,1,17.76,15.81,CUST1544,Eastern,Mobile Money,Retail,0.11
2025-05-03,Phone Case,Accessories,2,35.46,63.12,CUST1864,Greater Accra,Mobile Money,Retail,0.11
2025-05-03,USB Drive,Accessories,4,11.38,43.7,CUST1098,Ashanti,Bank Transfer,Retail,0.04
2025-05-05,Office Chair,Furniture,2,324.27,590.17,CUST1058,Greater Accra,Card,Retail,0.09
2025-05-05,Phone Case,Accessories,2,36.63,68.13,CUST1905,Eastern,Cash,Retail,0.07
2025-05-05,Monitor,Electronics,1,391.76,364.34,CUST1369,Ashanti,Mobile Money,Retail,0.07
2025-05-06,Mouse,Accessories,9,43.22,357.86,CUST1830,Ashanti,Cash,Retail,0.08
2025-05-07,Smartphone,Electronics,6,946.29,4939.63,CUST1767,Greater Accra,Cash,Retail,0.13
2025-05-07,Laptop,Electronics,2,1105.36,1945.43,CUST1381,Central,Card,Retail,0.12
2025-05-07,Printer,Electronics,6,426.23,2199.35,CUST1087,Greater Accra,Cash,Retail,0.14
2025-05-07,USB Drive,Accessories,3,18.6,52.45,CUST1349,Greater Accra,Mobile Money,Retail,0.06
2025-05-08,Webcam,Electronics,5,47.76,205.37,CUST1093,Eastern,Mobile Money,Retail,0.14
2025-05-08,Desk Lamp,Furniture,2,75.56,149.61,CUST1500,Ashanti,Cash,Retail,0.01
2025-05-09,Phone Case,Accessories,3,32.85,84.75,CUST1720,Bono,Mobile Money,Retail,0.14
2025-05-09,Mouse,Accessories,5,45.86,213.25,CUST1781,Greater Accra,Cash,Wholesale,0.07
2025-05-09,Webcam,Electronics,4,99.27,353.4,CUST1163,Greater Accra,Cash,Retail,0.11
2025-05-10,Phone Case,Accessories,1,38.19,35.52,CUST1187,Central,Bank Transfer,Retail,0.07
2025-05-10,Headphones,Electronics,3,147.45,415.81,CUST1345,Greater Accra,Mobile Money,Retail,0.06
2025-05-10,Mouse,Accessories,1,25.27,23.0,CUST1030,Greater Accra,Cash,Retail,0.09
2025-05-11,Printer,Electronics,1,179.06,171.9,CUST1069,Eastern,Cash,Retail,0.04
2025-05-12,Headphones,Electronics,2,66.99,101.82,CUST1252,Ashanti,Mobile Money,Wholesale,0.24
2025-05-12,Desk,Furniture,5,510.01,2397.05,CUST1431,Greater Accra,Card,Retail,0.06
2025-05-13,Headphones,Electronics,4,113.09,434.27,CUST1950,Greater Accra,Mobile Money,Retail,0.04
2025-05-13,Headphones,Electronics,1,97.42,97.42,CUST1270,Greater Accra,Cash,Retail,0.0
2025-05-13,Smartphone,Electronics,1,866.35,684.42,CUST1249,Volta,Cash,Wholesale,0.21
2025-05-13,Mouse,Accessories,1,18.42,16.58,CUST1429,Ashanti,Card,Retail,0.1
2025-05-13,USB Drive,Accessories,6,27.17,125.53,CUST1928,Bono,Mobile Money,Wholesale,0.23
2025-05-13,Office Chair,Furniture,3,142.38,422.87,CUST1817,Central,Mobile Money,Retail,0.01
2025-05-13,Webcam,Electronics,2,151.03,302.06,CUST1755,Bono,Cash,Retail,0.0
2025-05-14,Mouse,Accessories,5,48.41,215.42,CUST1510,Greater Accra,Mobile Money,Retail,0.11
2025-05-14,Office Chair,Furniture,1,179.27,161.34,CUST1014,Greater Accra,Cash,Retail,0.1
2025-05-14,Keyboard,Accessories,3,65.25,172.26,CUST1790,Ashanti,Cash,Retail,0.12
2025-05-15,Mouse,Accessories,3,29.06,81.95,CUST1783,Ashanti,Cash,Retail,0.06
2025-05-15,Headphones,Electronics,1,108.1,104.86,CUST1241,Eastern,Bank Transfer,Retail,0.03
2025-05-15,Mouse,Accessories,1,17.74,15.43,CUST1345,Volta,Mobile Money,Retail,0.13
2025-05-15,Phone Case,Accessories,7,15.07,87.56,CUST1879,Greater Accra,Mobile Money,Wholesale,0.17
2025-05-15,Monitor,Electronics,4,491.62,1946.82,CUST1880,Western,Cash,Retail,0.01
2025-05-15,Tablet,Electronics,3,358.99,1001.58,CUST1265,Greater Accra,Mobile Money,Retail,0.07
2025-05-15,Desk Lamp,Furniture,1,26.52,24.93,CUST1335,Greater Accra,Cash,Retail,0.06
2025-05-15,Monitor,Electronics,1,311.76,271.23,CUST1132,Volta,Mobile Money,Retail,0.13
2025-05-15,Headphones,Electronics,4,93.46,306.55,CUST1961,Ashanti,Mobile Money,Wholesale,0.18
2025-05-16,Desk,Furniture,8,588.05,4281.0,CUST1324,Eastern,Mobile Money,Retail,0.09
2025-05-16,Keyboard,Accessories,5,28.57,135.71,CUST1196,Bono,Mobile Money,Retail,0.05
2025-05-16,USB Drive,Accessories,10,28.89,257.12,CUST1866,Eastern,Mobile Money,Retail,0.11
2025-05-16,USB Drive,Accessories,7,29.78,198.04,CUST1316,Greater Accra,Cash,Wholesale,0.05
2025-05-17,Phone Case,Accessories,1,39.49,33.57,CUST1688,Ashanti,Card,Retail,0.15
2025-05-17,Phone Case,Accessories,7,10.99,65.39,CUST1664,Western,Mobile Money,Wholesale,0.15
2025-05-17,Desk Lamp,Furniture,8,44.74,286.34,CUST1504,Western,Mobile Money,Wholesale,0.2
2025-05-17,Mouse,Accessories,1,25.14,21.37,CUST1207,Eastern,Mobile Money,Retail,0.15
2025-05-18,Mouse,Accessories,2,36.79,69.17,CUST1740,Ashanti,Mobile Money,Retail,0.06
2025-05-18,Keyboard,Accessories,5,33.57,166.17,CUST1846,Central,Card,Retail,0.01
2025-05-18,Headphones,Electronics,1,141.53,123.13,CUST1123,Western,Mobile Money,Retail,0.13
2025-05-18,Phone Case,Accessories,7,37.72,253.48,CUST1508,Western,Cash,Retail,0.04
2025-05-19,Headphones,Electronics,1,93.16,90.37,CUST1475,Eastern,Card,Retail,0.03
2025-05-19,Phone Case,Accessories,2,21.36,39.73,CUST1037,Western,Cash,Retail,0.07
2025-05-19,USB Drive,Accessories,2,30.26,57.49,CUST1435,Northern,Card,Retail,0.05
2025-05-19,Keyboard,Accessories,2,66.28,132.56,CUST1065,Ashanti,Mobile Money,Retail,0.0
2025-05-20,Desk Lamp,Furniture,3,46.61,132.84,CUST1888,Ashanti,Mobile Money,Retail,0.05
2025-05-20,Printer,Electronics,3,336.55,787.53,CUST1165,Central,Mobile Money,Wholesale,0.22
2025-05-20,Keyboard,Accessories,4,59.56,204.89,CUST1142,Central,Mobile Money,Retail,0.14
2025-05-20,Headphones,Electronics,3,74.78,206.39,CUST1517,Ashanti,Card,Retail,0.08
2025-05-20,Office Chair,Furniture,1,218.06,198.43,CUST1154,Greater Accra,Mobile Money,Retail,0.09
2025-05-20,Desk,Furniture,7,301.63,1625.79,CUST1251,Ashanti,Mobile Money,Wholesale,0.23
2025-05-21,Smartphone,Electronics,2,707.4,1259.17,CUST1414,Northern,Card,Retail,0.11
2025-05-21,Webcam,Electronics,14,108.75,1278.9,CUST1185,Ashanti,Cash,Wholesale,0.16
2025-05-21,Laptop,Electronics,2,1294.49,2226.52,CUST1662,Greater Accra,Card,Retail,0.14
2025-05-21,Desk Lamp,Furniture,2,27.37,54.19,CUST1790,Bono,Bank Transfer,Retail,0.01
2025-05-22,Phone Case,Accessories,7,31.45,204.74,CUST1999,Greater Accra,Card,Wholesale,0.07
2025-05-22,Bookshelf,Furniture,2,109.99,213.38,CUST1953,Greater Accra,Cash,Retail,0.03
2025-05-22,Mouse,Accessories,5,34.89,160.49,CUST1508,Greater Accra,Cash,Retail,0.08
2025-05-23,Desk Lamp,Furniture,1,59.44,52.31,CUST1547,Greater Accra,Mobile Money,Retail,0.12
2025-05-23,Keyboard,Accessories,2,92.41,166.34,CUST1291,Greater Accra,Mobile Money,Retail,0.1
2025-05-24,Desk Lamp,Furniture,4,26.25,100.8,CUST1243,Ashanti,Mobile Money,Retail,0.04
2025-05-26,Mouse,Accessories,3,32.43,92.43,CUST1995,Greater Accra,Mobile Money,Retail,0.05
2025-05-26,Bookshelf,Furniture,1,246.09,216.56,CUST1580,Greater Accra,Card,Retail,0.12
2025-05-27,Phone Case,Accessories,2,32.93,63.23,CUST1240,Greater Accra,Mobile Money,Retail,0.04
2025-05-27,Bookshelf,Furniture,2,179.12,326.0,CUST1315,Greater Accra,Bank Transfer,Retail,0.09
2025-05-27,Printer,Electronics,2,475.55,932.08,CUST1045,Central,Cash,Retail,0.02
2025-05-28,Phone Case,Accessories,1,19.09,16.8,CUST1753,Western,Bank Transfer,Retail,0.12
2025-05-28,USB Drive,Accessories,2,31.58,61.27,CUST1472,Ashanti,Bank Transfer,Retail,0.03
2025-05-28,Bookshelf,Furniture,6,204.59,1067.96,CUST1513,Greater Accra,Cash,Wholesale,0.13
2025-05-28,Monitor,Electronics,5,371.7,1672.65,CUST1199,Volta,Cash,Retail,0.1
2025-05-29,Laptop,Electronics,10,1383.14,10373.55,CUST1744,Greater Accra,Mobile Money,Wholesale,0.25
2025-05-29,Tablet,Electronics,13,491.59,5687.7,CUST1312,Greater Accra,Mobile Money,Wholesale,0.11
2025-05-30,Smartphone,Electronics,1,913.53,895.26,CUST1206,Ashanti,Mobile Money,Retail,0.02
2025-05-30,USB Drive,Accessories,2,31.97,62.02,CUST1072,Greater Accra,Bank Transfer,Retail,0.03
2025-06-01,Printer,Electronics,2,401.88,683.2,CUST1858,Greater Accra,Card,Retail,0.15
2025-06-02,Bookshelf,Furniture,1,277.79,272.23,CUST1582,Central,Card,Retail,0.02
2025-06-03,Keyboard,Accessories,4,112.66,446.13,CUST1330,Ashanti,Card,Retail,0.01
2025-06-03,Phone Case,Accessories,5,21.37,98.3,CUST1180,Ashanti,Card,Retail,0.08
2025-06-03,Phone Case,Accessories,12,30.21,333.52,CUST1793,Ashanti,Mobile Money,Wholesale,0.08
2025-06-03,Mouse,Accessories,3,47.49,123.95,CUST1425,Central,Cash,Retail,0.13
2025-06-04,Phone Case,Accessories,3,36.79,94.92,CUST1371,Ashanti,Card,Retail,0.14
2025-06-04,Monitor,Electronics,2,494.13,948.73,CUST1722,Western,Cash,Retail,0.04
2025-06-04,Phone Case,Accessories,1,28.93,28.06,CUST1271,Greater Accra,Card,Retail,0.03
2025-06-04,Headphones,Electronics,7,131.98,868.43,CUST1541,Bono,Card,Retail,0.06
2025-06-05,Mouse,Accessories,4,15.75,62.37,CUST1502,Greater Accra,Mobile Money,Retail,0.01
2025-06-05,Monitor,Electronics,2,474.7,930.41,CUST1195,Ashanti,Mobile Money,Retail,0.02
2025-06-05,Bookshelf,Furniture,12,294.28,3213.54,CUST1607,Greater Accra,Mobile Money,Wholesale,0.09
2025-06-05,Desk Lamp,Furniture,4,66.75,240.3,CUST1176,Greater Accra,Cash,Retail,0.1
2025-06-05,Desk Lamp,Furniture,11,78.05,798.45,CUST1054,Western,Mobile Money,Wholesale,0.07
2025-06-06,Desk,Furniture,2,359.43,632.6,CUST1439,Bono,Mobile Money,Retail,0.12
2025-06-06,Monitor,Electronics,1,275.77,259.22,CUST1705,Central,Mobile Money,Retail,0.06
2025-06-06,USB Drive,Accessories,3,14.98,44.04,CUST1227,Northern,Bank Transfer,Retail,0.02
2025-06-06,Phone Case,Accessories,3,15.84,46.09,CUST1263,Ashanti,Cash,Retail,0.03
2025-06-06,Desk,Furniture,3,401.96,1061.17,CUST1312,Greater Accra,Cash,Retail,0.12
2025-06-07,Smartphone,Electronics,3,1174.65,3453.47,CUST1536,Western,Card,Retail,0.02
2025-06-07,Mouse,Accessories,6,16.42,95.56,CUST1748,Greater Accra,Mobile Money,Retail,0.03
2025-06-07,Tablet,Electronics,12,635.04,5943.97,CUST1287,Greater Accra,Mobile Money,Wholesale,0.22
2025-06-08,Office Chair,Furniture,1,204.27,187.93,CUST1597,Greater Accra,Card,Retail,0.08
2025-06-08,Phone Case,Accessories,3,36.27,93.58,CUST1609,Greater Accra,Mobile Money,Retail,0.14
2025-06-08,Keyboard,Accessories,1,89.05,89.05,CUST1438,Ashanti,Cash,Retail,0.0
2025-06-09,Keyboard,Accessories,1,38.12,34.69,CUST1372,Central,Mobile Money,Retail,0.09
2025-06-09,Printer,Electronics,1,480.85,461.62,CUST1144,Ashanti,Bank Transfer,Retail,0.04
2025-06-10,Keyboard,Accessories,4,50.3,183.09,CUST1504,Greater Accra,Card,Retail,0.09
2025-06-10,Desk Lamp,Furniture,7,29.42,185.35,CUST1033,Central,Mobile Money,Retail,0.1
2025-06-11,Desk Lamp,Furniture,7,51.13,286.33,CUST1628,Volta,Card,Wholesale,0.2
2025-06-11,USB Drive,Accessories,2,31.33,58.9,CUST1247,Greater Accra,Card,Retail,0.06
2025-06-11,Laptop,Electronics,9,968.99,8110.45,CUST1485,Greater Accra,Mobile Money,Retail,0.07
2025-06-11,Laptop,Electronics,6,933.1,5038.74,CUST1154,Western,Cash,Retail,0.1
2025-06-12,USB Drive,Accessories,1,29.65,24.61,CUST1836,Ashanti,Card,Wholesale,0.17
2025-06-13,Printer,Electronics,3,292.22,859.13,CUST1740,Greater Accra,Bank Transfer,Retail,0.02
2025-06-13,Phone Case,Accessories,1,42.53,41.68,CUST1981,Greater Accra,Bank Transfer,Retail,0.02
2025-06-13,USB Drive,Accessories,1,36.78,31.63,CUST1564,Northern,Card,Retail,0.14
2025-06-13,Headphones,Electronics,1,54.81,50.43,CUST1109,Greater Accra,Mobile Money,Retail,0.08
2025-06-13,Webcam,Electronics,2,161.95,281.79,CUST1849,Greater Accra,Mobile Money,Retail,0.13
2025-06-14,Mouse,Accessories,12,37.14,356.54,CUST1513,Greater Accra,Mobile Money,Wholesale,0.2
2025-06-14,Phone Case,Accessories,4,13.14,52.03,CUST1210,Greater Accra,Mobile Money,Retail,0.01
2025-06-14,Keyboard,Accessories,5,110.77,542.77,CUST1390,Central,Mobile Money,Retail,0.02
2025-06-15,Mouse,Accessories,4,26.24,103.91,CUST1105,Greater Accra,Mobile Money,Retail,0.01
2025-06-16,Desk Lamp,Furniture,5,27.71,123.31,CUST1542,Western,Mobile Money,Wholesale,0.11
2025-06-16,USB Drive,Accessories,1,24.43,21.74,CUST1987,Greater Accra,Cash,Retail,0.11
2025-06-16,Monitor,Electronics,11,198.6,1987.99,CUST1015,Volta,Card,Retail,0.09
2025-06-17,Tablet,Electronics,12,452.23,5046.89,CUST1888,Central,Mobile Money,Wholesale,0.07
2025-06-17,Laptop,Electronics,2,1445.49,2688.61,CUST1533,Bono,Cash,Retail,0.07
2025-06-17,Headphones,Electronics,1,87.19,84.57,CUST1074,Ashanti,Mobile Money,Retail,0.03
2025-06-17,Printer,Electronics,1,217.44,187.0,CUST1471,Western,Mobile Money,Retail,0.14
2025-06-17,Phone Case,Accessories,2,30.79,56.65,CUST1829,Central,Mobile Money,Retail,0.08
2025-06-18,Laptop,Electronics,4,815.68,3001.7,CUST1941,Western,Mobile Money,Retail,0.08
2025-06-18,Headphones,Electronics,6,100.63,464.91,CUST1861,Greater Accra,Cash,Wholesale,0.23
2025-06-19,Laptop,Electronics,1,1065.46,958.91,CUST1365,Central,Card,Retail,0.1
2025-06-19,Desk,Furniture,1,415.68,411.52,CUST1464,Greater Accra,Bank Transfer,Retail,0.01
2025-06-19,Headphones,Electronics,1,178.76,159.1,CUST1446,Eastern,Card,Retail,0.11
2025-06-19,Smartphone,Electronics,14,317.19,3419.31,CUST1750,Volta,Mobile Money,Wholesale,0.23
2025-06-19,Desk,Furniture,3,235.91,629.88,CUST1991,Central,Mobile Money,Retail,0.11
2025-06-19,Keyboard,Accessories,13,81.09,801.17,CUST1092,Eastern,Mobile Money,Wholesale,0.24
2025-06-19,USB Drive,Accessories,2,24.07,43.81,CUST1657,Eastern,Mobile Money,Retail,0.09
2025-06-19,Headphones,Electronics,1,107.25,94.38,CUST1810,Greater Accra,Mobile Money,Retail,0.12
2025-06-19,Tablet,Electronics,9,360.55,3180.05,CUST1975,Greater Accra,Card,Retail,0.02
2025-06-19,Desk Lamp,Furniture,2,50.02,88.04,CUST1745,Greater Accra,Mobile Money,Retail,0.12
2025-06-20,Headphones,Electronics,6,104.01,536.69,CUST1380,Western,Card,Retail,0.14
2025-06-20,Webcam,Electronics,2,69.96,123.13,CUST1242,Central,Mobile Money,Retail,0.12
2025-06-21,Headphones,Electronics,4,178.23,663.02,CUST1098,Ashanti,Mobile Money,Retail,0.07
2025-06-21,Desk,Furniture,9,580.15,4699.21,CUST1246,Greater Accra,Cash,Retail,0.1
2025-06-21,Webcam,Electronics,1,97.28,86.58,CUST1189,Greater Accra,Cash,Retail,0.11
2025-06-21,Headphones,Electronics,2,144.7,263.35,CUST1129,Greater Accra,Cash,Wholesale,0.09
2025-06-21,Webcam,Electronics,1,120.08,106.87,CUST1588,Ashanti,Mobile Money,Retail,0.11
2025-06-22,Mouse,Accessories,6,49.86,260.27,CUST1104,Ashanti,Card,Wholesale,0.13
2025-06-22,Mouse,Accessories,5,40.69,181.07,CUST1940,Greater Accra,Cash,Retail,0.11
2025-06-23,Phone Case,Accessories,2,19.51,36.68,CUST1150,Greater Accra,Mobile Money,Retail,0.06
2025-06-23,Laptop,Electronics,3,1053.21,2748.88,CUST1517,Northern,Mobile Money,Retail,0.13
2025-06-23,Office Chair,Furniture,1,338.73,298.08,CUST1652,Greater Accra,Cash,Retail,0.12
2025-06-23,Keyboard,Accessories,1,64.88,57.74,CUST1260,Greater Accra,Cash,Retail,0.11
2025-06-24,Desk Lamp,Furniture,10,40.22,374.05,CUST1711,Volta,Mobile Money,Retail,0.07
2025-06-24,Smartphone,Electronics,9,392.39,3354.93,CUST1920,Greater Accra,Mobile Money,Retail,0.05
2025-06-25,Office Chair,Furniture,1,329.61,323.02,CUST1186,Greater Accra,Card,Retail,0.02
2025-06-25,Smartphone,Electronics,1,451.77,429.18,CUST1957,Western,Cash,Retail,0.05
2025-06-26,Webcam,Electronics,1,140.55,130.71,CUST1694,Greater Accra,Mobile Money,Retail,0.07
2025-06-26,Webcam,Electronics,1,45.57,43.75,CUST1878,Greater Accra,Cash,Retail,0.04
2025-06-26,Mouse,Accessories,3,35.88,95.8,CUST1453,Ashanti,Mobile Money,Retail,0.11
2025-06-26,Phone Case,Accessories,3,16.19,48.57,CUST1938,Ashanti,Mobile Money,Retail,0.0
2025-06-27,Phone Case,Accessories,2,10.63,21.05,CUST1418,Greater Accra,Mobile Money,Retail,0.01
2025-06-27,Desk Lamp,Furniture,1,48.53,42.22,CUST1817,Central,Card,Retail,0.13
2025-06-27,Bookshelf,Furniture,6,166.28,917.87,CUST1115,Ashanti,Card,Wholesale,0.08
2025-06-27,Desk Lamp,Furniture,3,32.9,93.76,CUST1182,Greater Accra,Mobile Money,Retail,0.05
2025-06-27,USB Drive,Accessories,2,21.52,41.32,CUST1314,Western,Mobile Money,Retail,0.04
2025-06-27,Mouse,Accessories,8,48.17,381.51,CUST1484,Western,Mobile Money,Retail,0.01
2025-06-27,Mouse,Accessories,6,22.03,118.96,CUST1446,Ashanti,Mobile Money,Wholesale,0.1
2025-06-27,Headphones,Electronics,4,81.25,279.5,CUST1378,Central,Mobile Money,Retail,0.14
2025-06-28,Office Chair,Furniture,1,182.5,175.2,CUST1148,Volta,Mobile Money,Retail,0.04
2025-06-28,Bookshelf,Furniture,2,146.39,251.79,CUST1994,Bono,Card,Retail,0.14
2025-06-29,Keyboard,Accessories,4,70.47,262.15,CUST1721,Ashanti,Mobile Money,Retail,0.07
2025-06-30,Monitor,Electronics,6,408.0,2252.16,CUST1739,Greater Accra,Card,Retail,0.08
2025-06-30,Monitor,Electronics,11,200.53,2095.54,CUST1371,Central,Mobile Money,Wholesale,0.05
2025-07-01,Headphones,Electronics,1,57.17,52.6,CUST1048,Ashanti,Mobile Money,Retail,0.08
2025-07-01,Mouse,Accessories,3,44.02,120.17,CUST1920,Eastern,Mobile Money,Retail,0.09
2025-07-01,Mouse,Accessories,3,25.93,71.57,CUST1024,Greater Accra,Card,Retail,0.08
2025-07-01,USB Drive,Accessories,2,20.42,35.94,CUST1373,Ashanti,Cash,Retail,0.12
2025-07-02,Keyboard,Accessories,3,50.38,117.89,CUST1153,Eastern,Bank Transfer,Wholesale,0.22
2025-07-02,Mouse,Accessories,1,39.63,34.48,CUST1359,Bono,Mobile Money,Retail,0.13
2025-07-02,Laptop,Electronics,8,1295.19,9947.06,CUST1711,Ashanti,Card,Retail,0.04
2025-07-02,Keyboard,Accessories,1,97.28,87.55,CUST1452,Greater Accra,Mobile Money,Retail,0.1
2025-07-03,Desk Lamp,Furniture,2,38.03,70.74,CUST1729,Greater Accra,Card,Retail,0.07
2025-07-04,Mouse,Accessories,2,46.74,82.26,CUST1540,Ashanti,Cash,Retail,0.12
2025-07-04,Desk Lamp,Furniture,3,69.21,186.87,CUST1180,Ashanti,Card,Retail,0.1
2025-07-04,Keyboard,Accessories,10,47.13,461.87,CUST1514,Ashanti,Mobile Money,Retail,0.02
2025-07-04,Smartphone,Electronics,6,346.78,1747.77,CUST1478,Greater Accra,Mobile Money,Wholesale,0.16
2025-07-04,Mouse,Accessories,1,45.23,39.8,CUST1448,Central,Bank Transfer,Retail,0.12
2025-07-04,Monitor,Electronics,8,267.77,1949.37,CUST1873,Volta,Mobile Money,Wholesale,0.09
2025-07-06,Desk Lamp,Furniture,8,77.98,605.12,CUST1599,Ashanti,Mobile Money,Retail,0.03
2025-07-06,Webcam,Electronics,3,145.75,415.39,CUST1066,Greater Accra,Mobile Money,Retail,0.05
2025-07-06,Headphones,Electronics,3,79.14,216.05,CUST1356,Northern,Mobile Money,Retail,0.09
2025-07-07,Smartphone,Electronics,3,1053.09,2748.56,CUST1327,Western,Cash,Retail,0.13
2025-07-07,Desk Lamp,Furniture,5,28.74,132.2,CUST1002,Volta,Mobile Money,Retail,0.08
2025-07-07,Printer,Electronics,1,234.62,220.54,CUST1954,Eastern,Mobile Money,Retail,0.06
2025-07-07,Mouse,Accessories,1,31.28,30.03,CUST1074,Western,Mobile Money,Retail,0.04
2025-07-08,Keyboard,Accessories,7,96.58,628.74,CUST1943,Central,Card,Wholesale,0.07
2025-07-08,Smartphone,Electronics,3,930.68,2624.52,CUST1600,Bono,Card,Retail,0.06
2025-07-08,Desk Lamp,Furniture,2,72.55,136.39,CUST1217,Central,Card,Retail,0.06
2025-07-08,Phone Case,Accessories,3,40.78,122.34,CUST1992,Volta,Card,Retail,0.0
2025-07-08,Desk Lamp,Furniture,2,79.4,144.51,CUST1650,Volta,Card,Retail,0.09
2025-07-08,Webcam,Electronics,5,107.74,500.99,CUST1449,Ashanti,Mobile Money,Wholesale,0.07
2025-07-09,Webcam,Electronics,5,120.59,530.6,CUST1854,Ashanti,Cash,Retail,0.12
2025-07-09,Phone Case,Accessories,1,14.97,13.62,CUST1045,Central,Card,Retail,0.09
2025-07-09,Phone Case,Accessories,1,36.98,32.17,CUST1317,Greater Accra,Cash,Retail,0.13
2025-07-09,Phone Case,Accessories,8,23.14,170.31,CUST1491,Ashanti,Mobile Money,Wholesale,0.08
2025-07-09,Tablet,Electronics,2,343.44,673.14,CUST1407,Eastern,Cash,Retail,0.02
2025-07-10,Keyboard,Accessories,13,39.78,475.77,CUST1158,Greater Accra,Cash,Wholesale,0.08
2025-07-10,Keyboard,Accessories,3,91.72,239.39,CUST1018,Greater Accra,Mobile Money,Retail,0.13
2025-07-11,Desk,Furniture,1,331.28,318.03,CUST1765,Greater Accra,Mobile Money,Retail,0.04
2025-07-12,Phone Case,Accessories,11,27.51,257.22,CUST1154,Western,Cash,Retail,0.15
2025-07-12,Monitor,Electronics,1,464.64,418.18,CUST1477,Greater Accra,Bank Transfer,Retail,0.1
2025-07-12,Keyboard,Accessories,12,68.28,729.23,CUST1907,Greater Accra,Bank Transfer,Retail,0.11
2025-07-12,Bookshelf,Furniture,13,271.07,3242.0,CUST1783,Bono,Cash,Wholesale,0.08
2025-07-12,Keyboard,Accessories,5,119.34,596.7,CUST1621,Greater Accra,Mobile Money,Retail,0.0
2025-07-13,Headphones,Electronics,5,51.06,201.69,CUST1244,Central,Cash,Wholesale,0.21
2025-07-13,Laptop,Electronics,5,1213.58,5400.43,CUST1200,Ashanti,Mobile Money,Retail,0.11
2025-07-14,Office Chair,Furniture,5,315.89,1437.3,CUST1865,Bono,Card,Retail,0.09
2025-07-14,Keyboard,Accessories,7,78.49,510.97,CUST1634,Bono,Bank Transfer,Wholesale,0.07
2025-07-15,USB Drive,Accessories,8,22.89,139.17,CUST1697,Western,Card,Wholesale,0.24
2025-07-15,Printer,Electronics,6,428.04,2311.42,CUST1817,Volta,Mobile Money,Retail,0.1
2025-07-15,Smartphone,Electronics,4,927.87,3414.56,CUST1138,Greater Accra,Card,Retail,0.08
2025-07-16,Webcam,Electronics,8,71.27,490.34,CUST1456,Greater Accra,Card,Retail,0.14
2025-07-16,Keyboard,Accessories,10,79.76,701.89,CUST1273,Eastern,Bank Transfer,Wholesale,0.12
2025-07-17,Bookshelf,Furniture,4,252.22,897.9,CUST1700,Greater Accra,Mobile Money,Retail,0.11
2025-07-17,Smartphone,Electronics,7,517.65,3297.43,CUST1063,Eastern,Bank Transfer,Retail,0.09
2025-07-17,Office Chair,Furniture,1,235.38,235.38,CUST1830,Northern,Mobile Money,Retail,0.0
2025-07-17,USB Drive,Accessories,2,38.91,72.37,CUST1536,Greater Accra,Mobile Money,Retail,0.07
2025-07-17,Webcam,Electronics,3,78.22,220.58,CUST1106,Greater Accra,Mobile Money,Retail,0.06
2025-07-17,USB Drive,Accessories,5,18.94,83.34,CUST1272,Greater Accra,Bank Transfer,Retail,0.12
2025-07-18,Tablet,Electronics,6,219.5,1172.13,CUST1293,Greater Accra,Mobile Money,Retail,0.11
2025-07-18,Desk,Furniture,4,224.95,836.81,CUST1758,Greater Accra,Mobile Money,Retail,0.07
2025-07-19,Phone Case,Accessories,5,14.12,55.77,CUST1748,Greater Accra,Card,Wholesale,0.21
2025-07-20,Mouse,Accessories,3,40.34,110.13,CUST1047,Bono,Mobile Money,Wholesale,0.09
2025-07-21,Mouse,Accessories,5,23.58,109.65,CUST1716,Eastern,Mobile Money,Retail,0.07
2025-07-21,Headphones,Electronics,2,64.81,125.73,CUST1041,Ashanti,Cash,Retail,0.03
2025-07-21,Smartphone,Electronics,7,369.5,2146.8,CUST1154,Greater Accra,Mobile Money,Wholesale,0.17
2025-07-22,Desk Lamp,Furniture,11,79.3,662.95,CUST1814,Western,Cash,Wholesale,0.24
2025-07-22,USB Drive,Accessories,4,14.38,51.77,CUST1688,Ashanti,Mobile Money,Retail,0.1
2025-07-22,USB Drive,Accessories,1,29.79,27.7,CUST1136,Western,Bank Transfer,Retail,0.07
2025-07-22,Office Chair,Furniture,15,268.61,3787.4,CUST1734,Bono,Card,Wholesale,0.06
2025-07-22,USB Drive,Accessories,8,35.53,221.71,CUST1605,Ashanti,Card,Wholesale,0.22
2025-07-23,Webcam,Electronics,2,72.91,129.78,CUST1923,Greater Accra,Card,Retail,0.11
2025-07-23,Mouse,Accessories,5,25.35,101.4,CUST1041,Central,Bank Transfer,Wholesale,0.2
2025-07-24,Mouse,Accessories,1,27.86,24.52,CUST1949,Eastern,Mobile Money,Retail,0.12
2025-07-25,Printer,Electronics,4,374.0,1376.32,CUST1552,Greater Accra,Card,Retail,0.08
2025-07-25,Monitor,Electronics,4,337.97,1270.77,CUST1073,Northern,Mobile Money,Retail,0.06
2025-07-25,Keyboard,Accessories,2,102.3,184.14,CUST1418,Greater Accra,Cash,Retail,0.1
2025-07-26,Mouse,Accessories,14,42.57,518.5,CUST1333,Central,Mobile Money,Wholesale,0.13
2025-07-26,Mouse,Accessories,13,44.2,459.68,CUST1517,Eastern,Mobile Money,Wholesale,0.2
2025-07-27,Desk Lamp,Furniture,6,35.41,208.21,CUST1319,Central,Bank Transfer,Retail,0.02
2025-07-27,Webcam,Electronics,2,54.63,96.15,CUST1457,Northern,Card,Retail,0.12
2025-07-27,Office Chair,Furniture,4,289.33,1111.03,CUST1015,Northern,Cash,Retail,0.04
2025-07-27,USB Drive,Accessories,7,35.11,213.82,CUST1533,Volta,Mobile Money,Wholesale,0.13
2025-07-27,Phone Case,Accessories,3,12.69,35.41,CUST1661,Greater Accra,Mobile Money,Retail,0.07
2025-07-28,Desk Lamp,Furniture,1,39.32,34.99,CUST1452,Greater Accra,Mobile Money,Retail,0.11
2025-07-28,Mouse,Accessories,1,32.06,29.5,CUST1853,Greater Accra,Mobile Money,Retail,0.08
2025-07-28,Mouse,Accessories,7,46.94,249.72,CUST1676,Eastern,Mobile Money,Wholesale,0.24
2025-07-28,Laptop,Electronics,1,1290.23,1212.82,CUST1063,Greater Accra,Card,Retail,0.06
2025-07-28,Monitor,Electronics,1,236.93,232.19,CUST1339,Ashanti,Cash,Retail,0.02
2025-07-28,Headphones,Electronics,4,81.31,299.22,CUST1690,Bono,Mobile Money,Retail,0.08
2025-07-28,Desk,Furniture,3,399.58,1030.92,CUST1018,Ashanti,Card,Retail,0.14
2025-07-29,USB Drive,Accessories,8,36.68,220.08,CUST1739,Greater Accra,Mobile Money,Wholesale,0.25
2025-07-29,Laptop,Electronics,4,991.46,3926.18,CUST1113,Central,Bank Transfer,Retail,0.01
2025-07-29,Phone Case,Accessories,1,29.56,28.08,CUST1065,Western,Mobile Money,Retail,0.05
2025-07-29,USB Drive,Accessories,9,19.39,148.33,CUST1663,Ashanti,Mobile Money,Wholesale,0.15
2025-07-29,Laptop,Electronics,2,1116.39,2143.47,CUST1923,Greater Accra,Mobile Money,Retail,0.04
2025-07-29,Keyboard,Accessories,3,52.4,146.2,CUST1731,Greater Accra,Mobile Money,Retail,0.07
2025-07-30,Keyboard,Accessories,10,69.32,616.95,CUST1544,Northern,Card,Wholesale,0.11
2025-07-30,Phone Case,Accessories,1,13.16,12.37,CUST1439,Greater Accra,Cash,Retail,0.06
2025-07-30,Smartphone,Electronics,2,383.65,667.55,CUST1166,Greater Accra,Mobile Money,Retail,0.13
2025-07-31,Tablet,Electronics,1,605.43,550.94,CUST1052,Central,Cash,Retail,0.09
2025-07-31,Laptop,Electronics,1,946.18,813.71,CUST1637,Northern,Bank Transfer,Retail,0.14
2025-07-31,Desk Lamp,Furniture,3,47.83,134.88,CUST1706,Western,Cash,Retail,0.06
2025-07-31,Office Chair,Furniture,2,345.86,594.88,CUST1858,Greater Accra,Cash,Retail,0.14
2025-07-31,Headphones,Electronics,7,78.5,511.03,CUST1715,Greater Accra,Bank Transfer,Wholesale,0.07
2025-08-01,Mouse,Accessories,5,45.78,212.88,CUST1343,Northern,Cash,Wholesale,0.07
2025-08-01,Office Chair,Furniture,1,247.05,239.64,CUST1030,Western,Cash,Retail,0.03
2025-08-01,Phone Case,Accessories,1,29.6,28.71,CUST1871,Ashanti,Card,Retail,0.03
2025-08-01,Office Chair,Furniture,10,222.06,2042.95,CUST1279,Greater Accra,Mobile Money,Wholesale,0.08
2025-08-01,Smartphone,Electronics,3,520.91,1343.95,CUST1454,Northern,Cash,Retail,0.14
2025-08-02,Phone Case,Accessories,9,10.44,72.35,CUST1179,Greater Accra,Cash,Wholesale,0.23
2025-08-02,Headphones,Electronics,13,86.66,867.47,CUST1877,Greater Accra,Cash,Wholesale,0.23
2025-08-03,Desk Lamp,Furniture,1,61.65,58.57,CUST1994,Ashanti,Cash,Retail,0.05
2025-08-03,Desk Lamp,Furniture,6,47.02,253.91,CUST1366,Volta,Bank Transfer,Retail,0.1
2025-08-03,Smartphone,Electronics,1,931.68,894.41,CUST1620,Northern,Mobile Money,Retail,0.04
2025-08-04,Mouse,Accessories,2,17.49,27.63,CUST1235,Greater Accra,Mobile Money,Wholesale,0.21
2025-08-04,Tablet,Electronics,1,639.58,550.04,CUST1012,Central,Cash,Retail,0.14
2025-08-04,Mouse,Accessories,1,43.52,40.47,CUST1456,Ashanti,Mobile Money,Retail,0.07
2025-08-05,Office Chair,Furniture,2,323.73,608.61,CUST1366,Greater Accra,Mobile Money,Retail,0.06
2025-08-05,Phone Case,Accessories,6,37.53,200.41,CUST1623,Eastern,Mobile Money,Retail,0.11
2025-08-05,Tablet,Electronics,7,578.59,3726.12,CUST1923,Ashanti,Mobile Money,Retail,0.08
2025-08-05,USB Drive,Accessories,1,14.94,14.04,CUST1850,Central,Mobile Money,Retail,0.06
2025-08-05,Phone Case,Accessories,9,20.88,167.25,CUST1741,Central,Bank Transfer,Wholesale,0.11
2025-08-06,Keyboard,Accessories,3,100.3,276.83,CUST1267,Greater Accra,Bank Transfer,Retail,0.08
2025-08-06,Phone Case,Accessories,2,40.46,76.87,CUST1353,Greater Accra,Mobile Money,Retail,0.05
2025-08-06,Laptop,Electronics,7,1268.64,7903.63,CUST1140,Greater Accra,Card,Retail,0.11
2025-08-06,Keyboard,Accessories,2,66.6,114.55,CUST1203,Greater Accra,Mobile Money,Retail,0.14
2025-08-06,Office Chair,Furniture,6,187.73,991.21,CUST1734,Ashanti,Card,Retail,0.12
2025-08-07,Desk Lamp,Furniture,8,62.97,382.86,CUST1180,Volta,Mobile Money,Wholesale,0.24
2025-08-07,Smartphone,Electronics,1,944.39,897.17,CUST1181,Western,Card,Retail,0.05
2025-08-08,Keyboard,Accessories,3,62.2,162.34,CUST1007,Ashanti,Cash,Retail,0.13
2025-08-08,Printer,Electronics,13,387.25,4581.17,CUST1266,Northern,Card,Wholesale,0.09
2025-08-09,Phone Case,Accessories,7,22.7,144.6,CUST1972,Greater Accra,Bank Transfer,Wholesale,0.09
2025-08-09,Monitor,Electronics,3,367.89,971.23,CUST1789,Greater Accra,Mobile Money,Retail,0.12
2025-08-10,Phone Case,Accessories,1,24.8,23.56,CUST1791,Greater Accra,Mobile Money,Retail,0.05
2025-08-10,Tablet,Electronics,4,618.4,2448.86,CUST1587,Greater Accra,Card,Retail,0.01
2025-08-10,USB Drive,Accessories,1,18.92,16.46,CUST1012,Western,Mobile Money,Retail,0.13
2025-08-11,Webcam,Electronics,6,174.88,891.89,CUST1645,Greater Accra,Mobile Money,Retail,0.15
2025-08-11,Desk Lamp,Furniture,7,54.18,360.3,CUST1239,Northern,Card,Retail,0.05
2025-08-11,Laptop,Electronics,2,1228.12,2161.49,CUST1694,Greater Accra,Mobile Money,Retail,0.12
2025-08-12,USB Drive,Accessories,2,18.54,33.74,CUST1035,Greater Accra,Mobile Money,Retail,0.09
2025-08-12,Tablet,Electronics,2,605.97,1163.46,CUST1671,Northern,Card,Retail,0.04
2025-08-12,Mouse,Accessories,4,31.91,114.88,CUST1742,Bono,Card,Wholesale,0.1
2025-08-13,USB Drive,Accessories,1,13.5,11.74,CUST1243,Greater Accra,Cash,Retail,0.13
2025-08-14,Headphones,Electronics,2,153.13,263.38,CUST1373,Greater Accra,Bank Transfer,Retail,0.14
2025-08-14,USB Drive,Accessories,1,31.18,29.62,CUST1225,Western,Mobile Money,Retail,0.05
2025-08-14,Bookshelf,Furniture,1,252.86,237.69,CUST1645,Greater Accra,Card,Retail,0.06
2025-08-15,Phone Case,Accessories,3,24.46,71.18,CUST1335,Ashanti,Card,Retail,0.03
2025-08-15,USB Drive,Accessories,4,31.03,122.88,CUST1711,Western,Card,Retail,0.01
2025-08-15,Laptop,Electronics,1,939.97,817.77,CUST1243,Volta,Cash,Retail,0.13
2025-08-16,Keyboard,Accessories,5,33.68,161.66,CUST1441,Eastern,Mobile Money,Retail,0.04
2025-08-17,Office Chair,Furniture,1,313.94,307.66,CUST1528,Eastern,Cash,Retail,0.02
2025-08-17,Webcam,Electronics,2,141.71,277.75,CUST1203,Greater Accra,Mobile Money,Retail,0.02
2025-08-18,Phone Case,Accessories,1,43.63,39.7,CUST1697,Ashanti,Card,Retail,0.09
2025-08-18,Phone Case,Accessories,8,30.7,235.78,CUST1734,Greater Accra,Cash,Retail,0.04
2025-08-19,Desk Lamp,Furniture,3,29.02,78.35,CUST1531,Northern,Bank Transfer,Retail,0.1
2025-08-19,Headphones,Electronics,7,143.57,984.89,CUST1706,Ashanti,Mobile Money,Retail,0.02
2025-08-20,Mouse,Accessories,2,17.53,31.2,CUST1607,Western,Cash,Retail,0.11
2025-08-20,Desk,Furniture,7,212.12,1455.14,CUST1188,Bono,Cash,Retail,0.02
2025-08-20,USB Drive,Accessories,4,39.94,150.17,CUST1914,Ashanti,Cash,Retail,0.06
2025-08-21,Mouse,Accessories,11,36.02,360.56,CUST1185,Western,Card,Wholesale,0.09
2025-08-21,Smartphone,Electronics,2,570.02,1048.84,CUST1160,Ashanti,Mobile Money,Retail,0.08
2025-08-21,Desk Lamp,Furniture,2,78.11,135.91,CUST1808,Greater Accra,Bank Transfer,Retail,0.13
2025-08-22,Keyboard,Accessories,6,67.18,366.8,CUST1041,Volta,Cash,Retail,0.09
2025-08-22,Mouse,Accessories,1,48.47,44.11,CUST1492,Volta,Mobile Money,Retail,0.09
2025-08-22,Headphones,Electronics,2,146.18,286.51,CUST1875,Eastern,Mobile Money,Retail,0.02
2025-08-24,Keyboard,Accessories,1,111.2,105.64,CUST1651,Greater Accra,Cash,Retail,0.05
2025-08-24,Tablet,Electronics,2,644.88,1263.96,CUST1324,Greater Accra,Cash,Retail,0.02
2025-08-24,Laptop,Electronics,3,1210.65,3414.03,CUST1629,Bono,Mobile Money,Wholesale,0.06
2025-08-25,Mouse,Accessories,2,30.44,58.44,CUST1833,Eastern,Mobile Money,Retail,0.04
2025-08-25,Office Chair,Furniture,14,295.6,3807.33,CUST1193,Central,Mobile Money,Wholesale,0.08
2025-08-25,Desk Lamp,Furniture,1,39.63,38.44,CUST1648,Northern,Mobile Money,Retail,0.03
2025-08-25,Desk Lamp,Furniture,4,64.32,226.41,CUST1949,Greater Accra,Mobile Money,Retail,0.12
2025-08-26,Keyboard,Accessories,8,29.54,236.32,CUST1961,Greater Accra,Cash,Retail,0.0
2025-08-26,USB Drive,Accessories,1,31.4,29.2,CUST1462,Central,Mobile Money,Retail,0.07
2025-08-26,Mouse,Accessories,14,35.32,464.81,CUST1495,Greater Accra,Mobile Money,Wholesale,0.06
2025-08-26,USB Drive,Accessories,4,18.31,63.72,CUST1116,Greater Accra,Cash,Retail,0.13
2025-08-26,Laptop,Electronics,9,1450.09,11876.24,CUST1954,Northern,Mobile Money,Retail,0.09
2025-08-27,Bookshelf,Furniture,3,132.09,376.46,CUST1031,Greater Accra,Mobile Money,Retail,0.05
2025-08-27,USB Drive,Accessories,6,38.16,196.91,CUST1896,Eastern,Bank Transfer,Retail,0.14
2025-08-27,Monitor,Electronics,13,485.14,5676.14,CUST1833,Greater Accra,Mobile Money,Wholesale,0.1
2025-08-28,Mouse,Accessories,4,41.18,146.6,CUST1656,Greater Accra,Card,Retail,0.11
2025-08-28,Mouse,Accessories,2,49.93,96.86,CUST1388,Northern,Mobile Money,Retail,0.03
2025-08-28,Desk Lamp,Furniture,6,51.65,294.4,CUST1157,Greater Accra,Card,Wholesale,0.05
2025-08-28,Keyboard,Accessories,6,120.0,648.0,CUST1794,Western,Mobile Money,Wholesale,0.1
2025-08-29,Mouse,Accessories,4,26.6,90.44,CUST1952,Northern,Cash,Retail,0.15
2025-08-29,Smartphone,Electronics,4,702.23,2668.47,CUST1040,Eastern,Card,Retail,0.05
2025-08-29,USB Drive,Accessories,1,17.54,15.61,CUST1698,Ashanti,Bank Transfer,Retail,0.11
2025-08-31,Laptop,Electronics,1,1164.09,1140.81,CUST1364,Greater Accra,Cash,Retail,0.02
2025-08-31,Phone Case,Accessories,13,18.97,234.28,CUST1590,Greater Accra,Mobile Money,Wholesale,0.05
2025-09-01,Printer,Electronics,2,184.05,320.25,CUST1204,Greater Accra,Mobile Money,Retail,0.13
2025-09-01,Headphones,Electronics,1,152.56,119.0,CUST1565,Western,Mobile Money,Wholesale,0.22
2025-09-02,USB Drive,Accessories,2,22.33,41.98,CUST1261,Greater Accra,Bank Transfer,Retail,0.06
2025-09-02,Keyboard,Accessories,3,38.27,114.81,CUST1848,Eastern,Bank Transfer,Retail,0.0
2025-09-02,Headphones,Electronics,1,93.11,85.66,CUST1532,Greater Accra,Mobile Money,Retail,0.08
2025-09-03,Office Chair,Furniture,5,232.6,1058.33,CUST1923,Greater Accra,Cash,Retail,0.09
2025-09-03,Phone Case,Accessories,6,11.64,62.16,CUST1253,Western,Mobile Money,Wholesale,0.11
2025-09-04,Office Chair,Furniture,1,172.25,146.41,CUST1761,Greater Accra,Card,Retail,0.15
2025-09-04,Webcam,Electronics,10,72.2,592.04,CUST1252,Northern,Card,Wholesale,0.18
2025-09-05,Phone Case,Accessories,4,26.19,91.14,CUST1799,Greater Accra,Card,Retail,0.13
2025-09-05,Monitor,Electronics,5,213.32,1045.27,CUST1590,Ashanti,Card,Retail,0.02
2025-09-05,Tablet,Electronics,10,527.29,4429.24,CUST1280,Greater Accra,Mobile Money,Wholesale,0.16
2025-09-06,Phone Case,Accessories,7,28.84,195.82,CUST1044,Volta,Cash,Retail,0.03
2025-09-07,Phone Case,Accessories,7,29.88,179.88,CUST1895,Eastern,Card,Retail,0.14
2025-09-08,Smartphone,Electronics,9,1093.21,8855.0,CUST1714,Greater Accra,Cash,Wholesale,0.1
2025-09-08,Mouse,Accessories,7,45.57,258.38,CUST1511,Ashanti,Bank Transfer,Wholesale,0.19
2025-09-09,Bookshelf,Furniture,1,197.22,187.36,CUST1423,Central,Cash,Retail,0.05
2025-09-09,Desk,Furniture,6,496.28,2650.14,CUST1930,Greater Accra,Mobile Money,Retail,0.11
2025-09-09,Webcam,Electronics,3,130.12,339.61,CUST1426,Ashanti,Cash,Retail,0.13
2025-09-09,Webcam,Electronics,8,58.92,405.37,CUST1519,Ashanti,Mobile Money,Retail,0.14
2025-09-09,Keyboard,Accessories,1,119.58,108.82,CUST1430,Greater Accra,Mobile Money,Retail,0.09
2025-09-09,Bookshelf,Furniture,1,275.94,262.14,CUST1094,Greater Accra,Mobile Money,Retail,0.05
2025-09-10,Smartphone,Electronics,8,301.32,2169.5,CUST1775,Greater Accra,Card,Retail,0.1
2025-09-10,Office Chair,Furniture,1,127.46,124.91,CUST1180,Volta,Bank Transfer,Retail,0.02
2025-09-10,Mouse,Accessories,2,45.31,85.18,CUST1018,Bono,Bank Transfer,Retail,0.06
2025-09-10,Monitor,Electronics,3,481.52,1415.67,CUST1399,Greater Accra,Card,Retail,0.02
2025-09-10,Mouse,Accessories,1,44.44,43.11,CUST1847,Western,Card,Retail,0.03
2025-09-10,Monitor,Electronics,3,309.65,928.95,CUST1590,Central,Bank Transfer,Retail,0.0
2025-09-10,Smartphone,Electronics,10,1125.47,10579.42,CUST1029,Northern,Mobile Money,Retail,0.06
2025-09-10,Headphones,Electronics,3,102.16,294.22,CUST1970,Greater Accra,Mobile Money,Retail,0.04
2025-09-11,Desk Lamp,Furniture,7,25.88,159.42,CUST1519,Eastern,Mobile Money,Retail,0.12
2025-09-11,Mouse,Accessories,2,16.99,30.92,CUST1664,Volta,Bank Transfer,Retail,0.09
2025-09-11,Webcam,Electronics,9,102.51,802.65,CUST1245,Eastern,Mobile Money,Wholesale,0.13
2025-09-11,Phone Case,Accessories,12,42.87,457.85,CUST1909,Ashanti,Mobile Money,Wholesale,0.11
2025-09-12,Mouse,Accessories,3,38.77,98.86,CUST1492,Ashanti,Cash,Retail,0.15
2025-09-12,Bookshelf,Furniture,1,194.49,175.04,CUST1118,Western,Cash,Retail,0.1
2025-09-12,Headphones,Electronics,9,162.78,1303.87,CUST1171,Ashanti,Mobile Money,Wholesale,0.11
2025-09-12,Mouse,Accessories,10,37.66,308.81,CUST1650,Greater Accra,Mobile Money,Wholesale,0.18
2025-09-12,Mouse,Accessories,1,20.52,19.29,CUST1657,Greater Accra,Cash,Retail,0.06
2025-09-13,Laptop,Electronics,1,843.54,767.62,CUST1118,Bono,Card,Retail,0.09
2025-09-15,Bookshelf,Furniture,3,112.1,329.57,CUST1650,Central,Mobile Money,Retail,0.02
2025-09-16,Headphones,Electronics,2,99.63,171.36,CUST1241,Ashanti,Cash,Retail,0.14
2025-09-17,USB Drive,Accessories,3,32.03,84.56,CUST1346,Ashanti,Cash,Retail,0.12
2025-09-17,Tablet,Electronics,1,527.15,474.44,CUST1164,Bono,Mobile Money,Retail,0.1
2025-09-17,Headphones,Electronics,6,148.15,835.57,CUST1894,Greater Accra,Bank Transfer,Wholesale,0.06
2025-09-18,Mouse,Accessories,1,31.03,27.62,CUST1105,Ashanti,Mobile Money,Retail,0.11
2025-09-18,Webcam,Electronics,5,162.48,763.66,CUST1830,Ashanti,Cash,Retail,0.06
2025-09-18,Desk Lamp,Furniture,2,71.41,135.68,CUST1159,Greater Accra,Mobile Money,Retail,0.05
2025-09-19,Keyboard,Accessories,1,59.24,52.13,CUST1429,Greater Accra,Mobile Money,Retail,0.12
2025-09-19,Bookshelf,Furniture,8,295.33,2173.63,CUST1863,Greater Accra,Mobile Money,Wholesale,0.08
2025-09-20,Desk Lamp,Furniture,5,47.87,208.23,CUST1370,Ashanti,Cash,Retail,0.13
2025-09-20,USB Drive,Accessories,2,20.05,35.69,CUST1585,Ashanti,Mobile Money,Retail,0.11
2025-09-20,Phone Case,Accessories,3,34.13,90.1,CUST1128,Greater Accra,Mobile Money,Retail,0.12
2025-09-20,Phone Case,Accessories,2,33.93,61.75,CUST1204,Ashanti,Mobile Money,Retail,0.09
2025-09-20,Printer,Electronics,2,546.83,1017.1,CUST1799,Greater Accra,Card,Retail,0.07
2025-09-20,Laptop,Electronics,1,901.22,775.05,CUST1290,Greater Accra,Cash,Retail,0.14
2025-09-21,Keyboard,Accessories,4,83.38,306.84,CUST1146,Northern,Cash,Retail,0.08
2025-09-21,Mouse,Accessories,1,44.99,44.09,CUST1261,Greater Accra,Card,Retail,0.02
2025-09-22,Smartphone,Electronics,1,385.65,370.22,CUST1694,Western,Mobile Money,Retail,0.04
2025-09-22,Headphones,Electronics,4,63.83,250.21,CUST1382,Central,Mobile Money,Retail,0.02
2025-09-22,Phone Case,Accessories,7,20.15,108.61,CUST1175,Volta,Cash,Wholesale,0.23
2025-09-22,Phone Case,Accessories,3,36.39,99.34,CUST1641,Greater Accra,Mobile Money,Retail,0.09
2025-09-22,Smartphone,Electronics,1,582.2,518.16,CUST1053,Central,Card,Retail,0.11
2025-09-22,Printer,Electronics,1,248.33,240.88,CUST1045,Ashanti,Card,Retail,0.03
2025-09-23,Mouse,Accessories,4,25.43,90.53,CUST1514,Bono,Cash,Retail,0.11
2025-09-23,Keyboard,Accessories,4,53.87,200.4,CUST1701,Eastern,Cash,Retail,0.07
2025-09-23,Monitor,Electronics,2,305.75,550.35,CUST1623,Ashanti,Mobile Money,Retail,0.1
2025-09-23,Laptop,Electronics,2,1269.32,2284.78,CUST1718,Ashanti,Cash,Retail,0.1
2025-09-24,Phone Case,Accessories,6,11.42,52.08,CUST1661,Greater Accra,Cash,Wholesale,0.24
2025-09-24,Monitor,Electronics,1,242.62,220.78,CUST1694,Greater Accra,Cash,Retail,0.09
2025-09-24,Monitor,Electronics,4,436.65,1519.54,CUST1370,Northern,Mobile Money,Retail,0.13
2025-09-25,Phone Case,Accessories,1,21.18,18.85,CUST1849,Ashanti,Mobile Money,Retail,0.11
2025-09-25,Phone Case,Accessories,1,15.8,13.75,CUST1736,Northern,Cash,Retail,0.13
2025-09-25,Office Chair,Furniture,4,281.12,1000.79,CUST1053,Eastern,Bank Transfer,Retail,0.11
2025-09-25,Office Chair,Furniture,4,147.64,525.6,CUST1484,Volta,Mobile Money,Retail,0.11
2025-09-25,Bookshelf,Furniture,1,134.6,123.83,CUST1722,Greater Accra,Mobile Money,Retail,0.08
2025-09-25,Monitor,Electronics,1,225.02,202.52,CUST1611,Eastern,Mobile Money,Retail,0.1
2025-09-26,Smartphone,Electronics,2,553.3,1018.07,CUST1445,Greater Accra,Mobile Money,Retail,0.08
2025-09-26,Bookshelf,Furniture,11,146.93,1406.12,CUST1303,Ashanti,Card,Retail,0.13
2025-09-26,Mouse,Accessories,1,19.96,19.76,CUST1305,Ashanti,Card,Retail,0.01
2025-09-27,Desk Lamp,Furniture,1,59.65,56.67,CUST1218,Eastern,Cash,Retail,0.05
2025-09-28,Tablet,Electronics,3,505.1,1348.62,CUST1441,Greater Accra,Mobile Money,Retail,0.11
2025-09-29,Headphones,Electronics,1,141.53,123.13,CUST1473,Greater Accra,Mobile Money,Retail,0.13
2025-09-29,Monitor,Electronics,11,240.75,2383.43,CUST1170,Western,Mobile Money,Wholesale,0.1
2025-09-29,USB Drive,Accessories,3,37.15,101.42,CUST1228,Greater Accra,Card,Retail,0.09
2025-09-30,Phone Case,Accessories,1,18.3,16.29,CUST1328,Greater Accra,Card,Retail,0.11
2025-09-30,Tablet,Electronics,8,371.23,2524.36,CUST1083,Greater Accra,Mobile Money,Retail,0.15
2025-09-30,Phone Case,Accessories,8,23.49,174.77,CUST1286,Ashanti,Cash,Retail,0.07
2025-09-30,Laptop,Electronics,8,1244.11,7564.19,CUST1559,Greater Accra,Mobile Money,Wholesale,0.24
2025-10-01,Office Chair,Furniture,4,225.97,804.45,CUST1697,Greater Accra,Mobile Money,Retail,0.11
2025-10-01,Mouse,Accessories,3,38.75,103.46,CUST1837,Greater Accra,Cash,Retail,0.11
2025-10-01,Tablet,Electronics,2,478.39,832.4,CUST1039,Ashanti,Mobile Money,Retail,0.13
2025-10-01,Headphones,Electronics,4,162.06,615.83,CUST1299,Greater Accra,Mobile Money,Retail,0.05
2025-10-01,Phone Case,Accessories,2,44.41,80.83,CUST1287,Central,Card,Retail,0.09
2025-10-01,USB Drive,Accessories,14,38.68,449.46,CUST1898,Ashanti,Card,Wholesale,0.17
2025-10-02,Headphones,Electronics,2,75.41,129.71,CUST1425,Greater Accra,Mobile Money,Retail,0.14
2025-10-02,Mouse,Accessories,11,46.45,505.84,CUST1087,Northern,Cash,Retail,0.01
2025-10-02,Smartphone,Electronics,7,1128.79,7822.51,CUST1425,Greater Accra,Mobile Money,Retail,0.01
2025-10-03,Smartphone,Electronics,6,1107.18,6310.93,CUST1518,Central,Mobile Money,Retail,0.05
2025-10-03,USB Drive,Accessories,11,12.67,112.89,CUST1933,Central,Mobile Money,Wholesale,0.19
2025-10-03,Webcam,Electronics,3,65.65,183.16,CUST1533,Central,Card,Retail,0.07
2025-10-06,Laptop,Electronics,8,1458.08,10848.12,CUST1398,Greater Accra,Card,Retail,0.07
2025-10-06,USB Drive,Accessories,1,14.26,13.97,CUST1237,Greater Accra,Cash,Retail,0.02
2025-10-06,Printer,Electronics,1,465.89,428.62,CUST1283,Western,Cash,Retail,0.08
2025-10-06,USB Drive,Accessories,6,27.06,142.88,CUST1168,Eastern,Mobile Money,Retail,0.12
2025-10-06,Mouse,Accessories,4,39.76,155.86,CUST1357,Greater Accra,Card,Retail,0.02
2025-10-07,USB Drive,Accessories,6,32.32,168.71,CUST1184,Western,Cash,Wholesale,0.13
2025-10-07,Mouse,Accessories,2,46.14,91.36,CUST1518,Western,Cash,Retail,0.01
2025-10-07,Bookshelf,Furniture,5,295.01,1312.79,CUST1450,Eastern,Mobile Money,Retail,0.11
2025-10-08,Phone Case,Accessories,5,10.74,43.5,CUST1153,Ashanti,Cash,Wholesale,0.19
2025-10-08,Keyboard,Accessories,1,110.72,98.54,CUST1483,Greater Accra,Cash,Retail,0.11
2025-10-08,Keyboard,Accessories,1,90.39,89.49,CUST1729,Greater Accra,Card,Retail,0.01
2025-10-08,Smartphone,Electronics,1,527.24,485.06,CUST1242,Bono,Cash,Retail,0.08
2025-10-09,Desk,Furniture,2,244.72,435.6,CUST1055,Greater Accra,Bank Transfer,Retail,0.11
2025-10-12,Keyboard,Accessories,3,113.9,314.36,CUST1919,Eastern,Card,Retail,0.08
2025-10-12,Phone Case,Accessories,4,27.48,104.42,CUST1109,Western,Mobile Money,Retail,0.05
2025-10-12,Phone Case,Accessories,8,41.45,281.86,CUST1588,Northern,Mobile Money,Wholesale,0.15
2025-10-13,Phone Case,Accessories,1,37.62,32.35,CUST1239,Greater Accra,Cash,Retail,0.14
2025-10-13,Smartphone,Electronics,3,379.95,1094.26,CUST1311,Northern,Mobile Money,Retail,0.04
2025-10-13,Webcam,Electronics,7,81.04,516.22,CUST1904,Northern,Cash,Retail,0.09
2025-10-13,Keyboard,Accessories,4,98.85,375.63,CUST1159,Eastern,Mobile Money,Retail,0.05
2025-10-14,Office Chair,Furniture,3,289.59,764.52,CUST1110,Greater Accra,Bank Transfer,Retail,0.12
2025-10-14,Keyboard,Accessories,5,81.96,397.51,CUST1809,Northern,Card,Retail,0.03
2025-10-14,USB Drive,Accessories,12,30.9,344.84,CUST1407,Greater Accra,Mobile Money,Wholesale,0.07
2025-10-14,Keyboard,Accessories,1,89.04,84.59,CUST1339,Bono,Bank Transfer,Retail,0.05
2025-10-15,Webcam,Electronics,2,58.92,108.41,CUST1580,Greater Accra,Card,Retail,0.08
2025-10-15,Headphones,Electronics,5,100.8,483.84,CUST1814,Western,Mobile Money,Retail,0.04
2025-10-15,Laptop,Electronics,4,1383.09,5200.42,CUST1123,Northern,Mobile Money,Wholesale,0.06
2025-10-15,USB Drive,Accessories,2,26.51,47.72,CUST1861,Bono,Card,Retail,0.1
2025-10-15,Desk,Furniture,1,429.81,425.51,CUST1901,Greater Accra,Cash,Retail,0.01
2025-10-15,Laptop,Electronics,3,1204.32,3143.28,CUST1590,Greater Accra,Mobile Money,Retail,0.13
2025-10-15,Headphones,Electronics,4,169.1,669.64,CUST1499,Greater Accra,Card,Retail,0.01
2025-10-15,Laptop,Electronics,3,1238.92,3642.42,CUST1320,Ashanti,Cash,Retail,0.02
2025-10-16,USB Drive,Accessories,1,34.15,33.13,CUST1102,Ashanti,Card,Retail,0.03
2025-10-16,Monitor,Electronics,6,400.85,2260.79,CUST1538,Eastern,Cash,Wholesale,0.06
2025-10-16,USB Drive,Accessories,14,10.09,132.78,CUST1752,Northern,Cash,Wholesale,0.06
2025-10-16,Smartphone,Electronics,11,712.28,7051.57,CUST1170,Volta,Cash,Retail,0.1
2025-10-16,USB Drive,Accessories,4,37.04,136.31,CUST1017,Central,Cash,Retail,0.08
2025-10-16,USB Drive,Accessories,8,36.99,287.04,CUST1736,Ashanti,Cash,Retail,0.03
2025-10-16,Bookshelf,Furniture,2,158.93,311.5,CUST1580,Greater Accra,Cash,Retail,0.02
2025-10-16,Desk Lamp,Furniture,5,28.32,131.69,CUST1078,Eastern,Bank Transfer,Wholesale,0.07
2025-10-17,Bookshelf,Furniture,7,233.92,1391.82,CUST1201,Greater Accra,Mobile Money,Retail,0.15
2025-10-17,Desk,Furniture,8,231.72,1668.38,CUST1689,Volta,Mobile Money,Wholesale,0.1
2025-10-17,Phone Case,Accessories,1,24.74,23.01,CUST1345,Ashanti,Mobile Money,Retail,0.07
2025-10-17,Printer,Electronics,3,174.68,513.56,CUST1763,Western,Cash,Retail,0.02
2025-10-17,Headphones,Electronics,1,172.86,153.85,CUST1293,Greater Accra,Mobile Money,Retail,0.11
2025-10-17,Smartphone,Electronics,3,633.32,1728.96,CUST1431,Bono,Cash,Retail,0.09
2025-10-17,Desk Lamp,Furniture,2,33.03,63.42,CUST1026,Volta,Mobile Money,Retail,0.04
2025-10-20,Monitor,Electronics,1,247.03,234.68,CUST1532,Volta,Bank Transfer,Retail,0.05
2025-10-20,Headphones,Electronics,3,69.32,207.96,CUST1076,Greater Accra,Card,Retail,0.0
2025-10-20,Desk Lamp,Furniture,3,56.91,169.02,CUST1232,Western,Mobile Money,Retail,0.01
2025-10-20,Phone Case,Accessories,9,14.41,127.1,CUST1881,Eastern,Mobile Money,Retail,0.02
2025-10-21,Desk,Furniture,7,581.19,3986.96,CUST1326,Greater Accra,Card,Retail,0.02
2025-10-21,Headphones,Electronics,3,61.81,163.18,CUST1699,Greater Accra,Mobile Money,Retail,0.12
2025-10-21,Phone Case,Accessories,2,10.61,19.1,CUST1577,Greater Accra,Cash,Retail,0.1
2025-10-21,Monitor,Electronics,6,276.38,1509.03,CUST1829,Northern,Card,Retail,0.09
2025-10-21,Smartphone,Electronics,3,1176.47,3352.94,CUST1635,Northern,Bank Transfer,Retail,0.05
2025-10-22,Monitor,Electronics,5,268.54,1329.27,CUST1519,Greater Accra,Mobile Money,Retail,0.01
2025-10-23,Keyboard,Accessories,4,70.47,248.05,CUST1212,Greater Accra,Mobile Money,Retail,0.12
2025-10-23,USB Drive,Accessories,1,18.33,16.68,CUST1532,Ashanti,Cash,Retail,0.09
2025-10-23,Desk Lamp,Furniture,4,40.61,149.44,CUST1897,Central,Mobile Money,Retail,0.08
2025-10-23,Monitor,Electronics,1,267.59,264.91,CUST1280,Greater Accra,Bank Transfer,Retail,0.01
2025-10-24,Monitor,Electronics,5,199.36,877.18,CUST1726,Northern,Mobile Money,Retail,0.12
2025-10-24,Printer,Electronics,1,204.92,176.23,CUST1191,Greater Accra,Card,Retail,0.14
2025-10-24,Desk,Furniture,9,394.48,2769.25,CUST1415,Greater Accra,Card,Wholesale,0.22
2025-10-24,Headphones,Electronics,1,57.91,52.7,CUST1813,Greater Accra,Bank Transfer,Retail,0.09
2025-10-24,Monitor,Electronics,3,283.71,731.97,CUST1384,Bono,Cash,Wholesale,0.14
2025-10-24,Office Chair,Furniture,2,327.21,569.35,CUST1988,Eastern,Cash,Retail,0.13
2025-10-26,Smartphone,Electronics,2,801.69,1571.31,CUST1078,Greater Accra,Mobile Money,Retail,0.02
2025-10-26,Phone Case,Accessories,4,17.06,62.1,CUST1247,Greater Accra,Bank Transfer,Retail,0.09
2025-10-27,USB Drive,Accessories,2,35.31,69.21,CUST1864,Greater Accra,Cash,Retail,0.02
2025-10-28,Office Chair,Furniture,3,192.83,497.5,CUST1652,Greater Accra,Mobile Money,Retail,0.14
2025-10-28,Headphones,Electronics,3,95.05,250.93,CUST1399,Greater Accra,Bank Transfer,Retail,0.12
2025-10-29,Phone Case,Accessories,2,18.37,32.7,CUST1843,Greater Accra,Mobile Money,Retail,0.11
2025-10-29,Office Chair,Furniture,7,282.93,1524.99,CUST1889,Greater Accra,Bank Transfer,Wholesale,0.23
2025-10-29,Webcam,Electronics,3,67.01,178.92,CUST1351,Greater Accra,Mobile Money,Retail,0.11
2025-10-29,Mouse,Accessories,4,34.71,119.4,CUST1690,Northern,Bank Transfer,Retail,0.14
2025-10-29,Desk,Furniture,10,493.46,4638.52,CUST1491,Greater Accra,Mobile Money,Retail,0.06
2025-10-30,Desk,Furniture,1,439.8,426.61,CUST1285,Central,Mobile Money,Retail,0.03
2025-10-30,Mouse,Accessories,1,38.63,38.63,CUST1509,Northern,Cash,Retail,0.0
2025-10-31,Headphones,Electronics,2,173.28,343.09,CUST1521,Greater Accra,Mobile Money,Retail,0.01
2025-10-31,Desk Lamp,Furniture,8,59.87,431.06,CUST1638,Greater Accra,Card,Wholesale,0.1
2025-11-01,Monitor,Electronics,4,252.43,969.33,CUST1811,Greater Accra,Mobile Money,Retail,0.04
2025-11-01,Monitor,Electronics,3,354.18,1020.04,CUST1760,Central,Bank Transfer,Retail,0.04
2025-11-01,USB Drive,Accessories,4,24.24,92.11,CUST1414,Greater Accra,Mobile Money,Retail,0.05
2025-11-02,Desk Lamp,Furniture,6,31.37,176.93,CUST1323,Central,Bank Transfer,Retail,0.06
2025-11-02,Mouse,Accessories,3,26.26,70.9,CUST1857,Volta,Card,Retail,0.1
2025-11-02,Monitor,Electronics,2,221.24,393.81,CUST1110,Greater Accra,Cash,Retail,0.11
2025-11-02,Mouse,Accessories,5,42.14,195.95,CUST1577,Ashanti,Mobile Money,Retail,0.07
2025-11-03,Phone Case,Accessories,4,18.54,69.71,CUST1557,Western,Card,Retail,0.06
2025-11-03,Monitor,Electronics,6,339.92,1815.17,CUST1425,Greater Accra,Bank Transfer,Retail,0.11
2025-11-03,Smartphone,Electronics,7,939.06,5784.61,CUST1913,Greater Accra,Mobile Money,Wholesale,0.12
2025-11-03,Keyboard,Accessories,2,94.16,180.79,CUST1170,Ashanti,Mobile Money,Retail,0.04
2025-11-04,Phone Case,Accessories,2,37.83,68.85,CUST1814,Western,Bank Transfer,Retail,0.09
2025-11-04,Webcam,Electronics,4,54.71,199.14,CUST1496,Northern,Bank Transfer,Retail,0.09
2025-11-04,Phone Case,Accessories,6,31.45,184.93,CUST1093,Ashanti,Cash,Retail,0.02
2025-11-04,USB Drive,Accessories,2,13.23,23.02,CUST1112,Greater Accra,Mobile Money,Retail,0.13
2025-11-05,Monitor,Electronics,2,205.71,366.16,CUST1708,Western,Mobile Money,Retail,0.11
2025-11-05,Phone Case,Accessories,2,38.78,70.58,CUST1397,Central,Cash,Retail,0.09
2025-11-05,Webcam,Electronics,4,47.11,177.13,CUST1756,Greater Accra,Card,Retail,0.06
2025-11-05,Tablet,Electronics,8,257.27,1584.78,CUST1184,Central,Mobile Money,Wholesale,0.23
2025-11-06,Printer,Electronics,1,197.89,195.91,CUST1972,Greater Accra,Mobile Money,Retail,0.01
2025-11-06,Webcam,Electronics,6,147.74,850.98,CUST1639,Central,Cash,Retail,0.04
2025-11-06,Phone Case,Accessories,5,24.26,115.23,CUST1265,Ashanti,Mobile Money,Retail,0.05
2025-11-06,Phone Case,Accessories,6,31.0,178.56,CUST1357,Bono,Cash,Retail,0.04
2025-11-07,Monitor,Electronics,3,367.03,1090.08,CUST1121,Greater Accra,Card,Retail,0.01
2025-11-07,Desk Lamp,Furniture,1,48.62,41.81,CUST1441,Northern,Mobile Money,Retail,0.14
2025-11-08,USB Drive,Accessories,6,17.46,83.81,CUST1622,Northern,Bank Transfer,Wholesale,0.2
2025-11-08,Keyboard,Accessories,6,72.39,421.31,CUST1759,Greater Accra,Cash,Retail,0.03
2025-11-08,USB Drive,Accessories,2,16.01,27.54,CUST1106,Greater Accra,Card,Retail,0.14
2025-11-08,Keyboard,Accessories,2,57.72,107.36,CUST1090,Volta,Bank Transfer,Retail,0.07
2025-11-09,USB Drive,Accessories,2,17.96,31.97,CUST1853,Northern,Cash,Retail,0.11
2025-11-10,Monitor,Electronics,5,248.3,1104.93,CUST1109,Western,Cash,Retail,0.11
2025-11-10,Desk,Furniture,10,308.41,2806.53,CUST1258,Central,Cash,Wholesale,0.09
2025-11-10,Headphones,Electronics,3,80.59,210.34,CUST1744,Greater Accra,Cash,Retail,0.13
2025-11-10,Monitor,Electronics,6,280.92,1668.66,CUST1529,Central,Card,Retail,0.01
2025-11-10,Laptop,Electronics,8,1136.22,8089.89,CUST1837,Eastern,Card,Retail,0.11
2025-11-11,Desk Lamp,Furniture,1,64.38,62.45,CUST1477,Western,Cash,Retail,0.03
2025-11-11,Bookshelf,Furniture,4,231.95,835.02,CUST1363,Eastern,Cash,Retail,0.1
2025-11-11,Webcam,Electronics,2,77.48,148.76,CUST1069,Greater Accra,Cash,Retail,0.04
2025-11-11,Mouse,Accessories,11,44.51,372.1,CUST1493,Greater Accra,Card,Wholesale,0.24
2025-11-11,Phone Case,Accessories,6,17.34,99.88,CUST1379,Greater Accra,Mobile Money,Retail,0.04
2025-11-11,Laptop,Electronics,4,1335.99,5183.64,CUST1474,Ashanti,Cash,Retail,0.03
2025-11-11,Mouse,Accessories,1,47.15,40.55,CUST1397,Eastern,Card,Retail,0.14
2025-11-11,Office Chair,Furniture,3,171.21,487.95,CUST1679,Bono,Mobile Money,Retail,0.05
2025-11-11,Keyboard,Accessories,4,71.27,273.68,CUST1984,Ashanti,Bank Transfer,Retail,0.04
2025-11-11,Tablet,Electronics,4,337.05,1199.9,CUST1879,Greater Accra,Mobile Money,Retail,0.11
2025-11-11,Mouse,Accessories,1,21.7,19.96,CUST1509,Greater Accra,Card,Retail,0.08
2025-11-11,Mouse,Accessories,5,20.63,101.09,CUST1085,Eastern,Mobile Money,Retail,0.02
2025-11-11,Tablet,Electronics,11,334.92,3168.34,CUST1096,Greater Accra,Card,Retail,0.14
2025-11-12,Phone Case,Accessories,1,10.49,8.92,CUST1341,Western,Mobile Money,Wholesale,0.15
2025-11-12,Smartphone,Electronics,8,1152.46,8389.91,CUST1518,Ashanti,Card,Retail,0.09
2025-11-12,Smartphone,Electronics,8,641.23,4001.28,CUST1169,Volta,Cash,Wholesale,0.22
2025-11-12,Desk Lamp,Furniture,1,31.67,28.82,CUST1265,Greater Accra,Cash,Retail,0.09
2025-11-12,Office Chair,Furniture,1,292.73,292.73,CUST1942,Greater Accra,Mobile Money,Retail,0.0
2025-11-12,USB Drive,Accessories,7,39.59,257.73,CUST1154,Ashanti,Mobile Money,Retail,0.07
2025-11-13,Mouse,Accessories,5,15.81,74.31,CUST1777,Greater Accra,Cash,Retail,0.06
2025-11-13,USB Drive,Accessories,1,33.19,32.53,CUST1196,Ashanti,Mobile Money,Retail,0.02
2025-11-13,Keyboard,Accessories,5,66.87,304.26,CUST1251,Central,Cash,Retail,0.09
2025-11-13,Mouse,Accessories,4,15.31,54.5,CUST1802,Ashanti,Card,Retail,0.11
2025-11-13,Mouse,Accessories,3,35.88,100.11,CUST1633,Ashanti,Mobile Money,Retail,0.07
2025-11-13,USB Drive,Accessories,1,11.8,10.74,CUST1907,Ashanti,Mobile Money,Retail,0.09
2025-11-14,Office Chair,Furniture,5,129.73,570.81,CUST1876,Greater Accra,Card,Retail,0.12
2025-11-14,Monitor,Electronics,2,244.6,406.04,CUST1600,Greater Accra,Mobile Money,Wholesale,0.17
2025-11-14,Mouse,Accessories,1,25.7,23.39,CUST1808,Ashanti,Card,Retail,0.09
2025-11-14,Headphones,Electronics,2,131.94,237.49,CUST1891,Greater Accra,Mobile Money,Retail,0.1
2025-11-15,USB Drive,Accessories,1,20.73,19.28,CUST1509,Western,Bank Transfer,Retail,0.07
2025-11-15,Mouse,Accessories,3,29.13,85.64,CUST1866,Bono,Mobile Money,Retail,0.02
2025-11-16,Monitor,Electronics,1,451.23,428.67,CUST1963,Greater Accra,Mobile Money,Retail,0.05
2025-11-16,Headphones,Electronics,10,82.39,741.51,CUST1515,Ashanti,Mobile Money,Retail,0.1
2025-11-17,Mouse,Accessories,2,29.61,54.48,CUST1473,Greater Accra,Bank Transfer,Retail,0.08
2025-11-17,Printer,Electronics,4,176.28,676.92,CUST1054,Greater Accra,Mobile Money,Retail,0.04
2025-11-17,USB Drive,Accessories,10,16.01,129.68,CUST1368,Ashanti,Mobile Money,Wholesale,0.19
2025-11-17,USB Drive,Accessories,2,37.05,68.17,CUST1247,Central,Mobile Money,Retail,0.08
2025-11-17,Monitor,Electronics,7,430.47,2922.89,CUST1405,Western,Mobile Money,Retail,0.03
2025-11-18,Bookshelf,Furniture,1,253.14,232.89,CUST1958,Ashanti,Mobile Money,Retail,0.08
2025-11-18,Bookshelf,Furniture,8,260.72,1918.9,CUST1434,Central,Mobile Money,Wholesale,0.08
2025-11-19,Phone Case,Accessories,2,25.09,44.66,CUST1491,Ashanti,Mobile Money,Retail,0.11
2025-11-19,Office Chair,Furniture,7,237.68,1497.38,CUST1102,Central,Mobile Money,Wholesale,0.1
2025-11-19,Keyboard,Accessories,11,82.58,817.54,CUST1220,Greater Accra,Mobile Money,Wholesale,0.1
2025-11-19,Monitor,Electronics,3,316.66,835.98,CUST1609,Greater Accra,Mobile Money,Retail,0.12
2025-11-19,Desk Lamp,Furniture,8,66.76,480.67,CUST1498,Greater Accra,Cash,Wholesale,0.1
2025-11-19,Headphones,Electronics,8,82.7,509.43,CUST1884,Greater Accra,Mobile Money,Wholesale,0.23
2025-11-19,Phone Case,Accessories,9,18.08,135.06,CUST1033,Central,Bank Transfer,Wholesale,0.17
2025-11-19,Desk Lamp,Furniture,1,29.47,25.93,CUST1418,Eastern,Bank Transfer,Retail,0.12
2025-11-19,Monitor,Electronics,7,181.31,1129.56,CUST1397,Ashanti,Mobile Money,Wholesale,0.11
2025-11-19,Office Chair,Furniture,7,255.39,1340.8,CUST1684,Bono,Card,Wholesale,0.25
2025-11-19,Laptop,Electronics,2,1127.35,2006.68,CUST1166,Greater Accra,Cash,Retail,0.11
2025-11-20,Desk Lamp,Furniture,2,59.32,103.22,CUST1399,Greater Accra,Card,Retail,0.13
2025-11-20,Mouse,Accessories,12,25.82,263.36,CUST1334,Greater Accra,Cash,Wholesale,0.15
2025-11-20,Office Chair,Furniture,1,345.56,314.46,CUST1100,Greater Accra,Mobile Money,Retail,0.09
2025-11-20,Mouse,Accessories,1,43.48,41.74,CUST1356,Ashanti,Card,Retail,0.04
2025-11-20,Tablet,Electronics,1,244.75,222.72,CUST1909,Western,Cash,Retail,0.09
2025-11-20,Bookshelf,Furniture,6,137.79,777.14,CUST1565,Eastern,Card,Retail,0.06
2025-11-20,Mouse,Accessories,1,18.45,18.27,CUST1805,Central,Cash,Retail,0.01
2025-11-21,Monitor,Electronics,1,209.9,201.5,CUST1457,Western,Cash,Retail,0.04
2025-11-22,Keyboard,Accessories,3,115.74,343.75,CUST1014,Greater Accra,Mobile Money,Retail,0.01
2025-11-22,Headphones,Electronics,2,88.24,167.66,CUST1392,Eastern,Mobile Money,Retail,0.05
2025-11-22,Smartphone,Electronics,1,870.68,801.03,CUST1207,Western,Mobile Money,Retail,0.08
2025-11-22,USB Drive,Accessories,3,20.85,59.42,CUST1036,Greater Accra,Mobile Money,Retail,0.05
2025-11-23,Phone Case,Accessories,2,26.02,46.32,CUST1246,Eastern,Cash,Retail,0.11
2025-11-23,Mouse,Accessories,6,37.99,221.1,CUST1664,Bono,Bank Transfer,Retail,0.03
2025-11-24,Webcam,Electronics,5,163.2,701.76,CUST1867,Greater Accra,Mobile Money,Retail,0.14
2025-11-24,Laptop,Electronics,3,1088.81,2972.45,CUST1888,Bono,Mobile Money,Retail,0.09
2025-11-24,Tablet,Electronics,9,578.55,4738.32,CUST1041,Ashanti,Cash,Retail,0.09
2025-11-25,Smartphone,Electronics,2,888.75,1510.88,CUST1253,Northern,Bank Transfer,Retail,0.15
2025-11-25,Mouse,Accessories,7,22.42,122.41,CUST1618,Volta,Mobile Money,Wholesale,0.22
2025-11-25,Smartphone,Electronics,3,1074.45,2868.78,CUST1831,Western,Cash,Retail,0.11
2025-11-25,Smartphone,Electronics,6,614.33,2985.64,CUST1222,Greater Accra,Mobile Money,Wholesale,0.19
2025-11-25,Smartphone,Electronics,1,472.02,410.66,CUST1961,Volta,Bank Transfer,Retail,0.13
2025-11-25,Phone Case,Accessories,1,24.15,23.67,CUST1819,Eastern,Mobile Money,Retail,0.02
2025-11-26,USB Drive,Accessories,11,23.67,229.13,CUST1817,Greater Accra,Mobile Money,Wholesale,0.12
2025-11-26,Desk,Furniture,4,277.02,986.19,CUST1704,Greater Accra,Card,Retail,0.11
2025-11-26,Desk Lamp,Furniture,4,54.66,209.89,CUST1007,Greater Accra,Mobile Money,Retail,0.04
2025-11-26,Bookshelf,Furniture,7,213.08,1282.74,CUST1640,Eastern,Cash,Retail,0.14
2025-11-26,Webcam,Electronics,5,133.32,666.6,CUST1331,Greater Accra,Mobile Money,Retail,0.0
2025-11-26,Webcam,Electronics,2,89.4,160.92,CUST1856,Greater Accra,Mobile Money,Retail,0.1
2025-11-26,Office Chair,Furniture,2,305.53,531.62,CUST1079,Greater Accra,Mobile Money,Retail,0.13
2025-11-26,Phone Case,Accessories,7,13.68,73.74,CUST1357,Ashanti,Mobile Money,Wholesale,0.23
2025-11-27,USB Drive,Accessories,4,10.85,40.8,CUST1035,Eastern,Bank Transfer,Retail,0.06
2025-11-27,Phone Case,Accessories,2,35.51,63.21,CUST1005,Western,Bank Transfer,Retail,0.11
2025-11-28,Headphones,Electronics,1,125.01,116.26,CUST1444,Eastern,Cash,Retail,0.07
2025-11-28,Desk Lamp,Furniture,6,71.5,407.55,CUST1274,Ashanti,Cash,Retail,0.05
2025-11-29,Webcam,Electronics,1,107.32,97.66,CUST1411,Ashanti,Card,Retail,0.09
2025-11-30,Desk Lamp,Furniture,1,48.02,43.22,CUST1504,Greater Accra,Card,Retail,0.1
2025-11-30,Webcam,Electronics,1,120.45,103.59,CUST1938,Western,Cash,Retail,0.14
2025-12-01,Headphones,Electronics,3,57.23,166.54,CUST1157,Ashanti,Mobile Money,Retail,0.03
2025-12-01,Desk,Furniture,9,205.95,1649.66,CUST1596,Greater Accra,Mobile Money,Wholesale,0.11
2025-12-01,USB Drive,Accessories,1,22.74,20.92,CUST1844,Western,Mobile Money,Retail,0.08
2025-12-01,Office Chair,Furniture,2,185.38,337.39,CUST1145,Bono,Card,Retail,0.09
2025-12-01,USB Drive,Accessories,13,36.42,430.85,CUST1380,Bono,Mobile Money,Wholesale,0.09
2025-12-01,Headphones,Electronics,3,157.54,425.36,CUST1071,Ashanti,Bank Transfer,Retail,0.1
2025-12-01,Phone Case,Accessories,3,40.97,122.91,CUST1860,Greater Accra,Card,Retail,0.0
2025-12-01,Mouse,Accessories,3,48.3,137.65,CUST1026,Ashanti,Mobile Money,Retail,0.05
2025-12-01,Headphones,Electronics,2,58.83,114.13,CUST1611,Northern,Cash,Retail,0.03
2025-12-01,Headphones,Electronics,2,157.93,271.64,CUST1267,Greater Accra,Bank Transfer,Retail,0.14
2025-12-01,Printer,Electronics,10,446.32,4195.41,CUST1782,Central,Card,Wholesale,0.06
2025-12-01,Mouse,Accessories,2,22.74,43.66,CUST1466,Eastern,Bank Transfer,Retail,0.04
2025-12-02,USB Drive,Accessories,7,25.54,171.63,CUST1639,Greater Accra,Card,Retail,0.04
2025-12-02,Webcam,Electronics,6,171.69,885.92,CUST1334,Ashanti,Bank Transfer,Retail,0.14
2025-12-02,Smartphone,Electronics,3,879.16,2637.48,CUST1665,Greater Accra,Mobile Money,Retail,0.0
2025-12-02,USB Drive,Accessories,3,27.18,70.12,CUST1764,Ashanti,Card,Retail,0.14
2025-12-02,Office Chair,Furniture,12,165.89,1791.61,CUST1611,Western,Cash,Wholesale,0.1
2025-12-02,USB Drive,Accessories,6,13.01,68.69,CUST1004,Greater Accra,Card,Retail,0.12
2025-12-02,Mouse,Accessories,3,17.28,50.8,CUST1209,Ashanti,Card,Retail,0.02
2025-12-02,Phone Case,Accessories,11,13.77,125.72,CUST1651,Eastern,Bank Transfer,Wholesale,0.17
2025-12-02,USB Drive,Accessories,2,38.23,68.81,CUST1193,Eastern,Card,Retail,0.1
2025-12-02,Headphones,Electronics,4,59.0,202.96,CUST1951,Ashanti,Bank Transfer,Retail,0.14
2025-12-03,USB Drive,Accessories,2,11.01,19.16,CUST1912,Greater Accra,Mobile Money,Retail,0.13
2025-12-03,Desk Lamp,Furniture,4,86.38,328.24,CUST1023,Western,Cash,Retail,0.05
2025-12-03,Printer,Electronics,6,169.52,966.26,CUST1346,Northern,Bank Transfer,Retail,0.05
2025-12-03,Printer,Electronics,4,490.88,1688.63,CUST1636,Greater Accra,Cash,Retail,0.14
2025-12-03,Desk Lamp,Furniture,2,39.6,73.66,CUST1238,Ashanti,Card,Retail,0.07
2025-12-03,Mouse,Accessories,4,29.88,113.54,CUST1087,Greater Accra,Mobile Money,Retail,0.05
2025-12-04,Monitor,Electronics,8,227.48,1747.05,CUST1711,Ashanti,Mobile Money,Retail,0.04
2025-12-04,Mouse,Accessories,3,42.17,108.8,CUST1636,Western,Mobile Money,Retail,0.14
2025-12-04,Phone Case,Accessories,1,34.06,33.72,CUST1827,Eastern,Cash,Retail,0.01
2025-12-04,Mouse,Accessories,6,16.45,96.73,CUST1882,Ashanti,Mobile Money,Retail,0.02
2025-12-04,Tablet,Electronics,2,590.72,1122.37,CUST1859,Eastern,Cash,Retail,0.05
2025-12-04,Headphones,Electronics,5,137.55,639.61,CUST1121,Greater Accra,Mobile Money,Retail,0.07
2025-12-05,Monitor,Electronics,6,307.63,1661.2,CUST1541,Eastern,Card,Retail,0.1
2025-12-05,USB Drive,Accessories,6,12.38,63.88,CUST1942,Volta,Mobile Money,Retail,0.14
2025-12-05,Mouse,Accessories,9,22.58,174.77,CUST1214,Eastern,Mobile Money,Retail,0.14
2025-12-05,Office Chair,Furniture,11,284.81,2850.95,CUST1911,Greater Accra,Mobile Money,Wholesale,0.09
2025-12-05,Laptop,Electronics,2,1287.44,2214.4,CUST1089,Volta,Card,Retail,0.14
2025-12-06,Phone Case,Accessories,2,26.81,46.11,CUST1304,Ashanti,Card,Retail,0.14
2025-12-06,Smartphone,Electronics,1,941.58,894.5,CUST1002,Greater Accra,Bank Transfer,Retail,0.05
2025-12-06,Tablet,Electronics,3,457.74,1235.9,CUST1739,Greater Accra,Cash,Retail,0.1
2025-12-06,Mouse,Accessories,2,42.2,75.12,CUST1445,Greater Accra,Cash,Retail,0.11
2025-12-06,Mouse,Accessories,1,18.16,17.25,CUST1211,Central,Cash,Retail,0.05
2025-12-06,Keyboard,Accessories,6,104.42,576.4,CUST1155,Greater Accra,Card,Retail,0.08
2025-12-06,Office Chair,Furniture,2,291.62,536.58,CUST1850,Ashanti,Cash,Wholesale,0.08
2025-12-06,Desk Lamp,Furniture,3,32.15,90.66,CUST1169,Greater Accra,Bank Transfer,Retail,0.06
2025-12-06,Laptop,Electronics,4,1384.34,4817.5,CUST1046,Eastern,Mobile Money,Retail,0.13
2025-12-06,USB Drive,Accessories,8,18.4,135.42,CUST1245,Greater Accra,Mobile Money,Retail,0.08
2025-12-06,Keyboard,Accessories,3,52.96,142.99,CUST1367,Greater Accra,Cash,Retail,0.1
2025-12-07,Phone Case,Accessories,9,40.07,328.17,CUST1449,Ashanti,Mobile Money,Retail,0.09
2025-12-07,Printer,Electronics,3,395.31,1019.9,CUST1492,Ashanti,Cash,Retail,0.14
2025-12-08,Webcam,Electronics,1,133.57,118.88,CUST1271,Bono,Card,Retail,0.11
2025-12-08,Desk,Furniture,3,569.14,1468.38,CUST1566,Northern,Bank Transfer,Retail,0.14
2025-12-08,Monitor,Electronics,6,487.91,2576.16,CUST1882,Western,Cash,Retail,0.12
2025-12-08,Smartphone,Electronics,2,821.05,1527.15,CUST1045,Greater Accra,Bank Transfer,Retail,0.07
2025-12-08,Keyboard,Accessories,7,105.16,633.06,CUST1415,Greater Accra,Cash,Retail,0.14
2025-12-08,Laptop,Electronics,1,932.93,848.97,CUST1198,Greater Accra,Mobile Money,Retail,0.09
2025-12-08,Printer,Electronics,1,476.68,462.38,CUST1103,Greater Accra,Cash,Retail,0.03
2025-12-08,Bookshelf,Furniture,4,155.07,527.24,CUST1536,Eastern,Card,Retail,0.15
2025-12-08,Webcam,Electronics,1,105.95,95.36,CUST1299,Greater Accra,Card,Retail,0.1
2025-12-09,Desk Lamp,Furniture,1,72.28,67.22,CUST1278,Greater Accra,Cash,Retail,0.07
2025-12-09,Phone Case,Accessories,2,18.42,35.73,CUST1490,Greater Accra,Card,Retail,0.03
2025-12-09,Smartphone,Electronics,4,509.79,1814.85,CUST1651,Greater Accra,Cash,Retail,0.11
2025-12-09,Mouse,Accessories,3,19.35,52.25,CUST1984,Bono,Card,Retail,0.1
2025-12-09,Phone Case,Accessories,1,18.87,17.17,CUST1803,Central,Bank Transfer,Retail,0.09
2025-12-09,Phone Case,Accessories,1,33.37,29.03,CUST1119,Ashanti,Card,Retail,0.13
2025-12-09,Headphones,Electronics,11,62.69,662.01,CUST1439,Ashanti,Bank Transfer,Retail,0.04
2025-12-09,Mouse,Accessories,2,33.19,64.39,CUST1550,Eastern,Card,Retail,0.03
2025-12-09,USB Drive,Accessories,5,29.77,125.03,CUST1606,Bono,Mobile Money,Wholesale,0.16
2025-12-09,Mouse,Accessories,6,15.42,85.12,CUST1871,Ashanti,Cash,Retail,0.08
2025-12-09,Phone Case,Accessories,3,30.83,81.39,CUST1005,Eastern,Cash,Retail,0.12
2025-12-09,Phone Case,Accessories,3,14.23,42.69,CUST1843,Greater Accra,Mobile Money,Retail,0.0
2025-12-09,USB Drive,Accessories,3,18.26,46.56,CUST1347,Greater Accra,Card,Wholesale,0.15
2025-12-09,USB Drive,Accessories,1,21.56,20.27,CUST1741,Ashanti,Mobile Money,Retail,0.06
2025-12-10,Tablet,Electronics,12,681.89,6546.14,CUST1270,Western,Cash,Wholesale,0.2
2025-12-10,Laptop,Electronics,1,1457.09,1457.09,CUST1545,Greater Accra,Cash,Retail,0.0
2025-12-10,Smartphone,Electronics,1,1124.29,1090.56,CUST1391,Western,Bank Transfer,Retail,0.03
2025-12-10,Office Chair,Furniture,2,256.77,446.78,CUST1705,Ashanti,Mobile Money,Retail,0.13
2025-12-10,Mouse,Accessories,1,21.38,19.67,CUST1086,Ashanti,Cash,Retail,0.08
2025-12-10,Mouse,Accessories,3,47.09,137.03,CUST1115,Western,Card,Retail,0.03
2025-12-10,Phone Case,Accessories,2,20.66,39.25,CUST1224,Ashanti,Cash,Retail,0.05
2025-12-10,Monitor,Electronics,3,468.06,1207.59,CUST1134,Greater Accra,Mobile Money,Retail,0.14
2025-12-11,Webcam,Electronics,3,62.69,184.31,CUST1771,Greater Accra,Card,Retail,0.02
2025-12-11,Desk Lamp,Furniture,2,47.47,82.6,CUST1810,Ashanti,Cash,Retail,0.13
2025-12-11,Mouse,Accessories,2,23.72,43.17,CUST1657,Greater Accra,Card,Retail,0.09
2025-12-11,Headphones,Electronics,1,149.29,126.9,CUST1299,Greater Accra,Mobile Money,Retail,0.15
2025-12-11,Phone Case,Accessories,6,15.76,89.83,CUST1567,Ashanti,Cash,Retail,0.05
2025-12-12,Phone Case,Accessories,3,44.54,128.28,CUST1181,Greater Accra,Cash,Retail,0.04
2025-12-12,Desk Lamp,Furniture,2,58.29,99.09,CUST1122,Greater Accra,Mobile Money,Retail,0.15
2025-12-12,Headphones,Electronics,11,41.47,355.81,CUST1932,Eastern,Mobile Money,Wholesale,0.22
2025-12-12,Smartphone,Electronics,1,972.02,884.54,CUST1146,Greater Accra,Mobile Money,Retail,0.09
2025-12-12,Mouse,Accessories,4,17.47,62.19,CUST1225,Greater Accra,Mobile Money,Retail,0.11
2025-12-13,Mouse,Accessories,7,44.58,234.05,CUST1767,Eastern,Mobile Money,Wholesale,0.25
2025-12-13,Mouse,Accessories,5,19.21,93.17,CUST1532,Eastern,Card,Retail,0.03
2025-12-13,Phone Case,Accessories,6,33.95,189.44,CUST1244,Ashanti,Mobile Money,Wholesale,0.07
2025-12-14,Monitor,Electronics,5,352.73,1710.74,CUST1521,Greater Accra,Card,Retail,0.03
2025-12-14,Mouse,Accessories,1,32.62,28.38,CUST1965,Volta,Mobile Money,Retail,0.13
2025-12-14,Phone Case,Accessories,10,44.98,413.82,CUST1090,Eastern,Card,Wholesale,0.08
2025-12-15,Phone Case,Accessories,1,34.2,33.52,CUST1423,Eastern,Cash,Retail,0.02
2025-12-15,Phone Case,Accessories,1,23.13,22.9,CUST1219,Greater Accra,Cash,Retail,0.01
2025-12-15,Phone Case,Accessories,8,32.11,226.05,CUST1663,Ashanti,Card,Wholesale,0.12
2025-12-15,Desk,Furniture,3,532.79,1486.48,CUST1426,Greater Accra,Cash,Retail,0.07
2025-12-15,Desk Lamp,Furniture,3,79.95,223.06,CUST1333,Western,Cash,Retail,0.07
2025-12-15,Phone Case,Accessories,1,29.98,25.78,CUST1103,Eastern,Mobile Money,Retail,0.14
2025-12-15,Desk Lamp,Furniture,1,87.22,86.35,CUST1046,Greater Accra,Mobile Money,Retail,0.01
2025-12-15,Phone Case,Accessories,5,37.72,162.2,CUST1624,Western,Mobile Money,Retail,0.14
2025-12-16,Phone Case,Accessories,6,16.69,93.13,CUST1742,Ashanti,Card,Retail,0.07
2025-12-16,Webcam,Electronics,2,119.74,229.9,CUST1273,Ashanti,Cash,Retail,0.04
2025-12-16,USB Drive,Accessories,12,15.37,173.37,CUST1145,Central,Card,Retail,0.06
2025-12-16,Mouse,Accessories,3,18.46,48.73,CUST1425,Greater Accra,Card,Retail,0.12
2025-12-16,Headphones,Electronics,3,159.57,430.84,CUST1364,Eastern,Card,Retail,0.1
2025-12-16,Headphones,Electronics,5,47.7,205.11,CUST1377,Ashanti,Mobile Money,Wholesale,0.14
2025-12-16,Monitor,Electronics,5,399.82,1899.14,CUST1328,Eastern,Cash,Retail,0.05
2025-12-16,Office Chair,Furniture,6,226.11,1180.29,CUST1281,Bono,Bank Transfer,Retail,0.13
2025-12-16,Smartphone,Electronics,2,476.67,896.14,CUST1371,Greater Accra,Bank Transfer,Retail,0.06
2025-12-17,Desk Lamp,Furniture,1,79.67,68.52,CUST1381,Northern,Bank Transfer,Retail,0.14
2025-12-17,Laptop,Electronics,2,839.69,1511.44,CUST1457,Ashanti,Mobile Money,Retail,0.1
2025-12-17,Webcam,Electronics,7,149.79,901.74,CUST1910,Greater Accra,Mobile Money,Retail,0.14
2025-12-17,Printer,Electronics,2,168.01,258.74,CUST1513,Western,Mobile Money,Wholesale,0.23
2025-12-17,Desk Lamp,Furniture,5,53.59,251.87,CUST1225,Ashanti,Bank Transfer,Retail,0.06
2025-12-17,Headphones,Electronics,2,49.18,94.43,CUST1151,Greater Accra,Mobile Money,Retail,0.04
2025-12-17,Monitor,Electronics,1,321.56,308.7,CUST1333,Greater Accra,Mobile Money,Retail,0.04
2025-12-17,USB Drive,Accessories,2,36.63,61.54,CUST1014,Northern,Cash,Wholesale,0.16
2025-12-18,Webcam,Electronics,2,58.64,113.76,CUST1538,Volta,Bank Transfer,Retail,0.03
2025-12-18,Webcam,Electronics,3,141.96,425.88,CUST1443,Western,Mobile Money,Retail,0.0
2025-12-18,Phone Case,Accessories,3,14.42,41.1,CUST1724,Ashanti,Card,Retail,0.05
2025-12-18,Office Chair,Furniture,2,257.41,494.23,CUST1652,Ashanti,Mobile Money,Retail,0.04
2025-12-19,Laptop,Electronics,7,1471.56,7828.7,CUST1768,Central,Mobile Money,Wholesale,0.24
2025-12-19,Keyboard,Accessories,2,78.97,145.3,CUST1790,Greater Accra,Mobile Money,Retail,0.08
2025-12-19,Desk Lamp,Furniture,3,87.6,231.26,CUST1085,Western,Bank Transfer,Retail,0.12
2025-12-19,Keyboard,Accessories,5,106.05,487.83,CUST1462,Eastern,Bank Transfer,Retail,0.08
2025-12-19,Keyboard,Accessories,1,69.74,59.98,CUST1340,Greater Accra,Bank Transfer,Retail,0.14
2025-12-19,Laptop,Electronics,7,1037.15,6243.64,CUST1520,Ashanti,Mobile Money,Retail,0.14
2025-12-20,Mouse,Accessories,5,19.41,92.2,CUST1249,Greater Accra,Bank Transfer,Retail,0.05
2025-12-20,Phone Case,Accessories,3,33.43,90.26,CUST1578,Volta,Mobile Money,Retail,0.1
2025-12-21,Monitor,Electronics,4,191.92,767.68,CUST1865,Western,Mobile Money,Retail,0.0
2025-12-21,USB Drive,Accessories,2,31.16,55.46,CUST1688,Eastern,Mobile Money,Retail,0.11
2025-12-21,Headphones,Electronics,11,160.23,1357.15,CUST1686,Greater Accra,Mobile Money,Wholesale,0.23
2025-12-21,Monitor,Electronics,6,269.32,1389.69,CUST1865,Ashanti,Bank Transfer,Retail,0.14
2025-12-22,Printer,Electronics,6,204.54,1030.88,CUST1022,Ashanti,Mobile Money,Wholesale,0.16
2025-12-22,USB Drive,Accessories,1,35.1,33.7,CUST1421,Greater Accra,Card,Retail,0.04
2025-12-22,Laptop,Electronics,9,982.86,8403.45,CUST1773,Northern,Mobile Money,Retail,0.05
2025-12-22,Phone Case,Accessories,2,16.61,29.9,CUST1594,Greater Accra,Cash,Retail,0.1
2025-12-22,Laptop,Electronics,1,854.66,760.65,CUST1306,Greater Accra,Bank Transfer,Retail,0.11
2025-12-22,Mouse,Accessories,4,22.21,88.84,CUST1999,Western,Cash,Retail,0.0
2025-12-22,Mouse,Accessories,1,49.12,48.63,CUST1913,Greater Accra,Card,Retail,0.01
2025-12-23,Mouse,Accessories,14,18.84,213.65,CUST1836,Greater Accra,Cash,Wholesale,0.19
2025-12-23,Smartphone,Electronics,2,746.73,1359.05,CUST1383,Greater Accra,Mobile Money,Retail,0.09
2025-12-23,Phone Case,Accessories,2,35.03,69.36,CUST1044,Greater Accra,Cash,Retail,0.01
2025-12-23,Phone Case,Accessories,4,11.87,45.58,CUST1310,Greater Accra,Bank Transfer,Retail,0.04
2025-12-23,Headphones,Electronics,2,170.33,299.78,CUST1334,Northern,Cash,Retail,0.12
2025-12-23,Monitor,Electronics,3,430.42,1187.96,CUST1575,Bono,Mobile Money,Retail,0.08
2025-12-23,USB Drive,Accessories,9,26.38,197.06,CUST1142,Greater Accra,Mobile Money,Wholesale,0.17
2025-12-23,Bookshelf,Furniture,6,283.55,1667.27,CUST1015,Greater Accra,Card,Retail,0.02
2025-12-23,Phone Case,Accessories,2,27.98,54.28,CUST1489,Eastern,Mobile Money,Retail,0.03
2025-12-23,Monitor,Electronics,2,460.79,810.99,CUST1979,Northern,Card,Retail,0.12
2025-12-24,Phone Case,Accessories,1,32.12,29.87,CUST1638,Greater Accra,Cash,Retail,0.07
2025-12-24,Phone Case,Accessories,5,34.66,171.57,CUST1645,Greater Accra,Mobile Money,Retail,0.01
2025-12-24,Phone Case,Accessories,2,28.68,55.07,CUST1447,Western,Mobile Money,Retail,0.04
2025-12-24,Smartphone,Electronics,8,413.5,2977.2,CUST1161,Bono,Mobile Money,Retail,0.1
2025-12-24,Desk Lamp,Furniture,5,36.56,164.52,CUST1014,Ashanti,Bank Transfer,Retail,0.1
2025-12-24,USB Drive,Accessories,1,38.82,37.66,CUST1691,Western,Mobile Money,Retail,0.03
2025-12-25,Smartphone,Electronics,4,1081.44,3849.93,CUST1635,Eastern,Mobile Money,Retail,0.11
2025-12-25,Monitor,Electronics,3,350.04,966.11,CUST1588,Central,Cash,Retail,0.08
2025-12-25,Monitor,Electronics,6,496.54,2532.35,CUST1115,Northern,Card,Retail,0.15
2025-12-25,Headphones,Electronics,1,63.12,54.91,CUST1177,Western,Mobile Money,Retail,0.13
2025-12-25,USB Drive,Accessories,1,20.85,20.64,CUST1306,Greater Accra,Cash,Retail,0.01
2025-12-25,Desk Lamp,Furniture,7,49.51,329.24,CUST1334,Ashanti,Cash,Retail,0.05
2025-12-25,Smartphone,Electronics,1,847.5,737.33,CUST1037,Ashanti,Card,Retail,0.13
2025-12-26,Keyboard,Accessories,1,43.1,39.22,CUST1175,Western,Cash,Retail,0.09
2025-12-26,USB Drive,Accessories,2,29.26,52.08,CUST1456,Eastern,Mobile Money,Retail,0.11
2025-12-26,Laptop,Electronics,2,931.09,1806.31,CUST1822,Ashanti,Mobile Money,Retail,0.03
2025-12-26,Phone Case,Accessories,2,44.94,77.3,CUST1897,Greater Accra,Mobile Money,Retail,0.14
2025-12-26,Laptop,Electronics,1,1218.55,1121.07,CUST1194,Greater Accra,Card,Retail,0.08
2025-12-26,Headphones,Electronics,9,40.82,312.27,CUST1209,Ashanti,Card,Wholesale,0.15
2025-12-26,Desk,Furniture,1,205.07,194.82,CUST1448,Bono,Cash,Retail,0.05
2025-12-26,Desk Lamp,Furniture,1,54.74,52.0,CUST1256,Eastern,Bank Transfer,Retail,0.05
2025-12-26,USB Drive,Accessories,4,30.97,106.54,CUST1432,Northern,Card,Retail,0.14
2025-12-26,Desk Lamp,Furniture,2,76.91,133.82,CUST1807,Eastern,Bank Transfer,Retail,0.13
2025-12-27,Printer,Electronics,3,261.08,673.59,CUST1743,Greater Accra,Card,Retail,0.14
2025-12-27,USB Drive,Accessories,3,34.72,94.79,CUST1898,Eastern,Card,Retail,0.09
2025-12-28,Phone Case,Accessories,10,43.76,363.21,CUST1316,Eastern,Mobile Money,Wholesale,0.17
2025-12-28,Desk,Furniture,9,463.88,4133.17,CUST1039,Ashanti,Card,Retail,0.01
2025-12-28,Laptop,Electronics,1,1202.93,1082.64,CUST1560,Bono,Mobile Money,Retail,0.1
2025-12-28,Headphones,Electronics,2,87.3,150.16,CUST1353,Volta,Mobile Money,Retail,0.14
2025-12-28,Webcam,Electronics,8,171.29,1082.55,CUST1468,Greater Accra,Mobile Money,Wholesale,0.21
2025-12-29,Headphones,Electronics,6,161.22,947.97,CUST1444,Greater Accra,Mobile Money,Retail,0.02
2025-12-29,Phone Case,Accessories,4,43.56,149.85,CUST1106,Greater Accra,Mobile Money,Retail,0.14
2025-12-29,Smartphone,Electronics,2,716.75,1304.49,CUST1188,Greater Accra,Mobile Money,Retail,0.09
2025-12-29,Webcam,Electronics,2,84.63,157.41,CUST1449,Greater Accra,Card,Retail,0.07
2025-12-29,Phone Case,Accessories,1,20.53,18.68,CUST1929,Volta,Card,Retail,0.09
2025-12-29,Phone Case,Accessories,2,10.62,20.39,CUST1827,Central,Mobile Money,Retail,0.04
2025-12-29,Bookshelf,Furniture,2,180.82,311.01,CUST1927,Western,Mobile Money,Retail,0.14
2025-12-29,Headphones,Electronics,3,60.7,165.71,CUST1347,Greater Accra,Cash,Retail,0.09
2025-12-29,Headphones,Electronics,2,107.36,195.4,CUST1804,Greater Accra,Mobile Money,Retail,0.09
2025-12-29,Keyboard,Accessories,1,103.36,102.33,CUST1590,Ashanti,Bank Transfer,Retail,0.01
2025-12-30,Headphones,Electronics,9,43.99,364.24,CUST1801,Greater Accra,Card,Wholesale,0.08
2025-12-30,Smartphone,Electronics,14,898.98,11327.15,CUST1355,Greater Accra,Mobile Money,Wholesale,0.1
2025-12-30,Keyboard,Accessories,11,75.53,722.82,CUST1206,Greater Accra,Cash,Wholesale,0.13
2025-12-30,Printer,Electronics,1,202.07,183.88,CUST1604,Ashanti,Mobile Money,Retail,0.09
2025-12-30,Printer,Electronics,2,534.92,1037.74,CUST1410,Bono,Card,Retail,0.03
2025-12-30,Office Chair,Furniture,7,309.41,1840.99,CUST1756,Greater Accra,Mobile Money,Wholesale,0.15
2025-12-30,Webcam,Electronics,11,128.49,1215.52,CUST1583,Ashanti,Card,Wholesale,0.14
2025-12-30,Mouse,Accessories,5,21.68,104.06,CUST1829,Greater Accra,Mobile Money,Retail,0.04
2025-12-31,Smartphone,Electronics,1,957.31,899.87,CUST1073,Greater Accra,Mobile Money,Retail,0.06
2025-12-31,Phone Case,Accessories,7,40.99,281.19,CUST1579,Eastern,Mobile Money,Retail,0.02
2025-12-31,Mouse,Accessories,3,15.79,42.63,CUST1213,Central,Cash,Retail,0.1
2025-12-31,USB Drive,Accessories,1,19.11,17.77,CUST1834,Northern,Bank Transfer,Retail,0.07
2025-12-31,Monitor,Electronics,8,302.87,2180.66,CUST1586,Eastern,Mobile Money,Retail,0.1
2025-12-31,Mouse,Accessories,3,47.18,124.56,CUST1695,Western,Card,Retail,0.12
2025-12-31,Laptop,Electronics,2,938.52,1651.8,CUST1627,Volta,Mobile Money,Retail,0.12
2025-12-31,USB Drive,Accessories,2,38.53,67.04,CUST1499,Greater Accra,Mobile Money,Retail,0.13
2025-12-31,Phone Case,Accessories,8,41.96,275.26,CUST1043,Ashanti,Bank Transfer,Wholesale,0.18
2025-12-31,Mouse,Accessories,4,44.41,170.53,CUST1040,Greater Accra,Mobile Money,Retail,0.04
2026-01-01,Phone Case,Accessories,2,17.77,31.28,CUST1788,Greater Accra,Mobile Money,Retail,0.12
2026-01-01,Mouse,Accessories,6,22.37,120.8,CUST1593,Ashanti,Cash,Retail,0.1
2026-01-01,Phone Case,Accessories,5,28.25,129.95,CUST1108,Greater Accra,Bank Transfer,Wholesale,0.08
2026-01-01,Mouse,Accessories,11,36.49,345.2,CUST1226,Central,Mobile Money,Retail,0.14
2026-01-01,Phone Case,Accessories,2,29.97,58.14,CUST1434,Northern,Cash,Retail,0.03
2026-01-02,Phone Case,Accessories,1,44.58,41.01,CUST1736,Greater Accra,Bank Transfer,Retail,0.08
2026-01-02,Phone Case,Accessories,1,16.77,16.77,CUST1503,Volta,Card,Retail,0.0
2026-01-03,Phone Case,Accessories,1,10.07,9.57,CUST1246,Eastern,Mobile Money,Retail,0.05
2026-01-04,Mouse,Accessories,3,44.18,128.56,CUST1674,Western,Card,Retail,0.03
2026-01-05,Mouse,Accessories,1,37.16,34.19,CUST1607,Greater Accra,Mobile Money,Retail,0.08
2026-01-05,Desk Lamp,Furniture,1,40.36,35.52,CUST1541,Bono,Mobile Money,Retail,0.12
2026-01-05,Phone Case,Accessories,2,10.52,18.94,CUST1948,Volta,Cash,Retail,0.1
2026-01-06,Keyboard,Accessories,1,35.83,35.47,CUST1447,Volta,Mobile Money,Retail,0.01
2026-01-07,Phone Case,Accessories,2,15.22,29.83,CUST1231,Greater Accra,Mobile Money,Retail,0.02
2026-01-08,Phone Case,Accessories,7,29.72,203.88,CUST1727,Greater Accra,Cash,Retail,0.02
2026-01-09,Phone Case,Accessories,1,12.69,11.67,CUST1596,Western,Mobile Money,Retail,0.08
2026-01-09,Webcam,Electronics,1,148.71,130.86,CUST1001,Ashanti,Mobile Money,Retail,0.12
2026-01-09,Mouse,Accessories,5,35.84,148.74,CUST1269,Volta,Cash,Wholesale,0.17
2026-01-10,Desk Lamp,Furniture,3,62.63,187.89,CUST1753,Volta,Bank Transfer,Retail,0.0
2026-01-11,Mouse,Accessories,4,28.26,102.87,CUST1529,Central,Cash,Retail,0.09
2026-01-12,Headphones,Electronics,9,59.19,490.09,CUST1964,Ashanti,Mobile Money,Retail,0.08
2026-01-12,Mouse,Accessories,3,48.34,127.62,CUST1171,Greater Accra,Mobile Money,Retail,0.12
2026-01-12,USB Drive,Accessories,8,34.83,259.14,CUST1578,Eastern,Mobile Money,Wholesale,0.07
2026-01-13,Desk Lamp,Furniture,2,67.62,125.77,CUST1528,Northern,Card,Retail,0.07
2026-01-13,Headphones,Electronics,3,120.38,321.41,CUST1445,Bono,Mobile Money,Retail,0.11
2026-01-13,Laptop,Electronics,1,1463.21,1287.62,CUST1367,Greater Accra,Cash,Retail,0.12
2026-01-14,USB Drive,Accessories,2,39.03,75.72,CUST1706,Eastern,Cash,Retail,0.03
2026-01-15,Headphones,Electronics,5,158.22,783.19,CUST1953,Ashanti,Cash,Retail,0.01
2026-01-15,Monitor,Electronics,7,314.78,1961.08,CUST1786,Greater Accra,Card,Wholesale,0.11
2026-01-15,Phone Case,Accessories,1,15.97,13.89,CUST1714,Ashanti,Mobile Money,Retail,0.13
2026-01-15,Phone Case,Accessories,1,24.3,22.6,CUST1919,Northern,Card,Retail,0.07
2026-01-16,Smartphone,Electronics,1,1028.56,987.42,CUST1961,Greater Accra,Card,Retail,0.04
2026-01-16,Keyboard,Accessories,2,59.29,112.65,CUST1118,Ashanti,Mobile Money,Retail,0.05
2026-01-16,Phone Case,Accessories,5,34.94,150.24,CUST1790,Ashanti,Bank Transfer,Retail,0.14
2026-01-17,Desk Lamp,Furniture,1,29.75,27.37,CUST1936,Greater Accra,Card,Retail,0.08
2026-01-17,Tablet,Electronics,2,661.33,1230.07,CUST1880,Western,Bank Transfer,Retail,0.07
2026-01-18,Webcam,Electronics,3,91.37,238.48,CUST1702,Northern,Mobile Money,Retail,0.13
2026-01-18,Phone Case,Accessories,6,31.21,183.51,CUST1983,Ashanti,Mobile Money,Retail,0.02
2026-01-18,USB Drive,Accessories,2,18.93,33.7,CUST1692,Ashanti,Bank Transfer,Retail,0.11
2026-01-18,Mouse,Accessories,3,25.59,73.7,CUST1857,Ashanti,Cash,Retail,0.04
2026-01-19,Phone Case,Accessories,3,40.41,107.89,CUST1632,Greater Accra,Cash,Retail,0.11
2026-01-19,Printer,Electronics,8,481.48,3274.06,CUST1170,Central,Mobile Money,Retail,0.15
2026-01-19,USB Drive,Accessories,3,35.29,101.64,CUST1184,Volta,Cash,Retail,0.04
2026-01-19,Phone Case,Accessories,4,39.49,135.85,CUST1189,Central,Cash,Wholesale,0.14
2026-01-20,USB Drive,Accessories,9,20.5,166.05,CUST1084,Greater Accra,Mobile Money,Wholesale,0.1
2026-01-20,Phone Case,Accessories,3,31.35,83.7,CUST1579,Central,Mobile Money,Retail,0.11
2026-01-21,Webcam,Electronics,5,74.79,336.56,CUST1347,Central,Mobile Money,Retail,0.1
2026-01-22,Webcam,Electronics,2,84.7,149.07,CUST1138,Ashanti,Mobile Money,Retail,0.12
2026-01-22,Phone Case,Accessories,12,27.71,299.27,CUST1270,Eastern,Card,Wholesale,0.1
2026-01-23,Keyboard,Accessories,4,106.12,373.54,CUST1138,Ashanti,Bank Transfer,Retail,0.12
2026-01-26,Phone Case,Accessories,2,14.93,27.77,CUST1212,Ashanti,Cash,Retail,0.07
2026-01-26,Printer,Electronics,10,459.52,3676.16,CUST1835,Greater Accra,Bank Transfer,Wholesale,0.2
2026-01-26,Headphones,Electronics,1,56.38,48.49,CUST1017,Ashanti,Bank Transfer,Retail,0.14
2026-01-26,Bookshelf,Furniture,3,189.27,511.03,CUST1562,Eastern,Mobile Money,Wholesale,0.1
2026-01-27,Headphones,Electronics,6,126.94,746.41,CUST1093,Greater Accra,Mobile Money,Retail,0.02
2026-01-28,Desk Lamp,Furniture,3,62.84,164.01,CUST1670,Bono,Mobile Money,Retail,0.13
2026-01-28,Phone Case,Accessories,2,25.26,47.49,CUST1580,Central,Card,Retail,0.06
2026-01-28,Phone Case,Accessories,1,26.02,25.24,CUST1996,Western,Mobile Money,Retail,0.03
2026-01-28,Desk Lamp,Furniture,13,62.62,765.22,CUST1411,Greater Accra,Mobile Money,Wholesale,0.06
2026-01-28,Desk,Furniture,2,370.19,636.73,CUST1891,Eastern,Cash,Retail,0.14
2026-01-29,Headphones,Electronics,5,66.9,327.81,CUST1828,Eastern,Mobile Money,Retail,0.02
2026-01-29,Keyboard,Accessories,3,32.8,91.51,CUST1372,Greater Accra,Bank Transfer,Retail,0.07
2026-01-29,USB Drive,Accessories,2,35.91,68.95,CUST1911,Greater Accra,Mobile Money,Retail,0.04
2026-01-29,Smartphone,Electronics,6,580.46,3030.0,CUST1695,Greater Accra,Mobile Money,Wholesale,0.13
2026-01-30,Phone Case,Accessories,2,10.41,19.15,CUST1601,Volta,Cash,Retail,0.08
2026-01-30,Printer,Electronics,7,172.49,1159.13,CUST1610,Greater Accra,Mobile Money,Retail,0.04
2026-01-31,Phone Case,Accessories,5,39.34,173.1,CUST1307,Central,Mobile Money,Wholesale,0.12
2026-02-02,USB Drive,Accessories,7,32.19,198.29,CUST1237,Central,Mobile Money,Retail,0.12
2026-02-02,Keyboard,Accessories,1,83.39,73.38,CUST1707,Greater Accra,Bank Transfer,Retail,0.12
2026-02-02,Smartphone,Electronics,1,1182.13,1111.2,CUST1546,Central,Mobile Money,Retail,0.06
2026-02-02,Phone Case,Accessories,7,14.33,78.24,CUST1878,Volta,Bank Transfer,Wholesale,0.22
2026-02-02,Phone Case,Accessories,1,17.07,15.36,CUST1912,Greater Accra,Mobile Money,Retail,0.1
2026-02-03,Keyboard,Accessories,6,58.86,303.72,CUST1882,Greater Accra,Mobile Money,Wholesale,0.14
2026-02-03,Tablet,Electronics,3,692.68,2015.7,CUST1883,Greater Accra,Card,Retail,0.03
2026-02-03,Laptop,Electronics,3,1116.03,3147.2,CUST1877,Central,Mobile Money,Retail,0.06
2026-02-04,Mouse,Accessories,2,41.25,80.85,CUST1145,Greater Accra,Cash,Retail,0.02
2026-02-04,Desk Lamp,Furniture,8,55.68,369.72,CUST1233,Ashanti,Card,Wholesale,0.17
2026-02-04,USB Drive,Accessories,1,10.69,9.94,CUST1868,Eastern,Mobile Money,Retail,0.07
2026-02-04,Monitor,Electronics,1,426.13,413.35,CUST1409,Ashanti,Mobile Money,Retail,0.03
2026-02-05,Phone Case,Accessories,2,11.03,21.4,CUST1135,Greater Accra,Card,Retail,0.03
2026-02-05,Phone Case,Accessories,1,38.26,36.35,CUST1878,Eastern,Mobile Money,Retail,0.05
2026-02-05,Mouse,Accessories,1,31.69,31.37,CUST1914,Volta,Mobile Money,Retail,0.01
2026-02-06,Desk Lamp,Furniture,3,87.39,225.47,CUST1509,Eastern,Mobile Money,Retail,0.14
2026-02-06,Headphones,Electronics,3,107.44,299.76,CUST1994,Greater Accra,Bank Transfer,Retail,0.07
2026-02-06,Laptop,Electronics,6,838.68,4478.55,CUST1988,Ashanti,Cash,Retail,0.11
2026-02-06,Bookshelf,Furniture,1,144.45,140.12,CUST1498,Greater Accra,Mobile Money,Retail,0.03
2026-02-06,Keyboard,Accessories,6,115.66,575.99,CUST1293,Ashanti,Cash,Wholesale,0.17
2026-02-06,Webcam,Electronics,2,79.29,150.65,CUST1169,Greater Accra,Card,Retail,0.05
2026-02-06,USB Drive,Accessories,10,14.1,132.54,CUST1126,Eastern,Mobile Money,Wholesale,0.06
2026-02-06,Smartphone,Electronics,1,998.78,968.82,CUST1618,Greater Accra,Mobile Money,Retail,0.03
2026-02-07,Tablet,Electronics,3,506.98,1308.01,CUST1583,Northern,Card,Retail,0.14
2026-02-07,Desk Lamp,Furniture,2,30.78,56.02,CUST1643,Eastern,Cash,Retail,0.09
2026-02-08,Phone Case,Accessories,7,22.07,140.59,CUST1363,Greater Accra,Mobile Money,Retail,0.09
2026-02-09,Smartphone,Electronics,3,972.94,2656.13,CUST1905,Greater Accra,Mobile Money,Retail,0.09
2026-02-09,Phone Case,Accessories,3,36.85,108.34,CUST1121,Greater Accra,Cash,Retail,0.02
2026-02-09,Office Chair,Furniture,8,194.69,1183.72,CUST1126,Volta,Cash,Wholesale,0.24
2026-02-09,Bookshelf,Furniture,1,205.03,198.88,CUST1629,Greater Accra,Mobile Money,Retail,0.03
2026-02-10,USB Drive,Accessories,1,14.76,13.87,CUST1119,Bono,Mobile Money,Retail,0.06
2026-02-10,Keyboard,Accessories,3,74.3,209.53,CUST1652,Greater Accra,Cash,Retail,0.06
2026-02-11,Desk Lamp,Furniture,2,42.52,76.54,CUST1611,Greater Accra,Mobile Money,Retail,0.1
2026-02-11,Webcam,Electronics,2,176.89,346.7,CUST1660,Eastern,Mobile Money,Retail,0.02
2026-02-11,Webcam,Electronics,1,109.47,101.81,CUST1873,Greater Accra,Bank Transfer,Retail,0.07
2026-02-11,USB Drive,Accessories,1,23.31,21.91,CUST1047,Central,Cash,Retail,0.06
2026-02-11,Office Chair,Furniture,2,216.87,399.04,CUST1958,Central,Card,Retail,0.08
2026-02-11,Printer,Electronics,6,253.64,1415.31,CUST1324,Greater Accra,Cash,Retail,0.07
2026-02-11,Office Chair,Furniture,7,157.51,970.26,CUST1652,Northern,Card,Retail,0.12
2026-02-12,Smartphone,Electronics,2,429.73,704.76,CUST1977,Eastern,Mobile Money,Wholesale,0.18
2026-02-12,Keyboard,Accessories,2,86.75,168.29,CUST1680,Greater Accra,Bank Transfer,Retail,0.03
2026-02-13,Office Chair,Furniture,2,152.33,286.38,CUST1798,Central,Card,Retail,0.06
2026-02-13,Office Chair,Furniture,5,259.13,1127.22,CUST1654,Greater Accra,Card,Retail,0.13
2026-02-13,Webcam,Electronics,3,69.98,191.05,CUST1263,Bono,Cash,Retail,0.09
2026-02-13,Tablet,Electronics,2,610.36,1110.86,CUST1119,Western,Mobile Money,Retail,0.09
2026-02-15,Headphones,Electronics,2,177.09,329.39,CUST1508,Central,Mobile Money,Retail,0.07
2026-02-16,Office Chair,Furniture,2,140.74,261.78,CUST1773,Ashanti,Cash,Retail,0.07
2026-02-17,Phone Case,Accessories,1,43.23,37.18,CUST1553,Western,Cash,Retail,0.14
2026-02-17,Desk Lamp,Furniture,1,74.67,70.94,CUST1152,Greater Accra,Cash,Retail,0.05
2026-02-17,Desk,Furniture,6,305.72,1815.98,CUST1252,Greater Accra,Card,Retail,0.01
2026-02-17,Phone Case,Accessories,4,24.14,86.9,CUST1092,Eastern,Card,Retail,0.1
2026-02-17,Phone Case,Accessories,1,37.78,34.0,CUST1228,Western,Cash,Retail,0.1
2026-02-17,Webcam,Electronics,8,70.57,434.71,CUST1599,Western,Mobile Money,Wholesale,0.23
2026-02-17,Printer,Electronics,3,463.14,1222.69,CUST1442,Ashanti,Bank Transfer,Retail,0.12
2026-02-17,Mouse,Accessories,1,42.99,40.41,CUST1646,Central,Mobile Money,Retail,0.06
2026-02-17,Smartphone,Electronics,1,878.35,834.43,CUST1577,Volta,Card,Retail,0.05
2026-02-17,Headphones,Electronics,6,162.71,946.97,CUST1430,Greater Accra,Bank Transfer,Retail,0.03
2026-02-18,Smartphone,Electronics,2,1126.7,2185.8,CUST1735,Greater Accra,Mobile Money,Retail,0.03
2026-02-18,Headphones,Electronics,4,100.61,366.22,CUST1928,Greater Accra,Cash,Retail,0.09
2026-02-18,USB Drive,Accessories,12,14.52,148.1,CUST1801,Ashanti,Card,Retail,0.15
2026-02-18,Office Chair,Furniture,2,217.73,409.33,CUST1262,Greater Accra,Card,Retail,0.06
2026-02-18,USB Drive,Accessories,5,34.26,159.31,CUST1387,Ashanti,Card,Retail,0.07
2026-02-19,USB Drive,Accessories,2,25.12,43.21,CUST1187,Greater Accra,Card,Retail,0.14
2026-02-19,Laptop,Electronics,1,1264.81,1087.74,CUST1763,Ashanti,Bank Transfer,Retail,0.14
2026-02-19,Webcam,Electronics,1,117.24,109.03,CUST1371,Greater Accra,Cash,Retail,0.07
2026-02-20,Mouse,Accessories,4,23.74,86.41,CUST1577,Bono,Card,Retail,0.09
2026-02-20,Desk Lamp,Furniture,3,54.87,149.8,CUST1823,Ashanti,Mobile Money,Retail,0.09
2026-02-21,Mouse,Accessories,3,39.97,113.91,CUST1918,Greater Accra,Card,Retail,0.05
2026-02-22,Phone Case,Accessories,3,33.09,90.34,CUST1430,Greater Accra,Card,Retail,0.09
2026-02-22,Headphones,Electronics,13,92.53,938.25,CUST1437,Greater Accra,Card,Wholesale,0.22
2026-02-23,Monitor,Electronics,5,470.14,2068.62,CUST1996,Western,Mobile Money,Retail,0.12
2026-02-23,Keyboard,Accessories,2,72.7,130.86,CUST1223,Greater Accra,Cash,Retail,0.1
2026-02-23,Office Chair,Furniture,2,224.83,418.18,CUST1719,Western,Mobile Money,Retail,0.07
2026-02-23,Tablet,Electronics,2,526.29,957.85,CUST1931,Central,Mobile Money,Retail,0.09
2026-02-23,Mouse,Accessories,4,17.88,62.94,CUST1061,Greater Accra,Cash,Retail,0.12
2026-02-23,Desk Lamp,Furniture,9,47.02,321.62,CUST1119,Greater Accra,Mobile Money,Wholesale,0.24
2026-02-24,USB Drive,Accessories,14,25.81,339.66,CUST1560,Eastern,Mobile Money,Wholesale,0.06
2026-02-24,Phone Case,Accessories,7,41.44,249.47,CUST1839,Greater Accra,Mobile Money,Wholesale,0.14
2026-02-24,Phone Case,Accessories,1,28.84,28.55,CUST1649,Northern,Card,Retail,0.01
2026-02-25,Headphones,Electronics,2,142.7,268.28,CUST1389,Ashanti,Mobile Money,Retail,0.06
2026-02-25,Phone Case,Accessories,2,22.32,41.52,CUST1923,Eastern,Card,Retail,0.07
2026-02-25,Phone Case,Accessories,9,31.78,271.72,CUST1860,Volta,Mobile Money,Wholesale,0.05
2026-02-26,Mouse,Accessories,2,43.75,82.25,CUST1857,Northern,Bank Transfer,Retail,0.06
2026-02-26,Laptop,Electronics,2,991.65,1804.8,CUST1147,Greater Accra,Card,Retail,0.09
2026-02-26,Keyboard,Accessories,6,61.65,332.91,CUST1590,Western,Mobile Money,Retail,0.1
2026-02-26,USB Drive,Accessories,2,15.32,27.88,CUST1765,Volta,Card,Retail,0.09
2026-02-26,Mouse,Accessories,3,18.61,54.71,CUST1575,Greater Accra,Bank Transfer,Retail,0.02
2026-02-27,Desk,Furniture,3,337.37,921.02,CUST1445,Greater Accra,Mobile Money,Retail,0.09
2026-02-27,Printer,Electronics,7,170.32,1084.94,CUST1359,Greater Accra,Mobile Money,Retail,0.09
2026-02-27,Headphones,Electronics,5,123.47,574.14,CUST1412,Volta,Cash,Retail,0.07
2026-02-27,Monitor,Electronics,1,396.31,388.38,CUST1504,Central,Bank Transfer,Retail,0.02
2026-02-27,Headphones,Electronics,4,87.79,326.58,CUST1517,Volta,Mobile Money,Retail,0.07
2026-02-27,Mouse,Accessories,3,36.55,107.46,CUST1892,Northern,Cash,Retail,0.02
2026-03-01,Keyboard,Accessories,2,64.85,123.21,CUST1654,Northern,Cash,Retail,0.05
2026-03-01,Mouse,Accessories,3,24.38,65.83,CUST1421,Western,Bank Transfer,Retail,0.1
2026-03-02,Mouse,Accessories,4,29.71,102.2,CUST1236,Greater Accra,Card,Retail,0.14
2026-03-02,Desk Lamp,Furniture,6,72.34,377.61,CUST1399,Bono,Cash,Retail,0.13
2026-03-03,Phone Case,Accessories,7,40.16,278.31,CUST1070,Greater Accra,Cash,Retail,0.01
2026-03-03,USB Drive,Accessories,1,31.28,29.4,CUST1558,Bono,Card,Retail,0.06
2026-03-04,Keyboard,Accessories,1,59.8,59.8,CUST1996,Greater Accra,Bank Transfer,Retail,0.0
2026-03-04,Headphones,Electronics,4,153.21,600.58,CUST1928,Greater Accra,Cash,Retail,0.02
2026-03-04,Phone Case,Accessories,3,25.0,72.0,CUST1473,Greater Accra,Bank Transfer,Retail,0.04
2026-03-05,Monitor,Electronics,3,222.84,615.04,CUST1575,Greater Accra,Mobile Money,Retail,0.08
2026-03-05,Phone Case,Accessories,10,25.35,230.69,CUST1566,Ashanti,Bank Transfer,Retail,0.09
2026-03-05,Keyboard,Accessories,2,113.83,209.45,CUST1652,Ashanti,Cash,Retail,0.08
2026-03-05,Office Chair,Furniture,5,159.43,765.26,CUST1242,Greater Accra,Cash,Retail,0.04
2026-03-05,Phone Case,Accessories,6,21.35,101.2,CUST1077,Volta,Card,Wholesale,0.21
2026-03-06,Headphones,Electronics,1,168.21,144.66,CUST1428,Ashanti,Cash,Retail,0.14
2026-03-06,Mouse,Accessories,8,31.22,234.77,CUST1575,Volta,Card,Wholesale,0.06
2026-03-06,Phone Case,Accessories,8,22.66,155.9,CUST1372,Ashanti,Bank Transfer,Retail,0.14
2026-03-06,Bookshelf,Furniture,3,220.38,568.58,CUST1690,Ashanti,Cash,Retail,0.14
2026-03-06,USB Drive,Accessories,5,28.28,138.57,CUST1078,Greater Accra,Mobile Money,Retail,0.02
2026-03-07,Office Chair,Furniture,3,231.43,617.92,CUST1688,Greater Accra,Mobile Money,Retail,0.11
2026-03-07,Monitor,Electronics,11,408.57,3685.3,CUST1966,Greater Accra,Cash,Wholesale,0.18
2026-03-08,USB Drive,Accessories,2,26.3,49.97,CUST1106,Greater Accra,Cash,Retail,0.05
2026-03-09,Desk Lamp,Furniture,5,52.98,262.25,CUST1643,Greater Accra,Bank Transfer,Retail,0.01
2026-03-09,Desk,Furniture,2,194.87,358.56,CUST1541,Northern,Card,Retail,0.08
2026-03-09,Keyboard,Accessories,1,94.05,92.17,CUST1163,Greater Accra,Card,Retail,0.02
2026-03-10,Webcam,Electronics,11,154.81,1345.3,CUST1448,Greater Accra,Mobile Money,Wholesale,0.21
2026-03-10,Smartphone,Electronics,5,950.76,4658.72,CUST1948,Central,Cash,Retail,0.02
2026-03-11,Desk,Furniture,1,511.96,496.6,CUST1876,Ashanti,Card,Retail,0.03
2026-03-11,Desk Lamp,Furniture,1,69.45,63.2,CUST1477,Greater Accra,Cash,Retail,0.09
2026-03-11,Keyboard,Accessories,14,97.85,1219.21,CUST1655,Bono,Mobile Money,Wholesale,0.11
2026-03-11,Mouse,Accessories,5,46.82,206.01,CUST1055,Ashanti,Card,Retail,0.12
2026-03-11,Office Chair,Furniture,6,128.11,684.11,CUST1034,Greater Accra,Bank Transfer,Retail,0.11
2026-03-11,Tablet,Electronics,1,692.65,671.87,CUST1131,Greater Accra,Mobile Money,Retail,0.03
2026-03-12,Headphones,Electronics,1,92.79,80.73,CUST1894,Greater Accra,Mobile Money,Retail,0.13
2026-03-13,Printer,Electronics,3,421.76,1062.84,CUST1585,Greater Accra,Card,Wholesale,0.16
2026-03-13,Mouse,Accessories,1,43.9,43.9,CUST1202,Greater Accra,Cash,Retail,0.0
2026-03-13,USB Drive,Accessories,1,30.27,26.94,CUST1608,Greater Accra,Mobile Money,Retail,0.11
2026-03-14,Smartphone,Electronics,2,865.54,1679.15,CUST1309,Greater Accra,Cash,Retail,0.03
2026-03-14,Phone Case,Accessories,4,29.65,107.93,CUST1641,Eastern,Mobile Money,Wholesale,0.09
2026-03-15,Webcam,Electronics,3,52.62,143.65,CUST1117,Greater Accra,Card,Retail,0.09
2026-03-16,Phone Case,Accessories,3,38.78,102.38,CUST1374,Central,Card,Retail,0.12
2026-03-16,Office Chair,Furniture,5,155.17,775.85,CUST1160,Northern,Card,Retail,0.0
2026-03-16,Phone Case,Accessories,2,12.34,21.47,CUST1242,Greater Accra,Card,Retail,0.13
2026-03-17,Keyboard,Accessories,1,117.71,104.76,CUST1428,Volta,Cash,Retail,0.11
2026-03-18,Phone Case,Accessories,1,38.22,37.07,CUST1628,Northern,Cash,Retail,0.03
2026-03-18,Desk Lamp,Furniture,1,53.41,52.34,CUST1311,Central,Mobile Money,Retail,0.02
2026-03-18,USB Drive,Accessories,5,30.15,141.7,CUST1484,Greater Accra,Card,Retail,0.06
2026-03-18,Smartphone,Electronics,3,430.36,1226.53,CUST1048,Greater Accra,Mobile Money,Retail,0.05
2026-03-18,Laptop,Electronics,6,1147.6,5233.06,CUST1679,Greater Accra,Mobile Money,Wholesale,0.24
2026-03-18,Keyboard,Accessories,5,103.87,467.42,CUST1357,Greater Accra,Card,Retail,0.1
2026-03-19,Webcam,Electronics,3,153.04,426.98,CUST1509,Greater Accra,Bank Transfer,Retail,0.07
2026-03-19,Smartphone,Electronics,5,1128.87,5249.25,CUST1103,Ashanti,Cash,Retail,0.07
2026-03-19,Office Chair,Furniture,2,185.26,359.4,CUST1434,Bono,Mobile Money,Retail,0.03
2026-03-19,Office Chair,Furniture,4,261.77,952.84,CUST1423,Northern,Mobile Money,Retail,0.09
2026-03-19,Phone Case,Accessories,3,20.61,56.88,CUST1419,Greater Accra,Bank Transfer,Retail,0.08
2026-03-19,Headphones,Electronics,3,161.05,425.17,CUST1411,Central,Card,Retail,0.12
2026-03-19,Monitor,Electronics,1,453.57,421.82,CUST1792,Ashanti,Bank Transfer,Retail,0.07
2026-03-19,Mouse,Accessories,3,18.86,48.66,CUST1267,Greater Accra,Bank Transfer,Retail,0.14
2026-03-19,Phone Case,Accessories,5,30.55,135.95,CUST1513,Greater Accra,Cash,Retail,0.11
2026-03-20,USB Drive,Accessories,2,21.38,39.34,CUST1150,Western,Bank Transfer,Retail,0.08
2026-03-20,USB Drive,Accessories,1,31.01,27.29,CUST1546,Ashanti,Bank Transfer,Retail,0.12
2026-03-20,Phone Case,Accessories,1,33.47,32.13,CUST1002,Eastern,Card,Retail,0.04
2026-03-20,Laptop,Electronics,1,1339.64,1299.45,CUST1870,Ashanti,Card,Retail,0.03
2026-03-21,USB Drive,Accessories,2,26.67,49.07,CUST1821,Greater Accra,Card,Retail,0.08
2026-03-21,Phone Case,Accessories,2,40.95,69.62,CUST1190,Eastern,Cash,Retail,0.15
2026-03-22,Smartphone,Electronics,1,1039.87,894.29,CUST1355,Greater Accra,Mobile Money,Retail,0.14
2026-03-22,Headphones,Electronics,1,106.21,93.46,CUST1645,Greater Accra,Mobile Money,Retail,0.12
2026-03-23,Keyboard,Accessories,3,44.36,121.1,CUST1069,Greater Accra,Card,Retail,0.09
2026-03-23,Phone Case,Accessories,7,15.96,101.67,CUST1979,Eastern,Cash,Retail,0.09
2026-03-23,Office Chair,Furniture,5,151.53,689.46,CUST1071,Central,Card,Wholesale,0.09
2026-03-23,USB Drive,Accessories,6,29.61,161.67,CUST1247,Greater Accra,Card,Wholesale,0.09
2026-03-24,Keyboard,Accessories,2,51.07,97.03,CUST1165,Greater Accra,Card,Retail,0.05
2026-03-24,Keyboard,Accessories,4,62.96,239.25,CUST1331,Western,Card,Retail,0.05
2026-03-24,USB Drive,Accessories,4,16.81,59.17,CUST1192,Central,Bank Transfer,Retail,0.12
2026-03-24,Phone Case,Accessories,5,40.11,176.48,CUST1962,Bono,Mobile Money,Retail,0.12
2026-03-24,Smartphone,Electronics,3,572.33,1682.65,CUST1574,Greater Accra,Card,Retail,0.02
2026-03-25,Laptop,Electronics,4,1220.37,4442.15,CUST1372,Ashanti,Mobile Money,Wholesale,0.09
2026-03-25,Headphones,Electronics,10,151.31,1513.1,CUST1706,Bono,Bank Transfer,Retail,0.0
2026-03-25,Bookshelf,Furniture,4,204.44,809.58,CUST1522,Western,Cash,Retail,0.01
2026-03-26,Monitor,Electronics,6,195.33,1136.82,CUST1299,Central,Mobile Money,Retail,0.03
2026-03-26,Desk Lamp,Furniture,2,49.19,96.41,CUST1582,Ashanti,Cash,Retail,0.02
2026-03-26,Tablet,Electronics,2,593.0,1138.56,CUST1042,Greater Accra,Mobile Money,Retail,0.04
2026-03-27,Webcam,Electronics,11,157.47,1403.06,CUST1931,Greater Accra,Card,Wholesale,0.19
2026-03-27,Laptop,Electronics,3,991.33,2736.07,CUST1945,Central,Mobile Money,Retail,0.08
2026-03-28,Webcam,Electronics,1,134.39,116.92,CUST1068,Greater Accra,Cash,Retail,0.13
2026-03-28,Desk Lamp,Furniture,14,26.22,330.37,CUST1047,Northern,Cash,Retail,0.1
2026-03-28,Tablet,Electronics,2,622.33,1057.96,CUST1352,Ashanti,Bank Transfer,Retail,0.15
2026-03-29,Bookshelf,Furniture,6,174.05,960.76,CUST1247,Ashanti,Mobile Money,Retail,0.08
2026-03-29,Desk Lamp,Furniture,2,69.38,122.11,CUST1110,Eastern,Cash,Retail,0.12
2026-03-30,Webcam,Electronics,2,92.91,185.82,CUST1869,Ashanti,Card,Retail,0.0
2026-03-30,Headphones,Electronics,5,168.97,701.23,CUST1194,Ashanti,Mobile Money,Wholesale,0.17
2026-03-30,Phone Case,Accessories,1,29.96,29.36,CUST1113,Greater Accra,Card,Retail,0.02
2026-03-30,Monitor,Electronics,4,207.48,746.93,CUST1591,Ashanti,Mobile Money,Retail,0.1
2026-03-30,Phone Case,Accessories,1,22.68,22.23,CUST1276,Bono,Cash,Retail,0.02
2026-03-30,Keyboard,Accessories,1,115.61,98.27,CUST1201,Greater Accra,Card,Retail,0.15
2026-03-31,Bookshelf,Furniture,1,274.18,233.05,CUST1136,Western,Card,Retail,0.15
2026-03-31,Phone Case,Accessories,4,10.1,38.38,CUST1223,Northern,Mobile Money,Retail,0.05
2026-04-01,Headphones,Electronics,1,107.16,91.09,CUST1495,Greater Accra,Cash,Retail,0.15
2026-04-01,USB Drive,Accessories,2,29.36,56.96,CUST1291,Greater Accra,Mobile Money,Retail,0.03
2026-04-01,USB Drive,Accessories,2,17.57,31.98,CUST1484,Ashanti,Mobile Money,Retail,0.09
2026-04-01,Smartphone,Electronics,3,600.43,1368.98,CUST1383,Greater Accra,Card,Wholesale,0.24
2026-04-01,Webcam,Electronics,1,73.28,62.29,CUST1343,Greater Accra,Mobile Money,Retail,0.15
2026-04-02,Phone Case,Accessories,5,40.64,174.75,CUST1787,Greater Accra,Bank Transfer,Retail,0.14
2026-04-02,USB Drive,Accessories,10,23.99,194.32,CUST1027,Central,Cash,Wholesale,0.19
2026-04-02,Webcam,Electronics,4,136.53,540.66,CUST1554,Ashanti,Cash,Retail,0.01
2026-04-02,Monitor,Electronics,1,400.03,352.03,CUST1075,Ashanti,Cash,Retail,0.12
2026-04-03,Headphones,Electronics,1,139.71,120.15,CUST1693,Eastern,Mobile Money,Retail,0.14
2026-04-03,USB Drive,Accessories,1,33.78,32.43,CUST1516,Greater Accra,Bank Transfer,Retail,0.04
2026-04-03,Headphones,Electronics,3,73.8,203.69,CUST1255,Greater Accra,Mobile Money,Retail,0.08
2026-04-03,Mouse,Accessories,2,20.01,36.42,CUST1324,Western,Bank Transfer,Retail,0.09
2026-04-03,Smartphone,Electronics,6,466.82,2520.83,CUST1350,Greater Accra,Mobile Money,Retail,0.1
2026-04-04,Phone Case,Accessories,2,44.95,84.51,CUST1368,Greater Accra,Cash,Retail,0.06
2026-04-04,Desk,Furniture,2,521.47,896.93,CUST1937,Western,Card,Retail,0.14
2026-04-05,Keyboard,Accessories,9,84.18,742.47,CUST1125,Ashanti,Card,Retail,0.02
2026-04-06,Desk Lamp,Furniture,4,66.18,232.95,CUST1739,Greater Accra,Mobile Money,Retail,0.12
2026-04-06,Tablet,Electronics,3,675.66,1986.44,CUST1998,Greater Accra,Cash,Retail,0.02
2026-04-06,Tablet,Electronics,1,438.22,390.02,CUST1658,Bono,Mobile Money,Retail,0.11
2026-04-06,Mouse,Accessories,3,24.59,68.61,CUST1350,Greater Accra,Card,Wholesale,0.07
2026-04-07,Office Chair,Furniture,3,177.62,511.55,CUST1882,Northern,Bank Transfer,Retail,0.04
2026-04-08,Webcam,Electronics,1,158.9,136.65,CUST1076,Greater Accra,Bank Transfer,Retail,0.14
2026-04-08,Laptop,Electronics,9,1085.82,9479.21,CUST1061,Greater Accra,Mobile Money,Retail,0.03
2026-04-08,Printer,Electronics,8,321.59,2341.18,CUST1782,Greater Accra,Card,Wholesale,0.09
2026-04-09,Bookshelf,Furniture,6,136.66,754.36,CUST1829,Eastern,Mobile Money,Retail,0.08
2026-04-09,Printer,Electronics,1,298.71,265.85,CUST1678,Ashanti,Mobile Money,Retail,0.11
2026-04-09,Printer,Electronics,1,438.8,403.7,CUST1826,Bono,Card,Retail,0.08
2026-04-09,Phone Case,Accessories,3,14.89,44.22,CUST1774,Greater Accra,Card,Retail,0.01
2026-04-09,USB Drive,Accessories,1,34.83,29.61,CUST1264,Greater Accra,Mobile Money,Retail,0.15
2026-04-09,Headphones,Electronics,8,176.55,1228.79,CUST1975,Greater Accra,Mobile Money,Wholesale,0.13
2026-04-10,Tablet,Electronics,2,531.09,924.1,CUST1374,Greater Accra,Mobile Money,Retail,0.13
2026-04-10,Mouse,Accessories,8,31.24,227.43,CUST1699,Bono,Mobile Money,Wholesale,0.09
2026-04-11,Office Chair,Furniture,1,276.72,251.82,CUST1267,Eastern,Mobile Money,Retail,0.09
2026-04-12,Tablet,Electronics,3,456.06,1313.45,CUST1328,Central,Cash,Retail,0.04
2026-04-13,Phone Case,Accessories,1,14.48,14.34,CUST1833,Ashanti,Card,Retail,0.01
2026-04-13,Printer,Electronics,2,406.1,698.49,CUST1986,Greater Accra,Cash,Retail,0.14
2026-04-13,Monitor,Electronics,2,324.13,557.5,CUST1269,Greater Accra,Cash,Retail,0.14
2026-04-13,Office Chair,Furniture,4,322.07,1223.87,CUST1988,Northern,Bank Transfer,Retail,0.05
2026-04-14,Office Chair,Furniture,4,242.2,891.3,CUST1351,Greater Accra,Cash,Retail,0.08
2026-04-15,USB Drive,Accessories,9,13.38,105.97,CUST1191,Greater Accra,Cash,Wholesale,0.12
2026-04-16,Mouse,Accessories,2,37.81,74.86,CUST1737,Greater Accra,Mobile Money,Retail,0.01
2026-04-16,Phone Case,Accessories,3,41.1,118.37,CUST1215,Western,Mobile Money,Retail,0.04
2026-04-16,Keyboard,Accessories,5,105.41,516.51,CUST1747,Greater Accra,Cash,Retail,0.02
2026-04-17,Laptop,Electronics,6,1082.35,5844.69,CUST1315,Ashanti,Mobile Money,Retail,0.1
2026-04-17,Desk Lamp,Furniture,2,27.25,48.51,CUST1023,Volta,Mobile Money,Retail,0.11
2026-04-17,Desk,Furniture,2,342.43,657.47,CUST1774,Northern,Bank Transfer,Retail,0.04
2026-04-17,Bookshelf,Furniture,8,107.25,660.66,CUST1294,Greater Accra,Card,Wholesale,0.23
2026-04-17,Headphones,Electronics,2,96.92,191.9,CUST1427,Bono,Mobile Money,Retail,0.01
2026-04-17,Desk,Furniture,5,565.33,2317.85,CUST1051,Greater Accra,Mobile Money,Wholesale,0.18
2026-04-18,Desk Lamp,Furniture,1,46.45,42.27,CUST1814,Central,Card,Retail,0.09
2026-04-18,Smartphone,Electronics,5,771.35,3355.37,CUST1179,Greater Accra,Mobile Money,Retail,0.13
2026-04-19,Mouse,Accessories,2,27.06,49.25,CUST1511,Greater Accra,Card,Retail,0.09
2026-04-20,Keyboard,Accessories,11,76.76,751.48,CUST1367,Central,Card,Wholesale,0.11
2026-04-20,Office Chair,Furniture,6,238.35,1430.1,CUST1141,Eastern,Cash,Retail,0.0
2026-04-20,Phone Case,Accessories,6,39.28,179.12,CUST1166,Ashanti,Card,Wholesale,0.24
2026-04-20,Mouse,Accessories,3,18.22,50.83,CUST1130,Bono,Mobile Money,Retail,0.07
2026-04-21,Office Chair,Furniture,3,345.94,975.55,CUST1640,Greater Accra,Cash,Retail,0.06
2026-04-22,Bookshelf,Furniture,3,172.1,449.18,CUST1889,Ashanti,Mobile Money,Wholesale,0.13
2026-04-22,Laptop,Electronics,1,952.99,933.93,CUST1270,Ashanti,Mobile Money,Retail,0.02
2026-04-22,USB Drive,Accessories,3,27.88,79.46,CUST1485,Central,Mobile Money,Retail,0.05
2026-04-22,Mouse,Accessories,4,24.65,96.63,CUST1615,Ashanti,Bank Transfer,Retail,0.02
2026-04-22,Webcam,Electronics,4,147.76,579.22,CUST1833,Bono,Bank Transfer,Retail,0.02
2026-04-22,Keyboard,Accessories,5,105.85,529.25,CUST1650,Western,Card,Retail,0.0
2026-04-22,Printer,Electronics,2,524.99,997.48,CUST1686,Ashanti,Card,Retail,0.05
2026-04-22,Phone Case,Accessories,5,41.96,190.92,CUST1990,Northern,Cash,Wholesale,0.09
2026-04-23,Desk Lamp,Furniture,1,55.61,53.94,CUST1288,Ashanti,Card,Retail,0.03
2026-04-23,Mouse,Accessories,2,32.65,60.73,CUST1757,Eastern,Cash,Retail,0.07
2026-04-23,Phone Case,Accessories,2,27.83,51.21,CUST1888,Bono,Cash,Retail,0.08
2026-04-23,Keyboard,Accessories,1,79.44,78.65,CUST1225,Western,Bank Transfer,Retail,0.01
2026-04-24,Mouse,Accessories,10,45.61,396.81,CUST1935,Greater Accra,Cash,Wholesale,0.13
2026-04-24,Mouse,Accessories,1,21.44,20.15,CUST1908,Ashanti,Bank Transfer,Retail,0.06
2026-04-24,Webcam,Electronics,4,166.95,654.44,CUST1655,Greater Accra,Card,Retail,0.02
2026-04-24,Desk Lamp,Furniture,1,26.18,22.51,CUST1982,Greater Accra,Mobile Money,Retail,0.14
2026-04-24,Mouse,Accessories,3,46.77,129.09,CUST1709,Western,Cash,Retail,0.08
2026-04-25,Phone Case,Accessories,1,13.12,11.94,CUST1103,Greater Accra,Mobile Money,Retail,0.09
2026-04-25,Headphones,Electronics,9,174.96,1212.47,CUST1433,Greater Accra,Cash,Wholesale,0.23
2026-04-25,Smartphone,Electronics,10,1000.79,7606.0,CUST1828,Greater Accra,Bank Transfer,Wholesale,0.24
2026-04-27,Desk Lamp,Furniture,1,56.95,50.69,CUST1731,Greater Accra,Cash,Retail,0.11
2026-04-27,Office Chair,Furniture,1,301.76,271.58,CUST1696,Greater Accra,Mobile Money,Retail,0.1
2026-04-28,Phone Case,Accessories,1,40.58,36.93,CUST1359,Ashanti,Mobile Money,Retail,0.09
2026-04-28,Keyboard,Accessories,5,102.92,442.56,CUST1529,Greater Accra,Mobile Money,Retail,0.14
2026-04-28,Mouse,Accessories,4,21.32,75.05,CUST1246,Central,Card,Retail,0.12
2026-04-28,Headphones,Electronics,1,91.54,80.56,CUST1663,Central,Bank Transfer,Retail,0.12
2026-04-28,Office Chair,Furniture,4,150.32,553.18,CUST1905,Ashanti,Cash,Retail,0.08
2026-04-28,Desk Lamp,Furniture,3,28.43,83.58,CUST1184,Greater Accra,Mobile Money,Retail,0.02
2026-04-28,Phone Case,Accessories,3,19.52,53.29,CUST1184,Eastern,Cash,Retail,0.09
2026-04-29,Desk Lamp,Furniture,2,63.22,112.53,CUST1824,Bono,Mobile Money,Retail,0.11
2026-04-29,Desk Lamp,Furniture,5,72.88,349.82,CUST1260,Central,Cash,Retail,0.04
2026-04-29,Phone Case,Accessories,1,40.32,36.29,CUST1649,Western,Mobile Money,Retail,0.1
2026-04-29,Smartphone,Electronics,1,585.72,562.29,CUST1366,Northern,Mobile Money,Retail,0.04
2026-04-29,Mouse,Accessories,1,23.65,23.65,CUST1027,Western,Mobile Money,Retail,0.0
2026-04-29,Headphones,Electronics,2,121.35,223.28,CUST1467,Eastern,Bank Transfer,Retail,0.08
2026-04-29,Office Chair,Furniture,1,132.36,117.8,CUST1814,Ashanti,Mobile Money,Retail,0.11
2026-04-30,Desk Lamp,Furniture,13,42.56,453.69,CUST1404,Ashanti,Mobile Money,Wholesale,0.18
2026-04-30,Desk Lamp,Furniture,4,49.98,175.93,CUST1201,Greater Accra,Cash,Retail,0.12
2026-04-30,Laptop,Electronics,1,1252.34,1077.01,CUST1359,Western,Bank Transfer,Retail,0.14
2026-05-01,Mouse,Accessories,6,15.91,81.14,CUST1125,Ashanti,Mobile Money,Retail,0.15
2026-05-01,Keyboard,Accessories,14,77.2,907.87,CUST1223,Eastern,Cash,Wholesale,0.16
2026-05-01,USB Drive,Accessories,4,19.27,66.29,CUST1104,Western,Bank Transfer,Retail,0.14
2026-05-01,Webcam,Electronics,1,122.31,114.97,CUST1959,Greater Accra,Mobile Money,Retail,0.06
2026-05-02,Headphones,Electronics,3,130.16,374.86,CUST1358,Eastern,Mobile Money,Retail,0.04
2026-05-03,Headphones,Electronics,9,103.2,826.63,CUST1572,Greater Accra,Card,Retail,0.11
2026-05-04,Bookshelf,Furniture,9,206.26,1652.14,CUST1356,Greater Accra,Mobile Money,Retail,0.11
2026-05-04,Tablet,Electronics,2,612.82,1127.59,CUST1746,Western,Card,Retail,0.08
2026-05-04,Monitor,Electronics,1,221.17,205.69,CUST1084,Greater Accra,Cash,Retail,0.07
2026-05-04,Desk Lamp,Furniture,2,82.88,162.44,CUST1633,Eastern,Cash,Retail,0.02
2026-05-04,Mouse,Accessories,1,21.46,19.53,CUST1878,Ashanti,Cash,Retail,0.09
2026-05-05,Mouse,Accessories,4,20.27,81.08,CUST1211,Central,Bank Transfer,Retail,0.0
2026-05-05,Headphones,Electronics,5,73.81,317.38,CUST1419,Greater Accra,Card,Retail,0.14
2026-05-05,Laptop,Electronics,7,1221.03,7094.18,CUST1688,Ashanti,Card,Wholesale,0.17
2026-05-06,Webcam,Electronics,10,78.83,630.64,CUST1612,Central,Card,Wholesale,0.2
2026-05-06,USB Drive,Accessories,5,37.18,178.46,CUST1576,Ashanti,Bank Transfer,Retail,0.04
2026-05-06,Bookshelf,Furniture,4,194.45,700.02,CUST1078,Bono,Cash,Retail,0.1
2026-05-06,Webcam,Electronics,4,162.43,630.23,CUST1803,Greater Accra,Cash,Retail,0.03
2026-05-06,Desk,Furniture,3,479.32,1380.44,CUST1511,Greater Accra,Mobile Money,Retail,0.04
2026-05-07,Tablet,Electronics,1,441.94,384.49,CUST1384,Northern,Card,Retail,0.13
2026-05-07,Tablet,Electronics,6,266.65,1471.91,CUST1802,Volta,Bank Transfer,Retail,0.08
2026-05-07,USB Drive,Accessories,7,27.32,185.5,CUST1163,Western,Card,Retail,0.03
2026-05-07,Bookshelf,Furniture,7,101.05,615.39,CUST1231,Ashanti,Card,Retail,0.13
2026-05-07,Monitor,Electronics,4,245.8,835.72,CUST1751,Ashanti,Mobile Money,Retail,0.15
2026-05-07,Smartphone,Electronics,3,802.27,2142.06,CUST1217,Volta,Mobile Money,Retail,0.11
2026-05-07,Desk,Furniture,6,480.95,2683.7,CUST1746,Ashanti,Mobile Money,Wholesale,0.07
2026-05-08,Bookshelf,Furniture,3,282.92,780.86,CUST1826,Greater Accra,Mobile Money,Retail,0.08
2026-05-08,Desk,Furniture,3,482.5,1230.38,CUST1313,Ashanti,Mobile Money,Retail,0.15
2026-05-10,Laptop,Electronics,1,1219.01,1060.54,CUST1625,Greater Accra,Card,Retail,0.13
2026-05-11,Desk Lamp,Furniture,5,31.63,150.24,CUST1441,Ashanti,Cash,Retail,0.05
2026-05-11,Headphones,Electronics,1,48.08,45.2,CUST1303,Western,Cash,Retail,0.06
2026-05-11,Phone Case,Accessories,14,25.01,297.62,CUST1338,Eastern,Mobile Money,Wholesale,0.15
2026-05-11,Desk Lamp,Furniture,1,60.26,57.25,CUST1617,Eastern,Mobile Money,Retail,0.05
2026-05-11,USB Drive,Accessories,2,35.52,63.94,CUST1076,Greater Accra,Mobile Money,Retail,0.1
2026-05-11,Webcam,Electronics,4,120.2,423.1,CUST1375,Greater Accra,Mobile Money,Wholesale,0.12
2026-05-12,Mouse,Accessories,9,26.95,196.47,CUST1593,Greater Accra,Cash,Wholesale,0.19
2026-05-12,Smartphone,Electronics,2,700.13,1372.25,CUST1014,Greater Accra,Mobile Money,Retail,0.02
2026-05-14,Tablet,Electronics,10,513.69,4058.15,CUST1716,Greater Accra,Bank Transfer,Wholesale,0.21
2026-05-14,Bookshelf,Furniture,2,251.43,497.83,CUST1860,Greater Accra,Cash,Retail,0.01
2026-05-14,Laptop,Electronics,1,1272.9,1145.61,CUST1544,Greater Accra,Mobile Money,Retail,0.1
2026-05-14,Desk Lamp,Furniture,12,80.84,843.97,CUST1136,Ashanti,Cash,Retail,0.13
2026-05-15,Webcam,Electronics,1,108.11,95.14,CUST1065,Greater Accra,Mobile Money,Retail,0.12
2026-05-15,Office Chair,Furniture,10,123.64,1088.03,CUST1574,Greater Accra,Cash,Wholesale,0.12
2026-05-15,Webcam,Electronics,4,70.25,278.19,CUST1557,Volta,Bank Transfer,Retail,0.01
2026-05-15,Bookshelf,Furniture,5,166.08,822.1,CUST1614,Greater Accra,Card,Retail,0.01
2026-05-16,USB Drive,Accessories,3,26.98,80.13,CUST1607,Greater Accra,Cash,Retail,0.01
2026-05-16,Webcam,Electronics,3,130.33,367.53,CUST1630,Eastern,Mobile Money,Retail,0.06
2026-05-17,Mouse,Accessories,1,48.65,43.78,CUST1343,Greater Accra,Mobile Money,Retail,0.1
2026-05-17,Desk,Furniture,1,294.15,288.27,CUST1557,Greater Accra,Cash,Retail,0.02
2026-05-18,Mouse,Accessories,2,47.22,81.22,CUST1559,Greater Accra,Mobile Money,Retail,0.14
2026-05-18,USB Drive,Accessories,1,33.11,28.14,CUST1544,Ashanti,Bank Transfer,Retail,0.15
2026-05-18,Desk Lamp,Furniture,6,78.4,404.54,CUST1342,Greater Accra,Bank Transfer,Retail,0.14
2026-05-18,Keyboard,Accessories,1,57.83,50.31,CUST1517,Western,Mobile Money,Retail,0.13
2026-05-19,Desk,Furniture,4,305.95,1076.94,CUST1693,Western,Cash,Retail,0.12
2026-05-19,Desk,Furniture,3,317.27,856.63,CUST1738,Ashanti,Cash,Retail,0.1
2026-05-19,Mouse,Accessories,6,17.93,92.52,CUST1229,Bono,Mobile Money,Retail,0.14
2026-05-19,Desk Lamp,Furniture,1,63.67,56.67,CUST1599,Ashanti,Card,Retail,0.11
2026-05-20,USB Drive,Accessories,3,28.5,82.94,CUST1684,Greater Accra,Card,Retail,0.03
2026-05-20,Smartphone,Electronics,2,702.68,1321.04,CUST1843,Greater Accra,Mobile Money,Retail,0.06
2026-05-20,Headphones,Electronics,1,102.47,91.2,CUST1394,Greater Accra,Bank Transfer,Retail,0.11
2026-05-20,Mouse,Accessories,10,40.54,348.64,CUST1823,Volta,Mobile Money,Wholesale,0.14
2026-05-21,Keyboard,Accessories,8,40.39,300.5,CUST1388,Eastern,Mobile Money,Retail,0.07
2026-05-21,USB Drive,Accessories,9,29.8,227.97,CUST1443,Eastern,Card,Wholesale,0.15
2026-05-21,Office Chair,Furniture,3,256.58,738.95,CUST1212,Ashanti,Mobile Money,Retail,0.04
2026-05-21,Mouse,Accessories,3,37.46,106.76,CUST1840,Greater Accra,Card,Retail,0.05
2026-05-21,Mouse,Accessories,2,29.64,58.69,CUST1367,Greater Accra,Cash,Retail,0.01
2026-05-21,Headphones,Electronics,4,179.58,646.49,CUST1649,Ashanti,Mobile Money,Retail,0.1
2026-05-22,Headphones,Electronics,10,91.7,834.47,CUST1859,Ashanti,Bank Transfer,Wholesale,0.09
2026-05-22,Smartphone,Electronics,6,1126.83,6084.88,CUST1355,Ashanti,Mobile Money,Retail,0.1
2026-05-23,Phone Case,Accessories,2,11.75,23.27,CUST1726,Ashanti,Card,Retail,0.01
2026-05-23,Keyboard,Accessories,2,79.32,152.29,CUST1955,Northern,Mobile Money,Retail,0.04
2026-05-24,Keyboard,Accessories,3,62.06,163.84,CUST1262,Ashanti,Bank Transfer,Retail,0.12
2026-05-24,Desk Lamp,Furniture,2,77.83,149.43,CUST1128,Ashanti,Card,Retail,0.04
2026-05-25,Keyboard,Accessories,4,85.96,299.14,CUST1496,Ashanti,Mobile Money,Retail,0.13
2026-05-26,Phone Case,Accessories,1,33.77,32.42,CUST1319,Western,Bank Transfer,Retail,0.04
2026-05-26,Mouse,Accessories,2,45.63,77.57,CUST1709,Central,Card,Retail,0.15
2026-05-26,Desk Lamp,Furniture,14,48.32,581.77,CUST1881,Eastern,Card,Wholesale,0.14
2026-05-26,Mouse,Accessories,2,22.87,45.74,CUST1514,Western,Mobile Money,Retail,0.0
2026-05-27,Office Chair,Furniture,3,262.65,717.03,CUST1525,Central,Mobile Money,Retail,0.09
2026-05-27,Keyboard,Accessories,5,38.11,177.21,CUST1134,Central,Card,Retail,0.07
2026-05-27,Keyboard,Accessories,10,119.29,1121.33,CUST1685,Ashanti,Mobile Money,Retail,0.06
2026-05-27,Printer,Electronics,5,416.95,1980.51,CUST1135,Ashanti,Cash,Retail,0.05
2026-05-28,Desk,Furniture,9,419.82,3702.81,CUST1711,Greater Accra,Bank Transfer,Retail,0.02
2026-05-28,Webcam,Electronics,8,77.45,501.88,CUST1113,Greater Accra,Mobile Money,Wholesale,0.19
2026-05-28,Desk Lamp,Furniture,3,49.36,127.35,CUST1265,Ashanti,Mobile Money,Retail,0.14
2026-05-28,Laptop,Electronics,4,1086.35,3432.87,CUST1020,Greater Accra,Bank Transfer,Wholesale,0.21
2026-05-29,Desk Lamp,Furniture,3,73.19,210.79,CUST1657,Western,Card,Retail,0.04
2026-05-29,Desk Lamp,Furniture,3,35.7,91.04,CUST1494,Greater Accra,Card,Retail,0.15
2026-05-30,Mouse,Accessories,5,43.54,215.52,CUST1157,Bono,Mobile Money,Retail,0.01
2026-05-30,Smartphone,Electronics,8,398.14,3025.86,CUST1405,Ashanti,Mobile Money,Retail,0.05
2026-06-01,Office Chair,Furniture,5,291.63,1283.17,CUST1844,Western,Mobile Money,Wholesale,0.12
2026-06-01,Laptop,Electronics,1,858.01,815.11,CUST1719,Greater Accra,Card,Retail,0.05
2026-06-02,USB Drive,Accessories,1,27.81,25.59,CUST1168,Central,Card,Retail,0.08
2026-06-02,Phone Case,Accessories,1,20.73,20.11,CUST1275,Western,Mobile Money,Retail,0.03
2026-06-02,Desk,Furniture,1,398.12,354.33,CUST1057,Bono,Mobile Money,Retail,0.11
2026-06-02,Laptop,Electronics,4,865.28,3080.4,CUST1960,Central,Mobile Money,Retail,0.11
2026-06-03,Monitor,Electronics,4,475.28,1615.95,CUST1025,Bono,Card,Retail,0.15
2026-06-03,Laptop,Electronics,5,974.39,4677.07,CUST1612,Bono,Cash,Retail,0.04
2026-06-03,Headphones,Electronics,5,163.08,750.17,CUST1542,Central,Cash,Retail,0.08
2026-06-03,Mouse,Accessories,1,43.35,35.55,CUST1418,Ashanti,Bank Transfer,Wholesale,0.18
2026-06-03,Laptop,Electronics,1,981.78,922.87,CUST1912,Ashanti,Mobile Money,Wholesale,0.06
2026-06-04,Mouse,Accessories,2,18.26,32.5,CUST1131,Western,Bank Transfer,Retail,0.11
2026-06-04,Tablet,Electronics,7,216.73,1380.57,CUST1053,Northern,Mobile Money,Wholesale,0.09
2026-06-05,Tablet,Electronics,4,415.66,1579.51,CUST1543,Greater Accra,Mobile Money,Retail,0.05
2026-06-05,Webcam,Electronics,6,142.62,770.15,CUST1211,Greater Accra,Card,Retail,0.1
2026-06-05,Tablet,Electronics,4,623.84,2195.92,CUST1669,Ashanti,Card,Retail,0.12
2026-06-06,Bookshelf,Furniture,2,178.1,302.77,CUST1027,Ashanti,Cash,Retail,0.15
2026-06-06,Desk Lamp,Furniture,5,61.26,263.42,CUST1566,Central,Card,Retail,0.14
2026-06-07,Office Chair,Furniture,2,181.36,308.31,CUST1968,Central,Card,Retail,0.15
2026-06-08,Office Chair,Furniture,11,177.56,1464.87,CUST1200,Greater Accra,Mobile Money,Wholesale,0.25
2026-06-08,Keyboard,Accessories,5,33.93,169.65,CUST1170,Greater Accra,Mobile Money,Retail,0.0
2026-06-08,Printer,Electronics,4,447.25,1699.55,CUST1227,Bono,Bank Transfer,Retail,0.05
2026-06-08,Monitor,Electronics,2,418.48,786.74,CUST1013,Ashanti,Card,Retail,0.06
2026-06-09,Tablet,Electronics,3,503.38,1434.63,CUST1998,Volta,Cash,Retail,0.05
2026-06-09,Tablet,Electronics,9,329.01,2220.82,CUST1994,Greater Accra,Mobile Money,Wholesale,0.25
2026-06-11,Monitor,Electronics,2,181.04,347.6,CUST1988,Greater Accra,Mobile Money,Retail,0.04
2026-06-11,Mouse,Accessories,1,46.93,41.77,CUST1134,Greater Accra,Mobile Money,Retail,0.11
2026-06-11,Tablet,Electronics,5,372.7,1658.52,CUST1646,Ashanti,Cash,Retail,0.11
2026-06-12,Monitor,Electronics,4,412.33,1500.88,CUST1369,Western,Cash,Wholesale,0.09
2026-06-12,Desk Lamp,Furniture,2,81.0,139.32,CUST1284,Ashanti,Mobile Money,Retail,0.14
2026-06-12,Smartphone,Electronics,3,692.54,1911.41,CUST1625,Greater Accra,Mobile Money,Retail,0.08
2026-06-12,Phone Case,Accessories,2,12.63,21.98,CUST1056,Ashanti,Bank Transfer,Retail,0.13
2026-06-12,Monitor,Electronics,1,328.12,292.03,CUST1091,Ashanti,Card,Retail,0.11
2026-06-12,Desk Lamp,Furniture,1,42.26,38.03,CUST1584,Eastern,Card,Retail,0.1
2026-06-13,Phone Case,Accessories,9,41.61,363.26,CUST1325,Western,Mobile Money,Retail,0.03
2026-06-14,Headphones,Electronics,6,121.55,663.66,CUST1424,Greater Accra,Card,Retail,0.09
2026-06-15,Phone Case,Accessories,4,13.59,49.47,CUST1987,Central,Bank Transfer,Retail,0.09
2026-06-15,Monitor,Electronics,4,386.61,1190.76,CUST1181,Central,Cash,Wholesale,0.23
2026-06-15,Keyboard,Accessories,1,73.94,68.76,CUST1026,Bono,Mobile Money,Retail,0.07
2026-06-15,Headphones,Electronics,6,174.85,954.68,CUST1674,Greater Accra,Mobile Money,Wholesale,0.09
2026-06-15,USB Drive,Accessories,2,14.66,25.8,CUST1197,Greater Accra,Card,Retail,0.12
2026-06-16,Phone Case,Accessories,3,32.55,90.81,CUST1634,Volta,Mobile Money,Retail,0.07
2026-06-16,Monitor,Electronics,1,243.07,226.06,CUST1268,Ashanti,Cash,Retail,0.07
2026-06-16,USB Drive,Accessories,3,26.49,71.52,CUST1731,Greater Accra,Cash,Retail,0.1
2026-06-16,Smartphone,Electronics,3,1157.0,2985.06,CUST1906,Greater Accra,Cash,Retail,0.14
2026-06-17,Phone Case,Accessories,3,28.17,76.06,CUST1225,Western,Bank Transfer,Retail,0.1
2026-06-17,Smartphone,Electronics,2,855.95,1677.66,CUST1677,Greater Accra,Mobile Money,Retail,0.02
2026-06-17,Tablet,Electronics,1,365.77,325.54,CUST1039,Greater Accra,Cash,Retail,0.11
2026-06-18,Webcam,Electronics,1,96.18,82.71,CUST1688,Greater Accra,Card,Retail,0.14
2026-06-18,USB Drive,Accessories,1,21.92,20.6,CUST1753,Greater Accra,Mobile Money,Retail,0.06
2026-06-18,Office Chair,Furniture,1,125.72,118.18,CUST1707,Bono,Mobile Money,Retail,0.06
2026-06-19,Mouse,Accessories,4,42.11,148.23,CUST1088,Greater Accra,Cash,Retail,0.12
2026-06-19,Monitor,Electronics,1,283.24,243.59,CUST1735,Eastern,Card,Retail,0.14
2026-06-21,Phone Case,Accessories,3,30.78,86.8,CUST1027,Central,Card,Retail,0.06
2026-06-22,Office Chair,Furniture,7,342.88,2160.14,CUST1638,Ashanti,Card,Retail,0.1
2026-06-22,Mouse,Accessories,4,38.08,141.66,CUST1295,Greater Accra,Mobile Money,Retail,0.07
2026-06-22,USB Drive,Accessories,5,35.54,158.15,CUST1467,Ashanti,Cash,Retail,0.11
2026-06-22,Printer,Electronics,2,426.88,768.38,CUST1444,Eastern,Card,Retail,0.1
2026-06-22,Smartphone,Electronics,1,904.11,849.86,CUST1440,Eastern,Card,Retail,0.06
2026-06-23,Headphones,Electronics,1,176.62,167.79,CUST1905,Greater Accra,Mobile Money,Retail,0.05
2026-06-23,Desk Lamp,Furniture,4,41.03,146.07,CUST1895,Eastern,Card,Retail,0.11
2026-06-23,Webcam,Electronics,3,136.51,364.48,CUST1802,Northern,Card,Retail,0.11
2026-06-23,Smartphone,Electronics,2,478.97,814.25,CUST1003,Central,Cash,Retail,0.15
2026-06-23,Mouse,Accessories,1,42.29,41.44,CUST1194,Central,Cash,Retail,0.02
2026-06-23,Keyboard,Accessories,2,92.05,180.42,CUST1287,Greater Accra,Card,Retail,0.02
2026-06-23,Phone Case,Accessories,4,12.56,49.24,CUST1169,Ashanti,Mobile Money,Retail,0.02
2026-06-23,Monitor,Electronics,5,299.51,1467.6,CUST1790,Greater Accra,Bank Transfer,Retail,0.02
2026-06-23,Headphones,Electronics,3,91.9,272.94,CUST1644,Ashanti,Mobile Money,Retail,0.01
2026-06-24,Tablet,Electronics,11,556.45,5937.32,CUST1999,Western,Mobile Money,Retail,0.03
2026-06-24,Bookshelf,Furniture,2,297.42,523.46,CUST1506,Greater Accra,Cash,Retail,0.12
2026-06-25,Phone Case,Accessories,6,21.96,130.44,CUST1210,Greater Accra,Cash,Retail,0.01
2026-06-25,Mouse,Accessories,2,44.29,77.95,CUST1531,Ashanti,Mobile Money,Retail,0.12
2026-06-26,Mouse,Accessories,7,44.65,284.42,CUST1462,Volta,Mobile Money,Wholesale,0.09
2026-06-26,Smartphone,Electronics,5,614.86,2674.64,CUST1544,Eastern,Bank Transfer,Retail,0.13
2026-06-26,Office Chair,Furniture,1,258.29,258.29,CUST1829,Ashanti,Mobile Money,Retail,0.0
2026-06-26,Phone Case,Accessories,1,11.83,11.12,CUST1523,Greater Accra,Cash,Retail,0.06
2026-06-26,Printer,Electronics,5,255.02,1160.34,CUST1981,Greater Accra,Card,Retail,0.09
2026-06-26,Phone Case,Accessories,1,39.22,33.34,CUST1668,Greater Accra,Cash,Retail,0.15
2026-06-26,Phone Case,Accessories,2,37.53,70.56,CUST1971,Eastern,Card,Retail,0.06
2026-06-27,Mouse,Accessories,7,29.07,189.25,CUST1788,Central,Cash,Retail,0.07
2026-06-27,Desk,Furniture,4,506.04,1902.71,CUST1856,Western,Bank Transfer,Retail,0.06
2026-06-29,Desk,Furniture,1,524.0,445.4,CUST1950,Greater Accra,Mobile Money,Retail,0.15
2026-06-29,Mouse,Accessories,1,19.53,17.58,CUST1071,Central,Mobile Money,Retail,0.1
2026-06-29,Phone Case,Accessories,4,43.48,172.18,CUST1570,Greater Accra,Mobile Money,Retail,0.01
2026-06-29,Headphones,Electronics,2,122.14,210.08,CUST1515,Eastern,Mobile Money,Retail,0.14
2026-06-30,Phone Case,Accessories,1,22.07,19.86,CUST1118,Volta,Mobile Money,Retail,0.1
2026-06-30,Printer,Electronics,1,241.71,215.12,CUST1048,Greater Accra,Card,Retail,0.11
2026-06-30,Keyboard,Accessories,3,91.32,265.74,CUST1528,Greater Accra,Mobile Money,Retail,0.03
2026-06-30,Phone Case,Accessories,10,20.17,167.41,CUST1290,Ashanti,Cash,Wholesale,0.17
2026-07-01,Headphones,Electronics,15,122.21,1576.51,CUST1720,Greater Accra,Cash,Wholesale,0.14
2026-07-01,Smartphone,Electronics,3,878.46,2029.24,CUST1100,Greater Accra,Mobile Money,Wholesale,0.23
2026-07-01,Webcam,Electronics,4,96.74,363.74,CUST1436,Northern,Cash,Retail,0.06
2026-07-02,Keyboard,Accessories,2,81.52,145.11,CUST1071,Greater Accra,Cash,Retail,0.11
2026-07-02,Phone Case,Accessories,1,24.62,24.37,CUST1588,Greater Accra,Card,Retail,0.01
2026-07-03,Phone Case,Accessories,1,43.1,42.24,CUST1166,Greater Accra,Cash,Retail,0.02
2026-07-03,Laptop,Electronics,9,811.08,6277.76,CUST1587,Ashanti,Mobile Money,Retail,0.14
2026-07-03,Desk,Furniture,2,338.37,595.53,CUST1219,Central,Card,Retail,0.12
2026-07-04,Webcam,Electronics,5,68.99,293.21,CUST1167,Eastern,Bank Transfer,Retail,0.15
2026-07-05,USB Drive,Accessories,3,29.9,77.14,CUST1395,Greater Accra,Bank Transfer,Retail,0.14
2026-07-05,Webcam,Electronics,3,166.62,459.87,CUST1813,Greater Accra,Cash,Retail,0.08
2026-07-06,USB Drive,Accessories,3,24.55,69.97,CUST1193,Bono,Card,Retail,0.05
2026-07-06,Office Chair,Furniture,5,150.26,586.01,CUST1788,Eastern,Mobile Money,Wholesale,0.22
2026-07-06,Laptop,Electronics,3,1146.12,2991.37,CUST1306,Ashanti,Mobile Money,Retail,0.13
2026-07-07,Bookshelf,Furniture,2,246.22,428.42,CUST1306,Ashanti,Mobile Money,Retail,0.13
2026-07-07,Tablet,Electronics,1,514.62,442.57,CUST1843,Greater Accra,Mobile Money,Retail,0.14
2026-07-07,Smartphone,Electronics,9,1134.07,8879.77,CUST1733,Greater Accra,Bank Transfer,Retail,0.13
2026-07-07,Webcam,Electronics,2,98.56,173.47,CUST1123,Volta,Cash,Retail,0.12
2026-07-07,Headphones,Electronics,12,168.01,1895.15,CUST1594,Eastern,Mobile Money,Retail,0.06
2026-07-08,Mouse,Accessories,12,43.64,471.31,CUST1207,Western,Card,Wholesale,0.1
2026-07-08,Webcam,Electronics,1,163.55,163.55,CUST1451,Bono,Bank Transfer,Retail,0.0
2026-07-08,Tablet,Electronics,1,234.46,215.7,CUST1483,Northern,Mobile Money,Retail,0.08
2026-07-08,Printer,Electronics,1,479.86,475.06,CUST1715,Northern,Mobile Money,Retail,0.01
2026-07-09,Mouse,Accessories,3,36.66,94.58,CUST1256,Ashanti,Card,Retail,0.14
2026-07-09,Webcam,Electronics,1,80.08,71.27,CUST1009,Eastern,Card,Retail,0.11
2026-07-09,Webcam,Electronics,3,127.89,337.63,CUST1974,Greater Accra,Cash,Wholesale,0.12
2026-07-10,Keyboard,Accessories,2,29.79,55.41,CUST1544,Central,Mobile Money,Retail,0.07
2026-07-11,Phone Case,Accessories,13,41.49,431.5,CUST1988,Volta,Card,Wholesale,0.2
2026-07-11,Desk Lamp,Furniture,2,60.42,107.55,CUST1175,Eastern,Mobile Money,Retail,0.11
2026-07-11,Smartphone,Electronics,1,592.95,551.44,CUST1175,Greater Accra,Card,Retail,0.07
2026-07-11,Headphones,Electronics,6,83.72,462.13,CUST1241,Northern,Cash,Retail,0.08
2026-07-11,Desk,Furniture,2,589.44,1084.57,CUST1674,Greater Accra,Mobile Money,Retail,0.08
2026-07-12,Office Chair,Furniture,2,333.71,573.98,CUST1608,Western,Mobile Money,Retail,0.14
2026-07-12,Office Chair,Furniture,9,261.54,2071.4,CUST1374,Bono,Card,Wholesale,0.12
2026-07-12,Laptop,Electronics,2,1304.54,2400.35,CUST1386,Ashanti,Mobile Money,Retail,0.08
2026-07-13,Desk,Furniture,2,312.73,556.66,CUST1432,Central,Bank Transfer,Retail,0.11
2026-07-13,Keyboard,Accessories,4,108.28,385.48,CUST1052,Greater Accra,Cash,Retail,0.11
2026-07-13,Monitor,Electronics,8,248.26,1549.14,CUST1005,Ashanti,Cash,Wholesale,0.22
2026-07-13,Headphones,Electronics,9,116.44,796.45,CUST1055,Northern,Cash,Wholesale,0.24
2026-07-13,Tablet,Electronics,3,554.39,1463.59,CUST1101,Greater Accra,Bank Transfer,Retail,0.12
2026-07-13,Headphones,Electronics,2,98.69,187.51,CUST1299,Central,Mobile Money,Retail,0.05
2026-07-14,USB Drive,Accessories,2,13.74,23.36,CUST1285,Greater Accra,Mobile Money,Retail,0.15
2026-07-15,Mouse,Accessories,6,28.83,147.03,CUST1520,Greater Accra,Card,Retail,0.15
2026-07-15,Phone Case,Accessories,1,26.07,24.51,CUST1722,Greater Accra,Cash,Retail,0.06
2026-07-15,Smartphone,Electronics,2,783.28,1488.23,CUST1673,Bono,Cash,Retail,0.05
2026-07-15,Webcam,Electronics,3,73.49,194.01,CUST1765,Greater Accra,Mobile Money,Retail,0.12
2026-07-16,Headphones,Electronics,3,55.44,146.36,CUST1592,Volta,Card,Retail,0.12
2026-07-16,USB Drive,Accessories,1,22.94,19.96,CUST1496,Western,Mobile Money,Retail,0.13
2026-07-16,Monitor,Electronics,8,480.45,3497.68,CUST1397,Western,Cash,Retail,0.09
2026-07-16,Headphones,Electronics,4,87.57,311.75,CUST1739,Greater Accra,Cash,Retail,0.11
2026-07-16,Desk Lamp,Furniture,1,65.38,58.19,CUST1017,Greater Accra,Cash,Retail,0.11
2026-07-16,Desk,Furniture,3,589.59,1698.02,CUST1996,Greater Accra,Mobile Money,Retail,0.04
2026-07-17,Tablet,Electronics,11,369.01,3450.24,CUST1585,Greater Accra,Card,Retail,0.15
2026-07-18,Smartphone,Electronics,2,956.73,1894.33,CUST1990,Western,Bank Transfer,Retail,0.01
2026-07-18,Desk Lamp,Furniture,2,37.82,65.05,CUST1876,Volta,Cash,Retail,0.14
2026-07-19,Desk Lamp,Furniture,3,39.73,112.04,CUST1288,Northern,Card,Retail,0.06
2026-07-19,USB Drive,Accessories,2,20.69,37.66,CUST1618,Greater Accra,Mobile Money,Retail,0.09
2026-07-19,Tablet,Electronics,3,383.21,1080.65,CUST1360,Greater Accra,Card,Retail,0.06
2026-07-19,Desk Lamp,Furniture,2,30.59,55.67,CUST1335,Greater Accra,Mobile Money,Retail,0.09
2026-07-20,Desk,Furniture,2,293.66,540.33,CUST1031,Greater Accra,Mobile Money,Retail,0.08
2026-07-20,Phone Case,Accessories,4,37.54,142.65,CUST1297,Volta,Mobile Money,Retail,0.05
2026-07-20,Mouse,Accessories,5,32.8,159.08,CUST1295,Volta,Mobile Money,Retail,0.03
2026-07-20,Phone Case,Accessories,2,22.59,40.21,CUST1279,Greater Accra,Bank Transfer,Retail,0.11
2026-07-21,Laptop,Electronics,3,1481.19,4088.08,CUST1113,Volta,Card,Retail,0.08
2026-07-21,Keyboard,Accessories,4,43.63,171.03,CUST1253,Greater Accra,Mobile Money,Retail,0.02
2026-07-22,Phone Case,Accessories,1,21.65,19.7,CUST1691,Western,Cash,Retail,0.09
2026-07-22,Headphones,Electronics,6,56.38,331.51,CUST1372,Greater Accra,Cash,Retail,0.02
2026-07-22,Headphones,Electronics,4,123.04,433.1,CUST1456,Northern,Cash,Retail,0.12
2026-07-23,Bookshelf,Furniture,1,135.47,123.28,CUST1193,Eastern,Card,Retail,0.09
2026-07-24,Laptop,Electronics,1,826.63,793.56,CUST1945,Greater Accra,Mobile Money,Retail,0.04
2026-07-24,Keyboard,Accessories,6,83.27,424.68,CUST1031,Western,Mobile Money,Wholesale,0.15
2026-07-24,Bookshelf,Furniture,3,166.88,435.56,CUST1169,Greater Accra,Mobile Money,Retail,0.13
2026-07-24,Printer,Electronics,12,364.46,3892.43,CUST1013,Central,Mobile Money,Retail,0.11
2026-07-24,Webcam,Electronics,8,47.79,351.73,CUST1414,Greater Accra,Card,Wholesale,0.08
2026-07-24,USB Drive,Accessories,7,32.02,197.24,CUST1964,Ashanti,Bank Transfer,Retail,0.12
2026-07-26,Tablet,Electronics,13,683.27,7550.13,CUST1396,Greater Accra,Card,Wholesale,0.15
2026-07-27,Desk Lamp,Furniture,3,27.52,79.26,CUST1836,Bono,Mobile Money,Retail,0.04
2026-07-27,Mouse,Accessories,3,27.87,82.77,CUST1759,Northern,Card,Retail,0.01
2026-07-27,USB Drive,Accessories,3,27.03,75.41,CUST1156,Volta,Bank Transfer,Retail,0.07
2026-07-27,Mouse,Accessories,1,38.21,37.45,CUST1010,Northern,Cash,Retail,0.02
2026-07-27,Desk,Furniture,1,367.77,353.06,CUST1536,Central,Mobile Money,Retail,0.04
2026-07-28,Printer,Electronics,12,252.63,2485.88,CUST1523,Greater Accra,Cash,Wholesale,0.18
2026-07-28,Monitor,Electronics,4,468.06,1778.63,CUST1850,Ashanti,Mobile Money,Retail,0.05
2026-07-28,Monitor,Electronics,4,206.31,825.24,CUST1275,Central,Card,Retail,0.0
2026-07-28,Desk Lamp,Furniture,1,52.17,48.52,CUST1392,Bono,Mobile Money,Retail,0.07
2026-07-29,Bookshelf,Furniture,7,172.55,1062.91,CUST1529,Central,Bank Transfer,Wholesale,0.12
2026-07-29,USB Drive,Accessories,1,38.28,38.28,CUST1669,Greater Accra,Mobile Money,Retail,0.0
2026-07-30,Phone Case,Accessories,2,19.02,34.24,CUST1722,Eastern,Mobile Money,Retail,0.1
2026-07-30,Phone Case,Accessories,7,42.1,256.39,CUST1370,Greater Accra,Card,Wholesale,0.13
2026-07-30,Bookshelf,Furniture,1,231.13,221.88,CUST1526,Ashanti,Mobile Money,Retail,0.04
2026-07-30,Smartphone,Electronics,2,1072.58,1952.1,CUST1902,Western,Mobile Money,Retail,0.09
2026-07-30,Headphones,Electronics,10,177.6,1349.76,CUST1882,Greater Accra,Cash,Wholesale,0.24
2026-07-30,Desk Lamp,Furniture,1,67.29,58.54,CUST1061,Greater Accra,Cash,Wholesale,0.13
2026-08-01,Mouse,Accessories,9,37.07,283.59,CUST1135,Western,Card,Retail,0.15
2026-08-01,Keyboard,Accessories,3,102.58,301.59,CUST1585,Ashanti,Mobile Money,Retail,0.02
2026-08-02,Tablet,Electronics,4,214.36,754.55,CUST1170,Eastern,Mobile Money,Retail,0.12
2026-08-02,USB Drive,Accessories,15,30.69,359.07,CUST1143,Central,Bank Transfer,Wholesale,0.22
2026-08-02,Desk,Furniture,3,279.4,779.53,CUST1177,Greater Accra,Cash,Retail,0.07
2026-08-03,Office Chair,Furniture,1,255.32,232.34,CUST1777,Volta,Card,Retail,0.09
2026-08-03,Office Chair,Furniture,5,327.63,1589.01,CUST1318,Ashanti,Card,Retail,0.03
2026-08-04,Desk Lamp,Furniture,3,33.64,93.86,CUST1737,Bono,Card,Retail,0.07
2026-08-04,Desk,Furniture,12,424.28,5040.45,CUST1929,Central,Cash,Retail,0.01
2026-08-04,Desk Lamp,Furniture,1,39.32,34.21,CUST1909,Greater Accra,Mobile Money,Retail,0.13
2026-08-04,USB Drive,Accessories,1,38.78,38.39,CUST1303,Western,Cash,Retail,0.01
2026-08-04,Smartphone,Electronics,5,1128.95,4515.8,CUST1242,Greater Accra,Bank Transfer,Wholesale,0.2
2026-08-04,Headphones,Electronics,4,69.18,243.51,CUST1222,Central,Card,Retail,0.12
2026-08-05,Keyboard,Accessories,7,113.9,733.52,CUST1244,Greater Accra,Card,Retail,0.08
2026-08-05,Smartphone,Electronics,6,686.82,3667.62,CUST1709,Ashanti,Bank Transfer,Retail,0.11
2026-08-05,Phone Case,Accessories,3,33.29,77.9,CUST1833,Greater Accra,Mobile Money,Wholesale,0.22
2026-08-05,Mouse,Accessories,4,26.48,97.45,CUST1182,Greater Accra,Mobile Money,Retail,0.08
2026-08-05,Keyboard,Accessories,2,25.75,44.29,CUST1246,Ashanti,Cash,Retail,0.14
2026-08-05,Mouse,Accessories,1,15.33,13.64,CUST1902,Northern,Mobile Money,Retail,0.11
2026-08-06,Mouse,Accessories,1,44.55,41.88,CUST1057,Western,Cash,Retail,0.06
2026-08-06,Phone Case,Accessories,2,33.42,56.81,CUST1806,Ashanti,Cash,Retail,0.15
2026-08-06,Mouse,Accessories,2,35.95,61.83,CUST1896,Ashanti,Card,Retail,0.14
2026-08-06,Phone Case,Accessories,2,11.48,19.75,CUST1499,Greater Accra,Card,Retail,0.14
2026-08-06,Smartphone,Electronics,3,772.96,1994.24,CUST1139,Eastern,Mobile Money,Retail,0.14
2026-08-07,Printer,Electronics,5,184.91,887.57,CUST1330,Central,Cash,Retail,0.04
2026-08-08,Webcam,Electronics,7,147.44,908.23,CUST1080,Ashanti,Mobile Money,Wholesale,0.12
2026-08-09,Mouse,Accessories,4,43.46,149.5,CUST1495,Ashanti,Cash,Retail,0.14
2026-08-10,Printer,Electronics,2,406.83,805.52,CUST1774,Western,Mobile Money,Retail,0.01
2026-08-10,Keyboard,Accessories,1,53.41,48.07,CUST1860,Greater Accra,Mobile Money,Retail,0.1
2026-08-10,Headphones,Electronics,8,177.34,1205.91,CUST1884,Northern,Cash,Wholesale,0.15
2026-08-10,Headphones,Electronics,8,52.44,402.74,CUST1126,Greater Accra,Mobile Money,Retail,0.04
2026-08-11,Desk,Furniture,2,224.92,404.86,CUST1896,Western,Bank Transfer,Wholesale,0.1
2026-08-11,Phone Case,Accessories,1,36.08,36.08,CUST1831,Ashanti,Cash,Retail,0.0
2026-08-11,Headphones,Electronics,1,176.22,155.07,CUST1849,Bono,Card,Retail,0.12
2026-08-11,Tablet,Electronics,1,436.32,379.6,CUST1047,Ashanti,Bank Transfer,Retail,0.13
2026-08-11,USB Drive,Accessories,2,19.01,32.7,CUST1391,Volta,Mobile Money,Retail,0.14
2026-08-12,USB Drive,Accessories,11,11.18,100.84,CUST1570,Greater Accra,Mobile Money,Wholesale,0.18
2026-08-12,Monitor,Electronics,4,288.15,1002.76,CUST1116,Eastern,Mobile Money,Retail,0.13
2026-08-12,Mouse,Accessories,3,49.48,138.05,CUST1693,Bono,Mobile Money,Wholesale,0.07
2026-08-13,Tablet,Electronics,11,423.23,4050.31,CUST1945,Bono,Mobile Money,Wholesale,0.13
2026-08-13,Monitor,Electronics,2,403.96,719.05,CUST1199,Greater Accra,Mobile Money,Retail,0.11
2026-08-13,Printer,Electronics,4,361.43,1243.32,CUST1499,Ashanti,Bank Transfer,Retail,0.14
2026-08-14,Headphones,Electronics,2,86.07,165.25,CUST1738,Central,Bank Transfer,Retail,0.04
2026-08-14,Smartphone,Electronics,1,328.24,292.13,CUST1690,Ashanti,Mobile Money,Retail,0.11
2026-08-14,Keyboard,Accessories,3,110.74,299.0,CUST1682,Greater Accra,Bank Transfer,Retail,0.1
2026-08-14,USB Drive,Accessories,2,38.81,70.63,CUST1279,Bono,Card,Retail,0.09
2026-08-15,Desk Lamp,Furniture,3,28.09,75.0,CUST1366,Greater Accra,Card,Retail,0.11
2026-08-15,Mouse,Accessories,6,34.31,201.74,CUST1727,Greater Accra,Card,Retail,0.02
2026-08-16,USB Drive,Accessories,9,21.12,165.37,CUST1395,Greater Accra,Cash,Retail,0.13
2026-08-16,Office Chair,Furniture,10,136.82,1286.11,CUST1085,Volta,Mobile Money,Retail,0.06
2026-08-17,Webcam,Electronics,4,108.61,425.75,CUST1585,Volta,Card,Retail,0.02
2026-08-17,Phone Case,Accessories,1,33.3,30.64,CUST1874,Northern,Cash,Retail,0.08
2026-08-17,Mouse,Accessories,1,24.05,23.57,CUST1189,Central,Mobile Money,Retail,0.02
2026-08-17,Mouse,Accessories,2,21.83,42.35,CUST1299,Western,Cash,Retail,0.03
2026-08-18,Mouse,Accessories,4,46.7,175.59,CUST1770,Central,Mobile Money,Retail,0.06
2026-08-18,USB Drive,Accessories,5,17.43,68.85,CUST1119,Bono,Mobile Money,Wholesale,0.21
2026-08-18,USB Drive,Accessories,3,16.73,48.18,CUST1433,Greater Accra,Mobile Money,Retail,0.04
2026-08-19,Office Chair,Furniture,4,320.44,1166.4,CUST1601,Greater Accra,Cash,Wholesale,0.09
2026-08-19,Phone Case,Accessories,1,39.65,36.48,CUST1944,Greater Accra,Bank Transfer,Retail,0.08
2026-08-19,Monitor,Electronics,1,495.35,475.54,CUST1131,Ashanti,Mobile Money,Retail,0.04
2026-08-20,Webcam,Electronics,2,104.35,183.66,CUST1616,Greater Accra,Mobile Money,Retail,0.12
2026-08-20,Headphones,Electronics,1,54.41,50.6,CUST1516,Ashanti,Mobile Money,Retail,0.07
2026-08-20,Tablet,Electronics,1,529.68,460.82,CUST1351,Bono,Mobile Money,Retail,0.13
2026-08-21,Office Chair,Furniture,4,193.59,758.87,CUST1551,Ashanti,Card,Retail,0.02
2026-08-21,Webcam,Electronics,3,143.52,370.28,CUST1803,Western,Cash,Retail,0.14
2026-08-21,Desk,Furniture,1,582.4,576.58,CUST1456,Greater Accra,Mobile Money,Retail,0.01
2026-08-24,Webcam,Electronics,4,108.46,381.78,CUST1565,Bono,Mobile Money,Wholesale,0.12
2026-08-24,Desk,Furniture,1,193.92,191.98,CUST1311,Greater Accra,Cash,Retail,0.01
2026-08-24,USB Drive,Accessories,5,32.37,142.43,CUST1560,Greater Accra,Card,Retail,0.12
2026-08-25,USB Drive,Accessories,2,17.73,32.62,CUST1471,Bono,Card,Retail,0.08
2026-08-26,Phone Case,Accessories,1,35.35,32.88,CUST1033,Western,Mobile Money,Retail,0.07
2026-08-26,Monitor,Electronics,10,301.45,2682.91,CUST1392,Central,Mobile Money,Wholesale,0.11
2026-08-26,Desk,Furniture,4,211.59,820.97,CUST1155,Greater Accra,Bank Transfer,Retail,0.03
2026-08-26,USB Drive,Accessories,14,25.83,310.99,CUST1483,Central,Bank Transfer,Wholesale,0.14
2026-08-26,Desk Lamp,Furniture,3,67.96,163.1,CUST1703,Greater Accra,Bank Transfer,Wholesale,0.2
2026-08-27,Bookshelf,Furniture,3,162.89,454.46,CUST1720,Greater Accra,Card,Retail,0.07
2026-08-27,Mouse,Accessories,1,16.72,14.55,CUST1406,Western,Mobile Money,Retail,0.13
2026-08-27,Webcam,Electronics,4,79.57,276.9,CUST1942,Ashanti,Card,Retail,0.13
2026-08-27,USB Drive,Accessories,6,20.09,107.28,CUST1801,Ashanti,Mobile Money,Retail,0.11
2026-08-28,USB Drive,Accessories,3,20.9,54.55,CUST1607,Ashanti,Card,Retail,0.13
2026-08-28,Headphones,Electronics,4,66.82,229.86,CUST1288,Ashanti,Card,Retail,0.14
2026-08-28,Phone Case,Accessories,3,42.02,118.5,CUST1116,Central,Mobile Money,Retail,0.06
2026-08-29,Mouse,Accessories,2,44.96,78.23,CUST1107,Greater Accra,Bank Transfer,Retail,0.13
2026-08-29,Laptop,Electronics,2,1422.29,2304.11,CUST1300,Greater Accra,Mobile Money,Wholesale,0.19
2026-08-29,Laptop,Electronics,2,838.21,1542.31,CUST1501,Greater Accra,Mobile Money,Retail,0.08
2026-08-30,Smartphone,Electronics,2,629.91,1209.43,CUST1424,Greater Accra,Card,Retail,0.04
2026-08-31,Mouse,Accessories,4,44.74,153.91,CUST1080,Northern,Mobile Money,Retail,0.14
2026-08-31,Phone Case,Accessories,13,39.62,463.55,CUST1608,Ashanti,Bank Transfer,Retail,0.1
2026-08-31,Phone Case,Accessories,4,14.04,52.23,CUST1896,Northern,Cash,Retail,0.07
2026-08-31,Keyboard,Accessories,1,99.85,90.86,CUST1353,Northern,Mobile Money,Retail,0.09
2026-09-01,Phone Case,Accessories,1,14.36,12.49,CUST1489,Greater Accra,Cash,Retail,0.13
2026-09-01,Desk Lamp,Furniture,8,52.11,358.52,CUST1814,Greater Accra,Bank Transfer,Retail,0.14
2026-09-01,Phone Case,Accessories,3,34.41,90.84,CUST1144,Greater Accra,Mobile Money,Retail,0.12
2026-09-01,Mouse,Accessories,8,16.75,101.84,CUST1332,Ashanti,Bank Transfer,Wholesale,0.24
2026-09-01,Phone Case,Accessories,1,21.51,18.28,CUST1384,Greater Accra,Cash,Retail,0.15
2026-09-01,Monitor,Electronics,4,374.85,1409.44,CUST1916,Ashanti,Mobile Money,Retail,0.06
2026-09-02,Smartphone,Electronics,7,1149.39,6919.33,CUST1635,Ashanti,Card,Retail,0.14
2026-09-02,Office Chair,Furniture,8,325.64,2500.92,CUST1854,Greater Accra,Cash,Retail,0.04
2026-09-03,Mouse,Accessories,6,41.93,246.55,CUST1209,Eastern,Cash,Retail,0.02
2026-09-03,Bookshelf,Furniture,4,274.39,1020.73,CUST1332,Western,Card,Retail,0.07
2026-09-03,Phone Case,Accessories,1,39.63,37.65,CUST1357,Northern,Card,Retail,0.05
2026-09-04,Monitor,Electronics,2,205.92,354.18,CUST1315,Western,Card,Retail,0.14
2026-09-04,Mouse,Accessories,2,45.43,89.95,CUST1321,Ashanti,Card,Retail,0.01
2026-09-04,Desk,Furniture,2,499.96,929.93,CUST1275,Eastern,Mobile Money,Retail,0.07
2026-09-04,Laptop,Electronics,4,1005.78,3580.58,CUST1742,Eastern,Bank Transfer,Retail,0.11
2026-09-04,Webcam,Electronics,6,106.29,567.59,CUST1403,Greater Accra,Bank Transfer,Retail,0.11
2026-09-04,Laptop,Electronics,1,1256.34,1218.65,CUST1153,Central,Card,Retail,0.03
2026-09-04,Laptop,Electronics,6,807.07,4309.75,CUST1852,Greater Accra,Card,Retail,0.11
2026-09-05,Headphones,Electronics,3,151.95,419.38,CUST1439,Greater Accra,Cash,Retail,0.08
2026-09-05,Phone Case,Accessories,1,40.32,35.48,CUST1616,Ashanti,Bank Transfer,Retail,0.12
2026-09-05,Office Chair,Furniture,2,196.33,337.69,CUST1974,Eastern,Card,Retail,0.14
2026-09-06,Webcam,Electronics,2,161.6,284.42,CUST1021,Ashanti,Cash,Retail,0.12
2026-09-07,Smartphone,Electronics,4,351.31,1194.45,CUST1934,Greater Accra,Card,Retail,0.15
2026-09-07,Desk Lamp,Furniture,4,88.52,325.75,CUST1899,Greater Accra,Card,Retail,0.08
2026-09-07,Laptop,Electronics,4,931.47,2868.93,CUST1190,Northern,Mobile Money,Wholesale,0.23
2026-09-08,Keyboard,Accessories,2,63.88,113.71,CUST1876,Central,Mobile Money,Retail,0.11
2026-09-08,Phone Case,Accessories,10,34.97,314.73,CUST1199,Greater Accra,Card,Wholesale,0.1
2026-09-10,USB Drive,Accessories,2,16.69,30.38,CUST1564,Volta,Card,Wholesale,0.09
2026-09-10,Keyboard,Accessories,10,105.93,963.96,CUST1684,Ashanti,Mobile Money,Retail,0.09
2026-09-10,Mouse,Accessories,4,19.01,64.63,CUST1419,Bono,Mobile Money,Retail,0.15
2026-09-10,Phone Case,Accessories,15,13.58,175.18,CUST1554,Central,Mobile Money,Wholesale,0.14
2026-09-10,Phone Case,Accessories,4,26.18,90.06,CUST1541,Greater Accra,Cash,Retail,0.14
2026-09-10,Office Chair,Furniture,1,294.12,264.71,CUST1831,Central,Cash,Retail,0.1
2026-09-11,USB Drive,Accessories,1,13.66,11.61,CUST1484,Central,Card,Retail,0.15
2026-09-11,Desk,Furniture,3,339.55,865.85,CUST1190,Ashanti,Card,Retail,0.15
2026-09-12,Laptop,Electronics,5,1055.01,5169.55,CUST1281,Greater Accra,Mobile Money,Retail,0.02
2026-09-12,Webcam,Electronics,1,149.79,131.82,CUST1343,Ashanti,Mobile Money,Retail,0.12
2026-09-12,Printer,Electronics,2,292.71,497.61,CUST1688,Greater Accra,Mobile Money,Retail,0.15
2026-09-13,Webcam,Electronics,1,159.3,140.18,CUST1588,Ashanti,Mobile Money,Retail,0.12
2026-09-14,Office Chair,Furniture,3,289.29,763.73,CUST1097,Greater Accra,Mobile Money,Retail,0.12
2026-09-14,Smartphone,Electronics,3,499.27,1288.12,CUST1172,Greater Accra,Mobile Money,Retail,0.14
2026-09-14,Laptop,Electronics,1,1155.35,1074.48,CUST1373,Ashanti,Cash,Retail,0.07
2026-09-14,Laptop,Electronics,6,1431.31,7557.32,CUST1778,Ashanti,Card,Wholesale,0.12
2026-09-14,Mouse,Accessories,4,47.59,182.75,CUST1614,Eastern,Mobile Money,Retail,0.04
2026-09-15,Office Chair,Furniture,2,211.81,389.73,CUST1090,Eastern,Cash,Retail,0.08
2026-09-15,USB Drive,Accessories,2,31.48,57.29,CUST1801,Volta,Mobile Money,Retail,0.09
2026-09-15,USB Drive,Accessories,1,30.26,28.14,CUST1645,Western,Mobile Money,Retail,0.07
2026-09-15,Tablet,Electronics,3,495.96,1324.21,CUST1799,Western,Mobile Money,Retail,0.11
2026-09-16,Laptop,Electronics,4,1469.98,5821.12,CUST1754,Northern,Card,Retail,0.01
2026-09-16,Desk Lamp,Furniture,3,36.97,100.93,CUST1005,Volta,Mobile Money,Retail,0.09
